capture_id,report,date,radio,channel,edge,gain_mode,configured_gain_db,sample_rate_hz,capture_rms_rx0_dbfs,capture_rms_rx1_dbfs,track_count,dual_valid_track_count,strong_slope_track_count
ch1-lower-edge-narrow-20260811T045702Z,ch1-lower-edge-narrow-20260811T045702Z.json,2026-08-11,legacy-radio,1,lower,manual,50.0,2500000.0,-9.223823572786728,-11.137695865742113,0,0,0
ch1-lower-edge-narrow-pluto-19f2-20260811T050333Z,ch1-lower-edge-narrow-pluto-19f2-20260811T050333Z.json,2026-08-11,pluto-19f2,1,lower,slow_attack,,2500000.0,-12.716825616500797,-12.608096383545561,3,0,0
ch1-lower-edge-narrow-pluto-19f2-20260811T053133Z,ch1-lower-edge-narrow-pluto-19f2-20260811T053133Z.json,2026-08-11,pluto-19f2,1,lower,slow_attack,,2500000.0,-12.772521955661462,-12.278494008575688,1,1,1
ch1-lower-edge-narrow-pluto-19f2-20260811T055032Z,ch1-lower-edge-narrow-pluto-19f2-20260811T055032Z.json,2026-08-11,pluto-19f2,1,lower,manual,50.0,2500000.0,-8.318359459166064,-7.913023679971365,2,0,0
ch1-lower-edge-narrow-pluto-19f2-20260811T060059Z,ch1-lower-edge-narrow-pluto-19f2-20260811T060059Z.json,2026-08-11,pluto-19f2,1,lower,slow_attack,,2500000.0,-12.599126814328006,-12.6368702312353,3,0,0
ch1-lower-edge-narrow-pluto-19f2-20260811T060512Z,ch1-lower-edge-narrow-pluto-19f2-20260811T060512Z.json,2026-08-11,pluto-19f2,1,lower,manual,50.0,2500000.0,-8.36218767095475,-7.946165195347867,2,0,0
ch1-lower-edge-narrow-pluto-19f2-20260811T061954Z,ch1-lower-edge-narrow-pluto-19f2-20260811T061954Z.json,2026-08-11,pluto-19f2,1,lower,manual,50.0,2500000.0,-8.06071855028007,-7.485967232476232,2,0,0
ch1-lower-edge-narrow-pluto-19f2-20260811T063639Z,ch1-lower-edge-narrow-pluto-19f2-20260811T063639Z.json,2026-08-11,pluto-19f2,1,lower,manual,50.0,2500000.0,-8.423136838827618,-8.04469486877528,0,0,0
ch1-lower-edge-narrow-pluto-19f2-20260811T064254Z,ch1-lower-edge-narrow-pluto-19f2-20260811T064254Z.json,2026-08-11,pluto-19f2,1,lower,manual,50.0,2500000.0,-8.245639145474318,-7.85919543089506,4,0,0
ch1-lower-edge-narrow-pluto-19f2-20260811T070356Z,ch1-lower-edge-narrow-pluto-19f2-20260811T070356Z.json,2026-08-11,pluto-19f2,1,lower,manual,50.0,2500000.0,-8.306297439086157,-7.901863193564895,0,0,0
ch1-lower-edge-narrow-pluto-19f2-20260811T070805Z,ch1-lower-edge-narrow-pluto-19f2-20260811T070805Z.json,2026-08-11,pluto-19f2,1,lower,manual,50.0,2500000.0,-8.098742232267814,-7.653277333528184,1,1,1
ch1-lower-edge-narrow-pluto-19f2-20260811T072244Z,ch1-lower-edge-narrow-pluto-19f2-20260811T072244Z.json,2026-08-11,pluto-19f2,1,lower,manual,50.0,2500000.0,-8.32739212924394,-7.893170325456323,3,2,2
ch1-lower-edge-narrow-pluto-19f2-20260811T073104Z,ch1-lower-edge-narrow-pluto-19f2-20260811T073104Z.json,2026-08-11,pluto-19f2,1,lower,manual,50.0,2500000.0,-8.227203809029207,-7.831075103339721,0,0,0
ch1-lower-edge-narrow-pluto-19f2-20260811T073720Z,ch1-lower-edge-narrow-pluto-19f2-20260811T073720Z.json,2026-08-11,pluto-19f2,1,lower,manual,50.0,2500000.0,-8.096564007672942,-7.732186146787411,3,0,0
ch1-lower-edge-narrow-pluto-19f2-20260811T074746Z,ch1-lower-edge-narrow-pluto-19f2-20260811T074746Z.json,2026-08-11,pluto-19f2,1,lower,slow_attack,,2500000.0,-12.202109584258746,-12.768096791005663,0,0,0
ch1-lower-edge-narrow-pluto-19f2-20260811T075610Z,ch1-lower-edge-narrow-pluto-19f2-20260811T075610Z.json,2026-08-11,pluto-19f2,1,lower,manual,50.0,2500000.0,-8.169459817636206,-7.714974423306553,3,0,0
ch1-lower-edge-narrow-pluto-19f2-20260811T080432Z,ch1-lower-edge-narrow-pluto-19f2-20260811T080432Z.json,2026-08-11,pluto-19f2,1,lower,slow_attack,,2500000.0,-12.116258959908377,-12.639867627921706,3,0,0
ch1-lower-edge-narrow-pluto-19f2-20260811T082324Z,ch1-lower-edge-narrow-pluto-19f2-20260811T082324Z.json,2026-08-11,pluto-19f2,1,lower,slow_attack,,2500000.0,-12.228998000452272,-12.313748861715762,1,0,0
ch1-lower-edge-narrow-pluto-19f2-20260811T083559Z,ch1-lower-edge-narrow-pluto-19f2-20260811T083559Z.json,2026-08-11,pluto-19f2,1,lower,manual,50.0,2500000.0,-8.378342174068647,-7.915993643958002,0,0,0
ch1-lower-edge-narrow-pluto-19f2-20260811T084836Z,ch1-lower-edge-narrow-pluto-19f2-20260811T084836Z.json,2026-08-11,pluto-19f2,1,lower,slow_attack,,2500000.0,-12.18625409507811,-12.933128808791581,0,0,0
ch1-lower-edge-narrow-pluto-19f2-20260811T085903Z,ch1-lower-edge-narrow-pluto-19f2-20260811T085903Z.json,2026-08-11,pluto-19f2,1,lower,manual,50.0,2500000.0,-8.382153233451186,-7.9431003358313825,1,0,0
ch1-lower-edge-narrow-pluto-19f2-20260811T092207Z,ch1-lower-edge-narrow-pluto-19f2-20260811T092207Z.json,2026-08-11,pluto-19f2,1,lower,manual,50.0,2500000.0,-8.12606322067839,-7.686656483851012,3,0,0
ch1-lower-edge-narrow-pluto-19f2-20260811T093441Z,ch1-lower-edge-narrow-pluto-19f2-20260811T093441Z.json,2026-08-11,pluto-19f2,1,lower,slow_attack,,2500000.0,-12.14065437168175,-12.641462805626539,0,0,0
ch1-lower-edge-narrow-pluto-19f2-20260811T100157Z,ch1-lower-edge-narrow-pluto-19f2-20260811T100157Z.json,2026-08-11,pluto-19f2,1,lower,manual,50.0,2500000.0,-8.49820317212538,-8.04150477238205,1,0,0
ch1-lower-edge-narrow-pluto-19f2-20260811T101630Z,ch1-lower-edge-narrow-pluto-19f2-20260811T101630Z.json,2026-08-11,pluto-19f2,1,lower,slow_attack,,2500000.0,-12.304992774373266,-12.7413317710666,2,1,0
ch1-lower-edge-narrow-pluto-19f2-20260811T105203Z,ch1-lower-edge-narrow-pluto-19f2-20260811T105203Z.json,2026-08-11,pluto-19f2,1,lower,manual,50.0,2500000.0,-8.120995338342269,-7.642620915052465,3,3,1
ch1-lower-edge-narrow-pluto-19f2-20260811T112942Z,ch1-lower-edge-narrow-pluto-19f2-20260811T112942Z.json,2026-08-11,pluto-19f2,1,lower,manual,50.0,2500000.0,-8.423835926889945,-7.98509205327783,1,0,0
ch1-lower-edge-narrow-pluto-19f2-20260811T113803Z,ch1-lower-edge-narrow-pluto-19f2-20260811T113803Z.json,2026-08-11,pluto-19f2,1,lower,slow_attack,,2500000.0,-12.301395140215712,-12.71472989026962,4,4,1
ch1-lower-edge-narrow-pluto-19f2-20260811T114009Z,ch1-lower-edge-narrow-pluto-19f2-20260811T114009Z.json,2026-08-11,pluto-19f2,1,lower,slow_attack,,2500000.0,-12.293630574882277,-12.730848378545787,1,1,1
ch1-lower-edge-narrow-pluto-19f2-20260811T121136Z,ch1-lower-edge-narrow-pluto-19f2-20260811T121136Z.json,2026-08-11,pluto-19f2,1,lower,manual,50.0,2500000.0,-8.65237755078459,-8.223051885455318,0,0,0
ch1-lower-edge-narrow-pluto-19f2-20260811T122201Z,ch1-lower-edge-narrow-pluto-19f2-20260811T122201Z.json,2026-08-11,pluto-19f2,1,lower,manual,50.0,2500000.0,-8.202579666988484,-7.713812119056149,4,0,0
ch1-lower-edge-narrow-pluto-19f2-20260811T123229Z,ch1-lower-edge-narrow-pluto-19f2-20260811T123229Z.json,2026-08-11,pluto-19f2,1,lower,manual,50.0,2500000.0,-8.524257877673678,-8.11398134701605,0,0,0
ch1-lower-edge-narrow-pluto-19f2-20260811T125527Z,ch1-lower-edge-narrow-pluto-19f2-20260811T125527Z.json,2026-08-11,pluto-19f2,1,lower,slow_attack,,2500000.0,-12.375927284044742,-12.463045199833832,2,1,0
ch1-lower-edge-narrow-pluto-19f2-20260811T131215Z,ch1-lower-edge-narrow-pluto-19f2-20260811T131215Z.json,2026-08-11,pluto-19f2,1,lower,manual,50.0,2500000.0,-8.257289359843934,-7.724309064198302,2,0,0
ch1-lower-edge-narrow-pluto-19f2-20260811T135246Z,ch1-lower-edge-narrow-pluto-19f2-20260811T135246Z.json,2026-08-11,pluto-19f2,1,lower,slow_attack,,2500000.0,-12.312382269362264,-12.369387633682667,2,0,0
ch1-lower-edge-narrow-pluto-19f2-20260811T140722Z,ch1-lower-edge-narrow-pluto-19f2-20260811T140722Z.json,2026-08-11,pluto-19f2,1,lower,manual,50.0,2500000.0,-8.099383902162465,-7.638244443947013,4,0,0
ch1-lower-edge-narrow-pluto-19f2-20260811T140927Z,ch1-lower-edge-narrow-pluto-19f2-20260811T140927Z.json,2026-08-11,pluto-19f2,1,lower,slow_attack,,2500000.0,-12.332635323574799,-12.638539029508953,2,0,0
ch1-lower-edge-narrow-pluto-19f2-20260811T141752Z,ch1-lower-edge-narrow-pluto-19f2-20260811T141752Z.json,2026-08-11,pluto-19f2,1,lower,manual,50.0,2500000.0,-8.201884475497023,-7.7962099446630155,0,0,0
ch1-lower-edge-narrow-pluto-19f2-20260811T144048Z,ch1-lower-edge-narrow-pluto-19f2-20260811T144048Z.json,2026-08-11,pluto-19f2,1,lower,slow_attack,,2500000.0,-12.354556999695088,-12.612467489920425,3,0,0
ch1-lower-edge-narrow-pluto-19f2-20260811T144509Z,ch1-lower-edge-narrow-pluto-19f2-20260811T144509Z.json,2026-08-11,pluto-19f2,1,lower,slow_attack,,2500000.0,-12.191195457861765,-12.746188018579298,2,0,0
ch1-lower-edge-narrow-pluto-19f2-20260811T150835Z,ch1-lower-edge-narrow-pluto-19f2-20260811T150835Z.json,2026-08-11,pluto-19f2,1,lower,slow_attack,,2500000.0,-12.271653289868388,-12.923047124329479,0,0,0
ch1-lower-edge-narrow-pluto-19f2-20260811T151250Z,ch1-lower-edge-narrow-pluto-19f2-20260811T151250Z.json,2026-08-11,pluto-19f2,1,lower,manual,50.0,2500000.0,-8.110177168290129,-7.529278385655895,4,0,0
ch1-lower-edge-narrow-pluto-19f2-20260811T153552Z,ch1-lower-edge-narrow-pluto-19f2-20260811T153552Z.json,2026-08-11,pluto-19f2,1,lower,manual,50.0,2500000.0,-7.894725881490604,-7.282460238396293,6,1,0
ch1-lower-edge-narrow-pluto-19f2-20260811T153758Z,ch1-lower-edge-narrow-pluto-19f2-20260811T153758Z.json,2026-08-11,pluto-19f2,1,lower,slow_attack,,2500000.0,-12.644152652578903,-12.36046163170887,1,1,1
ch1-lower-edge-narrow-pluto-19f2-20260811T155712Z,ch1-lower-edge-narrow-pluto-19f2-20260811T155712Z.json,2026-08-11,pluto-19f2,1,lower,manual,50.0,2500000.0,-8.269342739624486,-7.704687661456401,0,0,0
ch1-lower-edge-narrow-pluto-19f2-20260811T160116Z,ch1-lower-edge-narrow-pluto-19f2-20260811T160116Z.json,2026-08-11,pluto-19f2,1,lower,slow_attack,,2500000.0,-12.175597182839137,-12.828225036371341,2,0,0
ch1-lower-edge-narrow-pluto-19f2-20260811T162130Z,ch1-lower-edge-narrow-pluto-19f2-20260811T162130Z.json,2026-08-11,pluto-19f2,1,lower,slow_attack,,2500000.0,-12.155948835153666,-12.678427105664671,1,1,1
ch1-lower-edge-narrow-pluto-19f2-20260811T164221Z,ch1-lower-edge-narrow-pluto-19f2-20260811T164221Z.json,2026-08-11,pluto-19f2,1,lower,slow_attack,,2500000.0,-12.282845442702852,-12.64179609006046,6,0,0
ch1-lower-edge-narrow-pluto-19f2-20260811T164838Z,ch1-lower-edge-narrow-pluto-19f2-20260811T164838Z.json,2026-08-11,pluto-19f2,1,lower,manual,50.0,2500000.0,-8.436652752655107,-7.911822406395668,0,0,0
ch1-lower-edge-narrow-pluto-19f2-20260811T165246Z,ch1-lower-edge-narrow-pluto-19f2-20260811T165246Z.json,2026-08-11,pluto-19f2,1,lower,slow_attack,,2500000.0,-12.437267157691474,-12.970838282005397,1,0,0
ch1-lower-edge-narrow-pluto-19f2-20260811T170519Z,ch1-lower-edge-narrow-pluto-19f2-20260811T170519Z.json,2026-08-11,pluto-19f2,1,lower,manual,50.0,2500000.0,-8.358408319416275,-7.831282843226202,4,0,0
ch1-lower-edge-narrow-pluto-19f2-20260811T170928Z,ch1-lower-edge-narrow-pluto-19f2-20260811T170928Z.json,2026-08-11,pluto-19f2,1,lower,manual,50.0,2500000.0,-8.2871653050979,-7.901363379030286,3,0,0
ch1-lower-edge-narrow-pluto-19f2-20260811T171541Z,ch1-lower-edge-narrow-pluto-19f2-20260811T171541Z.json,2026-08-11,pluto-19f2,1,lower,slow_attack,,2500000.0,-12.840506511058582,-12.586392334975356,2,0,0
ch1-lower-edge-narrow-pluto-19f2-20260811T171748Z,ch1-lower-edge-narrow-pluto-19f2-20260811T171748Z.json,2026-08-11,pluto-19f2,1,lower,manual,50.0,2500000.0,-8.203340925956299,-7.84803945185611,0,0,0
ch1-lower-edge-narrow-pluto-19f2-20260811T171953Z,ch1-lower-edge-narrow-pluto-19f2-20260811T171953Z.json,2026-08-11,pluto-19f2,1,lower,slow_attack,,2500000.0,-12.39814293914111,-12.31773235035331,4,0,0
ch1-lower-edge-narrow-pluto-19f2-20260811T173950Z,ch1-lower-edge-narrow-pluto-19f2-20260811T173950Z.json,2026-08-11,pluto-19f2,1,lower,slow_attack,,2500000.0,-12.516910300373624,-12.479133405887888,1,1,1
ch1-lower-edge-narrow-pluto-19f2-20260811T180932Z,ch1-lower-edge-narrow-pluto-19f2-20260811T180932Z.json,2026-08-11,pluto-19f2,1,lower,manual,50.0,2500000.0,-7.941739790610277,-7.6300193299286505,2,0,0
ch1-lower-edge-narrow-pluto-19f2-20260811T184933Z,ch1-lower-edge-narrow-pluto-19f2-20260811T184933Z.json,2026-08-11,pluto-19f2,1,lower,slow_attack,,2500000.0,-12.39414166725723,-12.569241497312484,1,1,1
ch1-lower-edge-narrow-pluto-19f2-20260811T185143Z,ch1-lower-edge-narrow-pluto-19f2-20260811T185143Z.json,2026-08-11,pluto-19f2,1,lower,slow_attack,,2500000.0,-12.64915348348554,-12.481009135807849,3,0,0
ch1-lower-edge-narrow-pluto-19f2-20260811T190004Z,ch1-lower-edge-narrow-pluto-19f2-20260811T190004Z.json,2026-08-11,pluto-19f2,1,lower,slow_attack,,2500000.0,-13.02273181917375,-12.577658057756295,4,2,0
ch1-lower-edge-narrow-pluto-19f2-20260811T190623Z,ch1-lower-edge-narrow-pluto-19f2-20260811T190623Z.json,2026-08-11,pluto-19f2,1,lower,slow_attack,,2500000.0,-12.664121396615066,-12.50346266790455,2,0,0
ch1-lower-edge-narrow-pluto-19f2-20260811T194034Z,ch1-lower-edge-narrow-pluto-19f2-20260811T194034Z.json,2026-08-11,pluto-19f2,1,lower,slow_attack,,2500000.0,-12.464851913511751,-12.384472441239026,2,0,0
ch1-lower-edge-narrow-pluto-19f2-20260811T200123Z,ch1-lower-edge-narrow-pluto-19f2-20260811T200123Z.json,2026-08-11,pluto-19f2,1,lower,manual,50.0,2500000.0,-7.8262223375698685,-7.268356781289822,3,3,2
ch1-lower-edge-narrow-pluto-19f2-20260811T212419Z,ch1-lower-edge-narrow-pluto-19f2-20260811T212419Z.json,2026-08-11,pluto-19f2,1,lower,slow_attack,,2500000.0,-12.629316195680133,-12.465081189736635,3,3,2
ch1-lower-edge-narrow-pluto-19f2-20260811T212805Z,ch1-lower-edge-narrow-pluto-19f2-20260811T212805Z.json,2026-08-11,pluto-19f2,1,lower,slow_attack,,2500000.0,-12.80763173375883,-12.52486374476141,1,1,1
ch1-lower-edge-narrow-pluto-19f2-20260811T213920Z,ch1-lower-edge-narrow-pluto-19f2-20260811T213920Z.json,2026-08-11,pluto-19f2,1,lower,slow_attack,,2500000.0,-13.06724916362562,-12.844828496076165,0,0,0
ch1-lower-edge-narrow-pluto-19f2-20260811T222739Z,ch1-lower-edge-narrow-pluto-19f2-20260811T222739Z.json,2026-08-11,pluto-19f2,1,lower,slow_attack,,2500000.0,-12.71668986666769,-12.525158152417212,6,1,0
ch1-lower-edge-narrow-pluto-19f2-20260811T232748Z,ch1-lower-edge-narrow-pluto-19f2-20260811T232748Z.json,2026-08-11,pluto-19f2,1,lower,manual,50.0,2500000.0,-7.875538563196725,-7.586554463244988,1,1,0
ch1-lower-edge-narrow-pluto-19f2-20260811T233132Z,ch1-lower-edge-narrow-pluto-19f2-20260811T233132Z.json,2026-08-11,pluto-19f2,1,lower,manual,50.0,2500000.0,-7.868770509098672,-7.569492064367658,3,0,0
ch1-lower-edge-narrow-pluto-19f2-20260811T235035Z,ch1-lower-edge-narrow-pluto-19f2-20260811T235035Z.json,2026-08-11,pluto-19f2,1,lower,manual,50.0,2500000.0,-7.7954892634285455,-7.471751911607633,1,1,1
ch1-lower-edge-narrow-pluto-19f2-20260812T001304Z,ch1-lower-edge-narrow-pluto-19f2-20260812T001304Z.json,2026-08-12,pluto-19f2,1,lower,manual,50.0,2500000.0,-7.816653155264245,-7.470776940543969,3,0,0
ch1-lower-edge-narrow-pluto-19f2-20260812T004316Z,ch1-lower-edge-narrow-pluto-19f2-20260812T004316Z.json,2026-08-12,pluto-19f2,1,lower,manual,50.0,2500000.0,-7.831248586705559,-7.512754117503892,2,0,0
ch1-lower-edge-narrow-pluto-19f2-20260812T012435Z,ch1-lower-edge-narrow-pluto-19f2-20260812T012435Z.json,2026-08-12,pluto-19f2,1,lower,manual,50.0,2500000.0,-7.696686351558373,-7.352842236222084,4,1,0
ch1-lower-edge-narrow-pluto-19f2-20260812T014726Z,ch1-lower-edge-narrow-pluto-19f2-20260812T014726Z.json,2026-08-12,pluto-19f2,1,lower,slow_attack,,2500000.0,-12.4316103241301,-12.413001365562703,1,1,1
ch1-lower-edge-narrow-pluto-19f2-20260812T020231Z,ch1-lower-edge-narrow-pluto-19f2-20260812T020231Z.json,2026-08-12,pluto-19f2,1,lower,slow_attack,,2500000.0,-12.527761614345678,-12.356623749961964,1,1,1
ch1-lower-edge-narrow-pluto-19f2-20260812T021347Z,ch1-lower-edge-narrow-pluto-19f2-20260812T021347Z.json,2026-08-12,pluto-19f2,1,lower,slow_attack,,2500000.0,-12.502554418047085,-12.442214633006985,1,1,0
ch1-lower-edge-narrow-pluto-19f2-20260812T025505Z,ch1-lower-edge-narrow-pluto-19f2-20260812T025505Z.json,2026-08-12,pluto-19f2,1,lower,manual,50.0,2500000.0,-7.427988212303496,-7.111566582482878,1,1,1
ch1-lower-edge-narrow-pluto-19f2-20260812T030233Z,ch1-lower-edge-narrow-pluto-19f2-20260812T030233Z.json,2026-08-12,pluto-19f2,1,lower,manual,50.0,2500000.0,-7.381060699365186,-7.079224197795374,1,1,0
ch1-lower-edge-narrow-pluto-19f2-20260812T034005Z,ch1-lower-edge-narrow-pluto-19f2-20260812T034005Z.json,2026-08-12,pluto-19f2,1,lower,slow_attack,,2500000.0,-12.55033671356301,-12.31455741604002,0,0,0
ch1-lower-edge-narrow-pluto-19f2-20260812T035121Z,ch1-lower-edge-narrow-pluto-19f2-20260812T035121Z.json,2026-08-12,pluto-19f2,1,lower,slow_attack,,2500000.0,-12.43926745911766,-12.358779352487765,0,0,0
ch1-lower-edge-narrow-pluto-19f2-20260812T035507Z,ch1-lower-edge-narrow-pluto-19f2-20260812T035507Z.json,2026-08-12,pluto-19f2,1,lower,slow_attack,,2500000.0,-12.374671252124623,-12.364296505516382,0,0,0
ch1-lower-edge-narrow-pluto-19f2-20260812T035853Z,ch1-lower-edge-narrow-pluto-19f2-20260812T035853Z.json,2026-08-12,pluto-19f2,1,lower,slow_attack,,2500000.0,-12.380183084069143,-12.23864040821634,1,1,1
ch1-lower-edge-narrow-pluto-19f2-20260812T044355Z,ch1-lower-edge-narrow-pluto-19f2-20260812T044355Z.json,2026-08-12,pluto-19f2,1,lower,slow_attack,,2500000.0,-12.526202842236874,-12.585456995463094,3,0,0
ch1-lower-edge-narrow-pluto-19f2-20260812T045520Z,ch1-lower-edge-narrow-pluto-19f2-20260812T045520Z.json,2026-08-12,pluto-19f2,1,lower,manual,50.0,2500000.0,-7.399717282561214,-7.095603747026558,1,1,1
ch1-lower-edge-narrow-pluto-19f2-20260812T052538Z,ch1-lower-edge-narrow-pluto-19f2-20260812T052538Z.json,2026-08-12,pluto-19f2,1,lower,slow_attack,,2500000.0,-12.581203879710019,-12.463937201861912,2,2,0
ch1-lower-edge-narrow-pluto-19f2-20260812T070747Z,ch1-lower-edge-narrow-pluto-19f2-20260812T070747Z.json,2026-08-12,pluto-19f2,1,lower,manual,50.0,2500000.0,-8.052832241719651,-7.6532518751839484,3,0,0
ch1-lower-edge-narrow-pluto-19f2-20260812T073807Z,ch1-lower-edge-narrow-pluto-19f2-20260812T073807Z.json,2026-08-12,pluto-19f2,1,lower,manual,50.0,2500000.0,-7.922467862711984,-7.402174208988901,1,1,1
ch1-lower-edge-narrow-pluto-19f2-20260812T074153Z,ch1-lower-edge-narrow-pluto-19f2-20260812T074153Z.json,2026-08-12,pluto-19f2,1,lower,slow_attack,,2500000.0,-12.118434397615253,-11.791575879693779,0,0,0
ch1-lower-edge-narrow-pluto-19f2-20260812T075320Z,ch1-lower-edge-narrow-pluto-19f2-20260812T075320Z.json,2026-08-12,pluto-19f2,1,lower,manual,50.0,2500000.0,-8.202067451659019,-7.8529982357245505,1,0,0
ch1-lower-edge-narrow-pluto-19f2-20260812T075706Z,ch1-lower-edge-narrow-pluto-19f2-20260812T075706Z.json,2026-08-12,pluto-19f2,1,lower,slow_attack,,2500000.0,-12.710550358059203,-12.6537591007725,1,1,0
ch1-lower-edge-narrow-pluto-19f2-20260812T080054Z,ch1-lower-edge-narrow-pluto-19f2-20260812T080054Z.json,2026-08-12,pluto-19f2,1,lower,manual,50.0,2500000.0,-7.764332448873821,-7.299575865236731,2,2,1
ch1-lower-edge-narrow-pluto-19f2-20260812T080440Z,ch1-lower-edge-narrow-pluto-19f2-20260812T080440Z.json,2026-08-12,pluto-19f2,1,lower,manual,50.0,2500000.0,-8.198530378473789,-7.822017810065374,2,0,0
ch1-lower-edge-narrow-pluto-19f2-20260812T090130Z,ch1-lower-edge-narrow-pluto-19f2-20260812T090130Z.json,2026-08-12,pluto-19f2,1,lower,manual,50.0,2500000.0,-7.96685894298411,-7.636408592983014,3,0,0
ch1-lower-edge-narrow-pluto-19f2-20260812T093146Z,ch1-lower-edge-narrow-pluto-19f2-20260812T093146Z.json,2026-08-12,pluto-19f2,1,lower,slow_attack,,2500000.0,-12.893743090216205,-12.543604180477539,1,1,0
ch1-lower-edge-narrow-pluto-19f2-20260812T095043Z,ch1-lower-edge-narrow-pluto-19f2-20260812T095043Z.json,2026-08-12,pluto-19f2,1,lower,slow_attack,,2500000.0,-12.576836332701438,-12.673585865973578,3,0,0
ch1-lower-edge-narrow-pluto-19f2-20260812T100206Z,ch1-lower-edge-narrow-pluto-19f2-20260812T100206Z.json,2026-08-12,pluto-19f2,1,lower,slow_attack,,2500000.0,-12.957569123198047,-12.628401313657179,2,0,0
ch1-lower-edge-narrow-pluto-19f2-20260812T101330Z,ch1-lower-edge-narrow-pluto-19f2-20260812T101330Z.json,2026-08-12,pluto-19f2,1,lower,slow_attack,,2500000.0,-12.656013000416706,-12.514712859812168,2,0,0
ch1-lower-edge-narrow-pluto-19f2-20260812T104350Z,ch1-lower-edge-narrow-pluto-19f2-20260812T104350Z.json,2026-08-12,pluto-19f2,1,lower,slow_attack,,2500000.0,-12.801967916882461,-12.595111468788275,2,2,2
ch1-lower-edge-narrow-pluto-19f2-20260812T111402Z,ch1-lower-edge-narrow-pluto-19f2-20260812T111402Z.json,2026-08-12,pluto-19f2,1,lower,manual,50.0,2500000.0,-8.089188585072451,-7.745809272921527,4,0,0
ch1-lower-edge-narrow-pluto-19f2-20260812T112908Z,ch1-lower-edge-narrow-pluto-19f2-20260812T112908Z.json,2026-08-12,pluto-19f2,1,lower,slow_attack,,2500000.0,-12.69166488010914,-12.387191727582978,0,0,0
ch1-lower-edge-narrow-pluto-19f2-20260812T115539Z,ch1-lower-edge-narrow-pluto-19f2-20260812T115539Z.json,2026-08-12,pluto-19f2,1,lower,slow_attack,,2500000.0,-12.621239695986752,-12.43427682163431,5,1,0
ch1-lower-edge-narrow-pluto-19f2-20260812T120703Z,ch1-lower-edge-narrow-pluto-19f2-20260812T120703Z.json,2026-08-12,pluto-19f2,1,lower,manual,50.0,2500000.0,-8.19399006922975,-7.864164145030048,1,0,0
ch1-lower-edge-narrow-pluto-19f2-20260812T124844Z,ch1-lower-edge-narrow-pluto-19f2-20260812T124844Z.json,2026-08-12,pluto-19f2,1,lower,manual,50.0,2500000.0,-8.173297792511791,-7.801206828784294,2,0,0
ch1-lower-edge-narrow-pluto-19f2-20260812T125230Z,ch1-lower-edge-narrow-pluto-19f2-20260812T125230Z.json,2026-08-12,pluto-19f2,1,lower,slow_attack,,2500000.0,-12.936932212544985,-12.620775160148073,1,1,1
ch1-lower-edge-narrow-pluto-19f2-20260812T125619Z,ch1-lower-edge-narrow-pluto-19f2-20260812T125619Z.json,2026-08-12,pluto-19f2,1,lower,slow_attack,,2500000.0,-12.686941903181253,-12.656233994044474,2,0,0
ch1-lower-edge-narrow-pluto-19f2-20260812T130743Z,ch1-lower-edge-narrow-pluto-19f2-20260812T130743Z.json,2026-08-12,pluto-19f2,1,lower,slow_attack,,2500000.0,-12.81774481223711,-12.532215537611664,3,0,0
ch1-lower-edge-narrow-pluto-19f2-20260812T131518Z,ch1-lower-edge-narrow-pluto-19f2-20260812T131518Z.json,2026-08-12,pluto-19f2,1,lower,slow_attack,,2500000.0,-12.647674808382114,-12.379944263164406,3,3,1
ch1-lower-edge-narrow-pluto-19f2-20260812T152805Z,ch1-lower-edge-narrow-pluto-19f2-20260812T152805Z.json,2026-08-12,pluto-19f2,1,lower,manual,50.0,2500000.0,-7.998843834932056,-7.436896025438962,4,0,0
ch1-lower-edge-narrow-pluto-19f2-20260812T153923Z,ch1-lower-edge-narrow-pluto-19f2-20260812T153923Z.json,2026-08-12,pluto-19f2,1,lower,manual,50.0,2500000.0,-7.983425768525619,-7.449574832372693,3,3,1
ch1-lower-edge-narrow-pluto-19f2-20260812T163241Z,ch1-lower-edge-narrow-pluto-19f2-20260812T163241Z.json,2026-08-12,pluto-19f2,1,lower,slow_attack,,2500000.0,-12.465338488672685,-12.630024507793289,4,4,3
ch1-lower-edge-narrow-pluto-19f2-20260812T194645Z,ch1-lower-edge-narrow-pluto-19f2-20260812T194645Z.json,2026-08-12,pluto-19f2,1,lower,manual,50.0,2500000.0,-8.090862540155387,-7.482160915719613,6,0,0
ch1-lower-edge-narrow-pluto-19f2-20260812T200612Z,ch1-lower-edge-narrow-pluto-19f2-20260812T200612Z.json,2026-08-12,pluto-19f2,1,lower,manual,50.0,2500000.0,-8.250485274291709,-7.76427192788881,1,0,0
ch1-lower-edge-narrow-pluto-19f2-20260812T204831Z,ch1-lower-edge-narrow-pluto-19f2-20260812T204831Z.json,2026-08-12,pluto-19f2,1,lower,manual,50.0,2500000.0,-7.877739278923385,-7.342068025022163,0,0,0
ch1-lower-edge-narrow-pluto-19f2-20260812T210409Z,ch1-lower-edge-narrow-pluto-19f2-20260812T210409Z.json,2026-08-12,pluto-19f2,1,lower,manual,50.0,2500000.0,-7.90830411083086,-7.385734870437761,5,0,0
ch1-lower-edge-narrow-pluto-19f2-20260812T210800Z,ch1-lower-edge-narrow-pluto-19f2-20260812T210800Z.json,2026-08-12,pluto-19f2,1,lower,slow_attack,,2500000.0,-13.074294224314373,-12.636314441742691,1,0,0
ch1-lower-edge-narrow-pluto-19f2-20260812T213856Z,ch1-lower-edge-narrow-pluto-19f2-20260812T213856Z.json,2026-08-12,pluto-19f2,1,lower,manual,50.0,2500000.0,-8.132551156880435,-7.654276526393806,3,0,0
ch1-lower-edge-narrow-pluto-19f2-20260812T214245Z,ch1-lower-edge-narrow-pluto-19f2-20260812T214245Z.json,2026-08-12,pluto-19f2,1,lower,manual,50.0,2500000.0,-7.802272740798019,-7.227114045058291,5,0,0
ch1-lower-edge-narrow-pluto-19f2-20260812T214634Z,ch1-lower-edge-narrow-pluto-19f2-20260812T214634Z.json,2026-08-12,pluto-19f2,1,lower,manual,50.0,2500000.0,-8.103099601331637,-7.641563043539435,1,0,0
ch1-lower-edge-narrow-pluto-19f2-20260812T215417Z,ch1-lower-edge-narrow-pluto-19f2-20260812T215417Z.json,2026-08-12,pluto-19f2,1,lower,slow_attack,,2500000.0,-12.70650017726111,-12.269848141834279,5,1,0
ch1-lower-edge-narrow-pluto-19f2-20260812T220951Z,ch1-lower-edge-narrow-pluto-19f2-20260812T220951Z.json,2026-08-12,pluto-19f2,1,lower,manual,50.0,2500000.0,-8.135081735220334,-7.601933444761919,4,0,0
ch1-lower-edge-narrow-pluto-19f2-20260812T224039Z,ch1-lower-edge-narrow-pluto-19f2-20260812T224039Z.json,2026-08-12,pluto-19f2,1,lower,slow_attack,,2500000.0,-12.859575977063859,-12.469011912295176,2,2,1
ch1-lower-edge-narrow-pluto-19f2-20260812T225955Z,ch1-lower-edge-narrow-pluto-19f2-20260812T225955Z.json,2026-08-12,pluto-19f2,1,lower,manual,50.0,2500000.0,-8.107684567312338,-7.69835923354713,0,0,0
ch1-lower-edge-narrow-pluto-19f2-20260813T003158Z,ch1-lower-edge-narrow-pluto-19f2-20260813T003158Z.json,2026-08-13,pluto-19f2,1,lower,manual,50.0,2500000.0,-7.701885563770679,-7.299556218888227,4,0,0
ch1-lower-edge-narrow-pluto-19f2-20260813T003937Z,ch1-lower-edge-narrow-pluto-19f2-20260813T003937Z.json,2026-08-13,pluto-19f2,1,lower,manual,50.0,2500000.0,-7.676636215670685,-7.253838923878961,5,0,0
ch1-lower-edge-narrow-pluto-19f2-20260813T013306Z,ch1-lower-edge-narrow-pluto-19f2-20260813T013306Z.json,2026-08-13,pluto-19f2,1,lower,manual,50.0,2500000.0,-7.840616718554645,-7.427513820645942,2,0,0
ch1-lower-edge-narrow-pluto-19f2-20260813T014434Z,ch1-lower-edge-narrow-pluto-19f2-20260813T014434Z.json,2026-08-13,pluto-19f2,1,lower,manual,50.0,2500000.0,-7.610768549335184,-7.216260323887269,2,2,1
ch1-lower-edge-narrow-pluto-19f2-20260813T024334Z,ch1-lower-edge-narrow-pluto-19f2-20260813T024334Z.json,2026-08-13,pluto-19f2,1,lower,slow_attack,,2500000.0,-12.47859786623498,-12.285588887903957,0,0,0
ch1-lower-edge-narrow-pluto-19f2-20260813T025525Z,ch1-lower-edge-narrow-pluto-19f2-20260813T025525Z.json,2026-08-13,pluto-19f2,1,lower,manual,50.0,2500000.0,-7.596408112492751,-7.232480559077339,2,0,0
ch1-lower-edge-narrow-pluto-19f2-20260813T032329Z,ch1-lower-edge-narrow-pluto-19f2-20260813T032329Z.json,2026-08-13,pluto-19f2,1,lower,manual,50.0,2500000.0,-7.767850271001509,-7.453710315334586,0,0,0
ch1-lower-edge-narrow-pluto-19f2-20260813T042222Z,ch1-lower-edge-narrow-pluto-19f2-20260813T042222Z.json,2026-08-13,pluto-19f2,1,lower,slow_attack,,2500000.0,-12.598135933477792,-12.493524704258023,2,2,1
ch1-lower-edge-narrow-pluto-19f2-20260813T042622Z,ch1-lower-edge-narrow-pluto-19f2-20260813T042622Z.json,2026-08-13,pluto-19f2,1,lower,slow_attack,,2500000.0,-12.64302652508678,-12.43650231917308,3,0,0
ch1-lower-edge-narrow-pluto-19f2-20260813T051454Z,ch1-lower-edge-narrow-pluto-19f2-20260813T051454Z.json,2026-08-13,pluto-19f2,1,lower,slow_attack,,2500000.0,-12.692980101231539,-12.520170887175095,0,0,0
ch1-lower-edge-narrow-pluto-19f2-20260813T055745Z,ch1-lower-edge-narrow-pluto-19f2-20260813T055745Z.json,2026-08-13,pluto-19f2,1,lower,slow_attack,,2500000.0,-12.596005541308188,-12.322149821272854,1,1,0
ch1-lower-edge-narrow-pluto-19f2-20260813T063651Z,ch1-lower-edge-narrow-pluto-19f2-20260813T063651Z.json,2026-08-13,pluto-19f2,1,lower,slow_attack,,2500000.0,-12.663940595860566,-12.428022217812146,4,0,0
ch1-lower-edge-narrow-pluto-19f2-20260813T081541Z,ch1-lower-edge-narrow-pluto-19f2-20260813T081541Z.json,2026-08-13,pluto-19f2,1,lower,slow_attack,,2500000.0,-12.60561645967283,-12.457725955326138,5,0,0
ch1-lower-edge-narrow-pluto-19f2-20260813T082744Z,ch1-lower-edge-narrow-pluto-19f2-20260813T082744Z.json,2026-08-13,pluto-19f2,1,lower,manual,50.0,2500000.0,-7.728160467482113,-7.490476953003594,1,1,1
ch1-lower-edge-narrow-pluto-19f2-20260813T091506Z,ch1-lower-edge-narrow-pluto-19f2-20260813T091506Z.json,2026-08-13,pluto-19f2,1,lower,manual,50.0,2500000.0,-7.63610765591994,-7.4370626335735945,1,0,0
ch1-lower-edge-narrow-pluto-19f2-20260813T102549Z,ch1-lower-edge-narrow-pluto-19f2-20260813T102549Z.json,2026-08-13,pluto-19f2,1,lower,manual,50.0,2500000.0,-7.947566684057341,-7.795175518785811,2,0,0
ch1-lower-edge-narrow-pluto-19f2-20260813T113656Z,ch1-lower-edge-narrow-pluto-19f2-20260813T113656Z.json,2026-08-13,pluto-19f2,1,lower,manual,50.0,2500000.0,-7.939013040978301,-7.779273748420619,1,0,0
ch1-lower-edge-narrow-pluto-19f2-20260813T121227Z,ch1-lower-edge-narrow-pluto-19f2-20260813T121227Z.json,2026-08-13,pluto-19f2,1,lower,slow_attack,,2500000.0,-12.33187401165403,-12.554618893094267,2,0,0
ch1-lower-edge-narrow-pluto-19f2-20260813T122824Z,ch1-lower-edge-narrow-pluto-19f2-20260813T122824Z.json,2026-08-13,pluto-19f2,1,lower,slow_attack,,2500000.0,-12.762407722449133,-12.656843459543712,2,0,0
ch1-lower-edge-narrow-pluto-19f2-20260813T123717Z,ch1-lower-edge-narrow-pluto-19f2-20260813T123717Z.json,2026-08-13,pluto-19f2,1,lower,manual,50.0,2500000.0,-7.829867689656873,-7.67814627439491,1,0,0
ch1-lower-edge-narrow-pluto-19f2-20260813T134723Z,ch1-lower-edge-narrow-pluto-19f2-20260813T134723Z.json,2026-08-13,pluto-19f2,1,lower,slow_attack,,2500000.0,-12.42145240982339,-12.370396892479059,1,1,1
ch1-lower-edge-narrow-pluto-19f2-20260813T150918Z,ch1-lower-edge-narrow-pluto-19f2-20260813T150918Z.json,2026-08-13,pluto-19f2,1,lower,manual,50.0,2500000.0,-7.256214739523483,-7.092479402111232,2,2,0
ch1-lower-edge-narrow-pluto-19f2-20260813T154051Z,ch1-lower-edge-narrow-pluto-19f2-20260813T154051Z.json,2026-08-13,pluto-19f2,1,lower,manual,50.0,2500000.0,-7.318118624842082,-7.082220595889402,2,2,1
ch1-lower-edge-narrow-pluto-19f2-20260813T160843Z,ch1-lower-edge-narrow-pluto-19f2-20260813T160843Z.json,2026-08-13,pluto-19f2,1,lower,manual,50.0,2500000.0,-7.7616624097617155,-7.550009720669932,4,0,0
ch1-lower-edge-narrow-pluto-19f2-20260813T162031Z,ch1-lower-edge-narrow-pluto-19f2-20260813T162031Z.json,2026-08-13,pluto-19f2,1,lower,manual,50.0,2500000.0,-7.822466182399571,-7.630441530197604,3,3,1
ch1-lower-edge-narrow-pluto-19f2-20260813T164824Z,ch1-lower-edge-narrow-pluto-19f2-20260813T164824Z.json,2026-08-13,pluto-19f2,1,lower,manual,50.0,2500000.0,-7.994623066613936,-7.785787345354246,7,0,0
ch1-lower-edge-narrow-pluto-19f2-20260813T172749Z,ch1-lower-edge-narrow-pluto-19f2-20260813T172749Z.json,2026-08-13,pluto-19f2,1,lower,slow_attack,,2500000.0,-12.576867186906714,-12.676168532206605,1,1,0
ch1-lower-edge-narrow-pluto-19f2-20260813T180255Z,ch1-lower-edge-narrow-pluto-19f2-20260813T180255Z.json,2026-08-13,pluto-19f2,1,lower,slow_attack,,2500000.0,-12.333024375297224,-12.436939745827917,1,1,1
ch1-lower-edge-narrow-pluto-19f2-20260813T185857Z,ch1-lower-edge-narrow-pluto-19f2-20260813T185857Z.json,2026-08-13,pluto-19f2,1,lower,manual,50.0,2500000.0,-7.833192001873046,-7.842171980706748,1,1,1
ch1-lower-edge-narrow-pluto-19f2-20260813T202130Z,ch1-lower-edge-narrow-pluto-19f2-20260813T202130Z.json,2026-08-13,pluto-19f2,1,lower,slow_attack,,2500000.0,-12.80561292724823,-12.901270931201601,5,0,0
ch1-lower-edge-narrow-pluto-19f2-20260813T205254Z,ch1-lower-edge-narrow-pluto-19f2-20260813T205254Z.json,2026-08-13,pluto-19f2,1,lower,slow_attack,,2500000.0,-12.518897183679298,-12.473307752870767,1,1,1
ch1-lower-edge-narrow-pluto-19f2-20260813T205656Z,ch1-lower-edge-narrow-pluto-19f2-20260813T205656Z.json,2026-08-13,pluto-19f2,1,lower,slow_attack,,2500000.0,-12.256972594529149,-12.247832507246494,2,2,1
ch1-lower-edge-narrow-pluto-19f2-20260813T210838Z,ch1-lower-edge-narrow-pluto-19f2-20260813T210838Z.json,2026-08-13,pluto-19f2,1,lower,manual,50.0,2500000.0,-8.406429876366484,-8.304870918390478,2,2,2
ch1-lower-edge-narrow-pluto-19f2-20260813T213949Z,ch1-lower-edge-narrow-pluto-19f2-20260813T213949Z.json,2026-08-13,pluto-19f2,1,lower,slow_attack,,2500000.0,-12.906493741019158,-12.715073403652553,1,1,1
ch1-lower-edge-narrow-pluto-19f2-20260813T221505Z,ch1-lower-edge-narrow-pluto-19f2-20260813T221505Z.json,2026-08-13,pluto-19f2,1,lower,slow_attack,,2500000.0,-12.64637925012223,-12.664794116704371,0,0,0
ch1-lower-edge-narrow-pluto-19f2-20260813T222314Z,ch1-lower-edge-narrow-pluto-19f2-20260813T222314Z.json,2026-08-13,pluto-19f2,1,lower,slow_attack,,2500000.0,-12.48605850702135,-12.788320178724204,4,0,0
ch1-lower-edge-narrow-pluto-19f2-20260813T225105Z,ch1-lower-edge-narrow-pluto-19f2-20260813T225105Z.json,2026-08-13,pluto-19f2,1,lower,manual,50.0,2500000.0,-7.868132500570484,-7.932583424045024,3,0,0
ch1-lower-edge-narrow-pluto-5d4d-20260811T052523Z,ch1-lower-edge-narrow-pluto-5d4d-20260811T052523Z.json,2026-08-11,pluto-5d4d,1,lower,manual,50.0,2500000.0,-25.054540514454207,-27.97737887503824,0,0,0
ch1-lower-edge-narrow-pluto-5d4d-20260811T055428Z,ch1-lower-edge-narrow-pluto-5d4d-20260811T055428Z.json,2026-08-11,pluto-5d4d,1,lower,manual,50.0,2500000.0,-24.67114757754322,-27.69521239447016,2,2,2
ch1-lower-edge-narrow-pluto-5d4d-20260811T061430Z,ch1-lower-edge-narrow-pluto-5d4d-20260811T061430Z.json,2026-08-11,pluto-5d4d,1,lower,slow_attack,,2500000.0,-12.235695179882933,-12.206018660117987,1,1,1
ch1-lower-edge-narrow-pluto-5d4d-20260811T062459Z,ch1-lower-edge-narrow-pluto-5d4d-20260811T062459Z.json,2026-08-11,pluto-5d4d,1,lower,slow_attack,,2500000.0,-12.215676253756813,-12.624075758549642,2,2,2
ch1-lower-edge-narrow-pluto-5d4d-20260811T064048Z,ch1-lower-edge-narrow-pluto-5d4d-20260811T064048Z.json,2026-08-11,pluto-5d4d,1,lower,manual,50.0,2500000.0,-24.994118975743106,-27.922626267390058,1,1,1
ch1-lower-edge-narrow-pluto-5d4d-20260811T064252Z,ch1-lower-edge-narrow-pluto-5d4d-20260811T064252Z.json,2026-08-11,pluto-5d4d,1,lower,slow_attack,,2500000.0,-12.34604331663268,-12.342653318336536,4,4,4
ch1-lower-edge-narrow-pluto-5d4d-20260811T071120Z,ch1-lower-edge-narrow-pluto-5d4d-20260811T071120Z.json,2026-08-11,pluto-5d4d,1,lower,manual,50.0,2500000.0,-25.07569355691157,-27.906427046074196,1,1,1
ch1-lower-edge-narrow-pluto-5d4d-20260811T075654Z,ch1-lower-edge-narrow-pluto-5d4d-20260811T075654Z.json,2026-08-11,pluto-5d4d,1,lower,slow_attack,,2500000.0,-12.212729487587895,-12.667234509124514,2,2,2
ch1-lower-edge-narrow-pluto-5d4d-20260811T075931Z,ch1-lower-edge-narrow-pluto-5d4d-20260811T075931Z.json,2026-08-11,pluto-5d4d,1,lower,manual,50.0,2500000.0,-25.00523012561117,-27.950699956227325,2,2,2
ch1-lower-edge-narrow-pluto-5d4d-20260811T083823Z,ch1-lower-edge-narrow-pluto-5d4d-20260811T083823Z.json,2026-08-11,pluto-5d4d,1,lower,slow_attack,,2500000.0,-12.844233157631882,-12.520739443662789,3,3,3
ch1-lower-edge-narrow-pluto-5d4d-20260811T084558Z,ch1-lower-edge-narrow-pluto-5d4d-20260811T084558Z.json,2026-08-11,pluto-5d4d,1,lower,slow_attack,,2500000.0,-12.461127546776565,-12.550885625979692,3,3,3
ch1-lower-edge-narrow-pluto-5d4d-20260811T084804Z,ch1-lower-edge-narrow-pluto-5d4d-20260811T084804Z.json,2026-08-11,pluto-5d4d,1,lower,manual,50.0,2500000.0,-25.08268776005396,-27.98181736650954,1,1,1
ch1-lower-edge-narrow-pluto-5d4d-20260811T094206Z,ch1-lower-edge-narrow-pluto-5d4d-20260811T094206Z.json,2026-08-11,pluto-5d4d,1,lower,manual,50.0,2500000.0,-24.521287772320413,-27.406401318193762,5,5,5
ch1-lower-edge-narrow-pluto-5d4d-20260811T095554Z,ch1-lower-edge-narrow-pluto-5d4d-20260811T095554Z.json,2026-08-11,pluto-5d4d,1,lower,slow_attack,,2500000.0,-12.551948986015944,-12.150697297596153,0,0,0
ch1-lower-edge-narrow-pluto-5d4d-20260811T102831Z,ch1-lower-edge-narrow-pluto-5d4d-20260811T102831Z.json,2026-08-11,pluto-5d4d,1,lower,slow_attack,,2500000.0,-12.466519311380866,-12.08919805258385,0,0,0
ch1-lower-edge-narrow-pluto-5d4d-20260811T103316Z,ch1-lower-edge-narrow-pluto-5d4d-20260811T103316Z.json,2026-08-11,pluto-5d4d,1,lower,slow_attack,,2500000.0,-12.990966994409149,-12.31782120933794,1,1,1
ch1-lower-edge-narrow-pluto-5d4d-20260811T103934Z,ch1-lower-edge-narrow-pluto-5d4d-20260811T103934Z.json,2026-08-11,pluto-5d4d,1,lower,manual,50.0,2500000.0,-25.218736965753948,-28.066058192809162,1,1,1
ch1-lower-edge-narrow-pluto-5d4d-20260811T104546Z,ch1-lower-edge-narrow-pluto-5d4d-20260811T104546Z.json,2026-08-11,pluto-5d4d,1,lower,slow_attack,,2500000.0,-12.380432063805147,-12.686211306820582,2,2,1
ch1-lower-edge-narrow-pluto-5d4d-20260811T110132Z,ch1-lower-edge-narrow-pluto-5d4d-20260811T110132Z.json,2026-08-11,pluto-5d4d,1,lower,manual,50.0,2500000.0,-25.257985611480915,-28.144625519655865,1,1,1
ch1-lower-edge-narrow-pluto-5d4d-20260811T110952Z,ch1-lower-edge-narrow-pluto-5d4d-20260811T110952Z.json,2026-08-11,pluto-5d4d,1,lower,manual,50.0,2500000.0,-25.161619310774633,-28.06572709097206,1,1,1
ch1-lower-edge-narrow-pluto-5d4d-20260811T115523Z,ch1-lower-edge-narrow-pluto-5d4d-20260811T115523Z.json,2026-08-11,pluto-5d4d,1,lower,slow_attack,,2500000.0,-12.5121779024236,-12.140914975269634,0,0,0
ch1-lower-edge-narrow-pluto-5d4d-20260811T121728Z,ch1-lower-edge-narrow-pluto-5d4d-20260811T121728Z.json,2026-08-11,pluto-5d4d,1,lower,slow_attack,,2500000.0,-12.851094587634782,-12.320470263978374,1,1,1
ch1-lower-edge-narrow-pluto-5d4d-20260811T123533Z,ch1-lower-edge-narrow-pluto-5d4d-20260811T123533Z.json,2026-08-11,pluto-5d4d,1,lower,slow_attack,,2500000.0,-12.537184827905964,-12.470760921108319,0,0,0
ch1-lower-edge-narrow-pluto-5d4d-20260811T125449Z,ch1-lower-edge-narrow-pluto-5d4d-20260811T125449Z.json,2026-08-11,pluto-5d4d,1,lower,manual,50.0,2500000.0,-24.924673707848125,-27.834564837178274,3,3,3
ch1-lower-edge-narrow-pluto-5d4d-20260811T130104Z,ch1-lower-edge-narrow-pluto-5d4d-20260811T130104Z.json,2026-08-11,pluto-5d4d,1,lower,manual,50.0,2500000.0,-24.928884194580196,-27.920877509393062,1,1,1
ch1-lower-edge-narrow-pluto-5d4d-20260811T132955Z,ch1-lower-edge-narrow-pluto-5d4d-20260811T132955Z.json,2026-08-11,pluto-5d4d,1,lower,slow_attack,,2500000.0,-12.401812602023188,-12.255553547422455,4,4,3
ch1-lower-edge-narrow-pluto-5d4d-20260811T133852Z,ch1-lower-edge-narrow-pluto-5d4d-20260811T133852Z.json,2026-08-11,pluto-5d4d,1,lower,slow_attack,,2500000.0,-12.81589446403139,-13.004959589770703,2,2,2
ch1-lower-edge-narrow-pluto-5d4d-20260811T134100Z,ch1-lower-edge-narrow-pluto-5d4d-20260811T134100Z.json,2026-08-11,pluto-5d4d,1,lower,manual,50.0,2500000.0,-25.15435788903168,-27.989098330778024,2,2,2
ch1-lower-edge-narrow-pluto-5d4d-20260811T140021Z,ch1-lower-edge-narrow-pluto-5d4d-20260811T140021Z.json,2026-08-11,pluto-5d4d,1,lower,manual,50.0,2500000.0,-25.169972509932613,-28.013872963440775,3,3,2
ch1-lower-edge-narrow-pluto-5d4d-20260811T141400Z,ch1-lower-edge-narrow-pluto-5d4d-20260811T141400Z.json,2026-08-11,pluto-5d4d,1,lower,manual,50.0,2500000.0,-24.84553320675085,-27.778347105541954,2,2,2
ch1-lower-edge-narrow-pluto-5d4d-20260811T142014Z,ch1-lower-edge-narrow-pluto-5d4d-20260811T142014Z.json,2026-08-11,pluto-5d4d,1,lower,manual,50.0,2500000.0,-25.202585257212384,-28.06692497898019,0,0,0
ch1-lower-edge-narrow-pluto-5d4d-20260811T142832Z,ch1-lower-edge-narrow-pluto-5d4d-20260811T142832Z.json,2026-08-11,pluto-5d4d,1,lower,slow_attack,,2500000.0,-12.75075867116373,-12.887594965303794,3,3,3
ch1-lower-edge-narrow-pluto-5d4d-20260811T145905Z,ch1-lower-edge-narrow-pluto-5d4d-20260811T145905Z.json,2026-08-11,pluto-5d4d,1,lower,slow_attack,,2500000.0,-12.264005608207682,-12.477972304392566,2,2,2
ch1-lower-edge-narrow-pluto-5d4d-20260811T150319Z,ch1-lower-edge-narrow-pluto-5d4d-20260811T150319Z.json,2026-08-11,pluto-5d4d,1,lower,slow_attack,,2500000.0,-12.26558590278146,-12.609585666124811,1,1,1
ch1-lower-edge-narrow-pluto-5d4d-20260811T152743Z,ch1-lower-edge-narrow-pluto-5d4d-20260811T152743Z.json,2026-08-11,pluto-5d4d,1,lower,manual,50.0,2500000.0,-24.775350701039667,-27.635952242324148,3,3,3
ch1-lower-edge-narrow-pluto-5d4d-20260811T154257Z,ch1-lower-edge-narrow-pluto-5d4d-20260811T154257Z.json,2026-08-11,pluto-5d4d,1,lower,manual,50.0,2500000.0,-25.20374410843305,-27.923020019092156,2,2,2
ch1-lower-edge-narrow-pluto-5d4d-20260811T154707Z,ch1-lower-edge-narrow-pluto-5d4d-20260811T154707Z.json,2026-08-11,pluto-5d4d,1,lower,manual,50.0,2500000.0,-24.986844662373922,-27.767586529397562,3,3,3
ch1-lower-edge-narrow-pluto-5d4d-20260811T161521Z,ch1-lower-edge-narrow-pluto-5d4d-20260811T161521Z.json,2026-08-11,pluto-5d4d,1,lower,manual,50.0,2500000.0,-25.369383096401187,-28.14014891444088,0,0,0
ch1-lower-edge-narrow-pluto-5d4d-20260811T163314Z,ch1-lower-edge-narrow-pluto-5d4d-20260811T163314Z.json,2026-08-11,pluto-5d4d,1,lower,slow_attack,,2500000.0,-12.542356724212123,-12.465406247749794,3,3,3
ch1-lower-edge-narrow-pluto-5d4d-20260811T163728Z,ch1-lower-edge-narrow-pluto-5d4d-20260811T163728Z.json,2026-08-11,pluto-5d4d,1,lower,slow_attack,,2500000.0,-12.484103504526123,-12.269363900792289,4,4,3
ch1-lower-edge-narrow-pluto-5d4d-20260811T163934Z,ch1-lower-edge-narrow-pluto-5d4d-20260811T163934Z.json,2026-08-11,pluto-5d4d,1,lower,manual,50.0,2500000.0,-24.927423458671804,-27.69758012539509,5,5,4
ch1-lower-edge-narrow-pluto-5d4d-20260811T164138Z,ch1-lower-edge-narrow-pluto-5d4d-20260811T164138Z.json,2026-08-11,pluto-5d4d,1,lower,manual,50.0,2500000.0,-25.09322588295737,-27.836862817256947,4,4,4
ch1-lower-edge-narrow-pluto-5d4d-20260811T171036Z,ch1-lower-edge-narrow-pluto-5d4d-20260811T171036Z.json,2026-08-11,pluto-5d4d,1,lower,slow_attack,,2500000.0,-12.404014337884623,-12.588017166119826,4,4,4
ch1-lower-edge-narrow-pluto-5d4d-20260811T171652Z,ch1-lower-edge-narrow-pluto-5d4d-20260811T171652Z.json,2026-08-11,pluto-5d4d,1,lower,slow_attack,,2500000.0,-12.494374801516187,-13.052007676337588,0,0,0
ch1-lower-edge-narrow-pluto-5d4d-20260811T173017Z,ch1-lower-edge-narrow-pluto-5d4d-20260811T173017Z.json,2026-08-11,pluto-5d4d,1,lower,manual,50.0,2500000.0,-24.812202255105564,-27.54715628511083,4,4,3
ch1-lower-edge-narrow-pluto-5d4d-20260811T175242Z,ch1-lower-edge-narrow-pluto-5d4d-20260811T175242Z.json,2026-08-11,pluto-5d4d,1,lower,slow_attack,,2500000.0,-12.173412651735458,-12.670421923044838,0,0,0
ch1-lower-edge-narrow-pluto-5d4d-20260811T181333Z,ch1-lower-edge-narrow-pluto-5d4d-20260811T181333Z.json,2026-08-11,pluto-5d4d,1,lower,manual,50.0,2500000.0,-24.797283677578697,-27.450120337152843,3,3,3
ch1-lower-edge-narrow-pluto-5d4d-20260811T182308Z,ch1-lower-edge-narrow-pluto-5d4d-20260811T182308Z.json,2026-08-11,pluto-5d4d,1,lower,manual,50.0,2500000.0,-25.00845034783073,-27.604284497066388,3,3,3
ch1-lower-edge-narrow-pluto-5d4d-20260811T183220Z,ch1-lower-edge-narrow-pluto-5d4d-20260811T183220Z.json,2026-08-11,pluto-5d4d,1,lower,manual,50.0,2500000.0,-25.439775068219586,-27.991442095214268,1,1,1
ch1-lower-edge-narrow-pluto-5d4d-20260811T184933Z,ch1-lower-edge-narrow-pluto-5d4d-20260811T184933Z.json,2026-08-11,pluto-5d4d,1,lower,slow_attack,,2500000.0,-12.576960443698074,-12.620797975257162,4,4,3
ch1-lower-edge-narrow-pluto-5d4d-20260811T185422Z,ch1-lower-edge-narrow-pluto-5d4d-20260811T185422Z.json,2026-08-11,pluto-5d4d,1,lower,manual,50.0,2500000.0,-24.84567053340394,-27.317373345235172,5,5,3
ch1-lower-edge-narrow-pluto-5d4d-20260811T194921Z,ch1-lower-edge-narrow-pluto-5d4d-20260811T194921Z.json,2026-08-11,pluto-5d4d,1,lower,slow_attack,,2500000.0,-12.978077387743276,-12.6659253395487,1,0,0
ch1-lower-edge-narrow-pluto-5d4d-20260811T201325Z,ch1-lower-edge-narrow-pluto-5d4d-20260811T201325Z.json,2026-08-11,pluto-5d4d,1,lower,slow_attack,,2500000.0,-12.30608431279581,-12.744269112819486,2,2,2
ch1-lower-edge-narrow-pluto-5d4d-20260811T203036Z,ch1-lower-edge-narrow-pluto-5d4d-20260811T203036Z.json,2026-08-11,pluto-5d4d,1,lower,slow_attack,,2500000.0,-12.35387434128381,-12.361868397774531,3,3,3
ch1-lower-edge-narrow-pluto-5d4d-20260811T204821Z,ch1-lower-edge-narrow-pluto-5d4d-20260811T204821Z.json,2026-08-11,pluto-5d4d,1,lower,slow_attack,,2500000.0,-12.869300993056225,-12.708265983612641,2,2,2
ch1-lower-edge-narrow-pluto-5d4d-20260811T211218Z,ch1-lower-edge-narrow-pluto-5d4d-20260811T211218Z.json,2026-08-11,pluto-5d4d,1,lower,manual,50.0,2500000.0,-25.327085202581806,-27.888098987793523,0,0,0
ch1-lower-edge-narrow-pluto-5d4d-20260811T211629Z,ch1-lower-edge-narrow-pluto-5d4d-20260811T211629Z.json,2026-08-11,pluto-5d4d,1,lower,manual,50.0,2500000.0,-25.12242901597949,-27.686358474138693,2,2,2
ch1-lower-edge-narrow-pluto-5d4d-20260811T213737Z,ch1-lower-edge-narrow-pluto-5d4d-20260811T213737Z.json,2026-08-11,pluto-5d4d,1,lower,slow_attack,,2500000.0,-12.882606373507153,-12.708885616833998,0,0,0
ch1-lower-edge-narrow-pluto-5d4d-20260811T220958Z,ch1-lower-edge-narrow-pluto-5d4d-20260811T220958Z.json,2026-08-11,pluto-5d4d,1,lower,slow_attack,,2500000.0,-12.30110110451895,-12.55745223767238,1,1,1
ch1-lower-edge-narrow-pluto-5d4d-20260811T221234Z,ch1-lower-edge-narrow-pluto-5d4d-20260811T221234Z.json,2026-08-11,pluto-5d4d,1,lower,slow_attack,,2500000.0,-12.333964111332437,-12.50256075414991,1,1,1
ch1-lower-edge-narrow-pluto-5d4d-20260811T221645Z,ch1-lower-edge-narrow-pluto-5d4d-20260811T221645Z.json,2026-08-11,pluto-5d4d,1,lower,manual,50.0,2500000.0,-24.947491635265607,-27.63372182549474,1,1,1
ch1-lower-edge-narrow-pluto-5d4d-20260811T222547Z,ch1-lower-edge-narrow-pluto-5d4d-20260811T222547Z.json,2026-08-11,pluto-5d4d,1,lower,slow_attack,,2500000.0,-12.245220654652904,-12.437137677899957,4,4,4
ch1-lower-edge-narrow-pluto-5d4d-20260811T231450Z,ch1-lower-edge-narrow-pluto-5d4d-20260811T231450Z.json,2026-08-11,pluto-5d4d,1,lower,slow_attack,,2500000.0,-12.563767479184092,-12.560040709936795,0,0,0
ch1-lower-edge-narrow-pluto-5d4d-20260811T231903Z,ch1-lower-edge-narrow-pluto-5d4d-20260811T231903Z.json,2026-08-11,pluto-5d4d,1,lower,slow_attack,,2500000.0,-12.54242450134148,-12.547689259947834,0,0,0
ch1-lower-edge-narrow-pluto-5d4d-20260811T234728Z,ch1-lower-edge-narrow-pluto-5d4d-20260811T234728Z.json,2026-08-11,pluto-5d4d,1,lower,slow_attack,,2500000.0,-12.25790559094738,-12.381995690688028,1,0,0
ch1-lower-edge-narrow-pluto-5d4d-20260812T000725Z,ch1-lower-edge-narrow-pluto-5d4d-20260812T000725Z.json,2026-08-12,pluto-5d4d,1,lower,manual,50.0,2500000.0,-24.682599866123248,-27.471732239593564,1,1,1
ch1-lower-edge-narrow-pluto-5d4d-20260812T002159Z,ch1-lower-edge-narrow-pluto-5d4d-20260812T002159Z.json,2026-08-12,pluto-5d4d,1,lower,manual,50.0,2500000.0,-24.644397020046824,-27.443322535000767,2,0,0
ch1-lower-edge-narrow-pluto-5d4d-20260812T012505Z,ch1-lower-edge-narrow-pluto-5d4d-20260812T012505Z.json,2026-08-12,pluto-5d4d,1,lower,slow_attack,,2500000.0,-12.367921708104074,-12.306628065518861,1,1,1
ch1-lower-edge-narrow-pluto-5d4d-20260812T013447Z,ch1-lower-edge-narrow-pluto-5d4d-20260812T013447Z.json,2026-08-12,pluto-5d4d,1,lower,manual,50.0,2500000.0,-24.542418048193646,-27.388836520053385,0,0,0
ch1-lower-edge-narrow-pluto-5d4d-20260812T014714Z,ch1-lower-edge-narrow-pluto-5d4d-20260812T014714Z.json,2026-08-12,pluto-5d4d,1,lower,slow_attack,,2500000.0,-12.515236317259228,-12.562915771767818,4,4,3
ch1-lower-edge-narrow-pluto-5d4d-20260812T021121Z,ch1-lower-edge-narrow-pluto-5d4d-20260812T021121Z.json,2026-08-12,pluto-5d4d,1,lower,manual,50.0,2500000.0,-24.082620137522873,-26.959818172580544,2,2,1
ch1-lower-edge-narrow-pluto-5d4d-20260812T022213Z,ch1-lower-edge-narrow-pluto-5d4d-20260812T022213Z.json,2026-08-12,pluto-5d4d,1,lower,slow_attack,,2500000.0,-13.140750676586512,-12.266595207060732,1,1,1
ch1-lower-edge-narrow-pluto-5d4d-20260812T023234Z,ch1-lower-edge-narrow-pluto-5d4d-20260812T023234Z.json,2026-08-12,pluto-5d4d,1,lower,slow_attack,,2500000.0,-13.027118520462643,-12.321565540648947,1,0,0
ch1-lower-edge-narrow-pluto-5d4d-20260812T024614Z,ch1-lower-edge-narrow-pluto-5d4d-20260812T024614Z.json,2026-08-12,pluto-5d4d,1,lower,manual,50.0,2500000.0,-24.472037192673604,-27.34133505081931,1,1,1
ch1-lower-edge-narrow-pluto-5d4d-20260812T025909Z,ch1-lower-edge-narrow-pluto-5d4d-20260812T025909Z.json,2026-08-12,pluto-5d4d,1,lower,manual,50.0,2500000.0,-24.43362239656668,-27.32208022489199,1,1,1
ch1-lower-edge-narrow-pluto-5d4d-20260812T032311Z,ch1-lower-edge-narrow-pluto-5d4d-20260812T032311Z.json,2026-08-12,pluto-5d4d,1,lower,slow_attack,,2500000.0,-12.283024097177172,-12.298175984303212,2,2,2
ch1-lower-edge-narrow-pluto-5d4d-20260812T032925Z,ch1-lower-edge-narrow-pluto-5d4d-20260812T032925Z.json,2026-08-12,pluto-5d4d,1,lower,slow_attack,,2500000.0,-12.81765388462434,-12.56612860908037,1,1,1
ch1-lower-edge-narrow-pluto-5d4d-20260812T034911Z,ch1-lower-edge-narrow-pluto-5d4d-20260812T034911Z.json,2026-08-12,pluto-5d4d,1,lower,manual,50.0,2500000.0,-24.285772922288757,-27.17163555943565,2,2,2
ch1-lower-edge-narrow-pluto-5d4d-20260812T041511Z,ch1-lower-edge-narrow-pluto-5d4d-20260812T041511Z.json,2026-08-12,pluto-5d4d,1,lower,manual,50.0,2500000.0,-24.097604159729627,-27.004938273124527,1,1,1
ch1-lower-edge-narrow-pluto-5d4d-20260812T042605Z,ch1-lower-edge-narrow-pluto-5d4d-20260812T042605Z.json,2026-08-12,pluto-5d4d,1,lower,manual,50.0,2500000.0,-24.468666935369164,-27.347624560838305,0,0,0
ch1-lower-edge-narrow-pluto-5d4d-20260812T043218Z,ch1-lower-edge-narrow-pluto-5d4d-20260812T043218Z.json,2026-08-12,pluto-5d4d,1,lower,manual,50.0,2500000.0,-24.447851788449448,-27.324492533020535,1,1,0
ch1-lower-edge-narrow-pluto-5d4d-20260812T044557Z,ch1-lower-edge-narrow-pluto-5d4d-20260812T044557Z.json,2026-08-12,pluto-5d4d,1,lower,slow_attack,,2500000.0,-12.076076753388405,-12.22095815339922,1,0,0
ch1-lower-edge-narrow-pluto-5d4d-20260812T050857Z,ch1-lower-edge-narrow-pluto-5d4d-20260812T050857Z.json,2026-08-12,pluto-5d4d,1,lower,slow_attack,,2500000.0,-12.722138768659992,-12.590665300189219,2,2,2
ch1-lower-edge-narrow-pluto-5d4d-20260812T053609Z,ch1-lower-edge-narrow-pluto-5d4d-20260812T053609Z.json,2026-08-12,pluto-5d4d,1,lower,manual,50.0,2500000.0,-23.923448005422564,-26.795224132391265,1,1,1
ch1-lower-edge-narrow-pluto-5d4d-20260812T061301Z,ch1-lower-edge-narrow-pluto-5d4d-20260812T061301Z.json,2026-08-12,pluto-5d4d,1,lower,slow_attack,,2500000.0,-12.465473343804112,-12.770802397287436,4,4,3
ch1-lower-edge-narrow-pluto-5d4d-20260812T064454Z,ch1-lower-edge-narrow-pluto-5d4d-20260812T064454Z.json,2026-08-12,pluto-5d4d,1,lower,manual,50.0,2500000.0,-25.13043449151472,-27.99720933885897,2,2,2
ch1-lower-edge-narrow-pluto-5d4d-20260812T070044Z,ch1-lower-edge-narrow-pluto-5d4d-20260812T070044Z.json,2026-08-12,pluto-5d4d,1,lower,manual,50.0,2500000.0,-25.152716758423928,-28.019017700170114,3,3,1
ch1-lower-edge-narrow-pluto-5d4d-20260812T073620Z,ch1-lower-edge-narrow-pluto-5d4d-20260812T073620Z.json,2026-08-12,pluto-5d4d,1,lower,manual,50.0,2500000.0,-25.01372674856602,-27.9319619304596,4,4,3
ch1-lower-edge-narrow-pluto-5d4d-20260812T074007Z,ch1-lower-edge-narrow-pluto-5d4d-20260812T074007Z.json,2026-08-12,pluto-5d4d,1,lower,manual,50.0,2500000.0,-24.85396332156647,-27.72233184248806,2,2,2
ch1-lower-edge-narrow-pluto-5d4d-20260812T075913Z,ch1-lower-edge-narrow-pluto-5d4d-20260812T075913Z.json,2026-08-12,pluto-5d4d,1,lower,slow_attack,,2500000.0,-12.57532262549337,-12.755643529985425,2,2,2
ch1-lower-edge-narrow-pluto-5d4d-20260812T081037Z,ch1-lower-edge-narrow-pluto-5d4d-20260812T081037Z.json,2026-08-12,pluto-5d4d,1,lower,slow_attack,,2500000.0,-12.648780110953837,-12.80144156838605,3,3,3
ch1-lower-edge-narrow-pluto-5d4d-20260812T085443Z,ch1-lower-edge-narrow-pluto-5d4d-20260812T085443Z.json,2026-08-12,pluto-5d4d,1,lower,slow_attack,,2500000.0,-12.314688631267206,-12.568499477502865,5,5,3
ch1-lower-edge-narrow-pluto-5d4d-20260812T091728Z,ch1-lower-edge-narrow-pluto-5d4d-20260812T091728Z.json,2026-08-12,pluto-5d4d,1,lower,slow_attack,,2500000.0,-12.614360905050203,-12.839116514089257,1,1,1
ch1-lower-edge-narrow-pluto-5d4d-20260812T095705Z,ch1-lower-edge-narrow-pluto-5d4d-20260812T095705Z.json,2026-08-12,pluto-5d4d,1,lower,manual,50.0,2500000.0,-25.023694731076706,-27.891497416821093,1,1,1
ch1-lower-edge-narrow-pluto-5d4d-20260812T102034Z,ch1-lower-edge-narrow-pluto-5d4d-20260812T102034Z.json,2026-08-12,pluto-5d4d,1,lower,slow_attack,,2500000.0,-12.531066421863905,-12.689270615840707,2,2,1
ch1-lower-edge-narrow-pluto-5d4d-20260812T110000Z,ch1-lower-edge-narrow-pluto-5d4d-20260812T110000Z.json,2026-08-12,pluto-5d4d,1,lower,slow_attack,,2500000.0,-12.07864262960818,-12.663339960043631,2,2,2
ch1-lower-edge-narrow-pluto-5d4d-20260812T112242Z,ch1-lower-edge-narrow-pluto-5d4d-20260812T112242Z.json,2026-08-12,pluto-5d4d,1,lower,slow_attack,,2500000.0,-12.31236562040062,-13.107538165007082,1,1,1
ch1-lower-edge-narrow-pluto-5d4d-20260812T120205Z,ch1-lower-edge-narrow-pluto-5d4d-20260812T120205Z.json,2026-08-12,pluto-5d4d,1,lower,manual,50.0,2500000.0,-25.191995012111867,-28.049742211647413,1,1,1
ch1-lower-edge-narrow-pluto-5d4d-20260812T124951Z,ch1-lower-edge-narrow-pluto-5d4d-20260812T124951Z.json,2026-08-12,pluto-5d4d,1,lower,manual,50.0,2500000.0,-25.07425965398712,-27.909138966858677,1,1,1
ch1-lower-edge-narrow-pluto-5d4d-20260812T130114Z,ch1-lower-edge-narrow-pluto-5d4d-20260812T130114Z.json,2026-08-12,pluto-5d4d,1,lower,manual,50.0,2500000.0,-24.979568648140994,-27.804081629462107,3,3,2
ch1-lower-edge-narrow-pluto-5d4d-20260812T141137Z,ch1-lower-edge-narrow-pluto-5d4d-20260812T141137Z.json,2026-08-12,pluto-5d4d,1,lower,slow_attack,,2500000.0,-12.491999937130577,-12.425742803939723,1,1,1
ch1-lower-edge-narrow-pluto-5d4d-20260812T141916Z,ch1-lower-edge-narrow-pluto-5d4d-20260812T141916Z.json,2026-08-12,pluto-5d4d,1,lower,manual,50.0,2500000.0,-25.032956148005145,-27.856729004397796,3,3,3
ch1-lower-edge-narrow-pluto-5d4d-20260812T142744Z,ch1-lower-edge-narrow-pluto-5d4d-20260812T142744Z.json,2026-08-12,pluto-5d4d,1,lower,slow_attack,,2500000.0,-12.547182841389644,-12.738087946749694,5,5,5
ch1-lower-edge-narrow-pluto-5d4d-20260812T143133Z,ch1-lower-edge-narrow-pluto-5d4d-20260812T143133Z.json,2026-08-12,pluto-5d4d,1,lower,slow_attack,,2500000.0,-12.765660154014785,-12.716967304323372,2,2,1
ch1-lower-edge-narrow-pluto-5d4d-20260812T143907Z,ch1-lower-edge-narrow-pluto-5d4d-20260812T143907Z.json,2026-08-12,pluto-5d4d,1,lower,manual,50.0,2500000.0,-25.23192338732641,-28.044291415690736,2,2,1
ch1-lower-edge-narrow-pluto-5d4d-20260812T153043Z,ch1-lower-edge-narrow-pluto-5d4d-20260812T153043Z.json,2026-08-12,pluto-5d4d,1,lower,slow_attack,,2500000.0,-12.655298027269502,-12.26282429652235,6,6,4
ch1-lower-edge-narrow-pluto-5d4d-20260812T153817Z,ch1-lower-edge-narrow-pluto-5d4d-20260812T153817Z.json,2026-08-12,pluto-5d4d,1,lower,manual,50.0,2500000.0,-24.97712083398557,-27.74578332134597,4,4,4
ch1-lower-edge-narrow-pluto-5d4d-20260812T160540Z,ch1-lower-edge-narrow-pluto-5d4d-20260812T160540Z.json,2026-08-12,pluto-5d4d,1,lower,manual,50.0,2500000.0,-25.45594594749238,-28.150593313180895,2,2,2
ch1-lower-edge-narrow-pluto-5d4d-20260812T161702Z,ch1-lower-edge-narrow-pluto-5d4d-20260812T161702Z.json,2026-08-12,pluto-5d4d,1,lower,slow_attack,,2500000.0,-12.637001378707161,-12.347969602342948,4,4,2
ch1-lower-edge-narrow-pluto-5d4d-20260812T162922Z,ch1-lower-edge-narrow-pluto-5d4d-20260812T162922Z.json,2026-08-12,pluto-5d4d,1,lower,slow_attack,,2500000.0,-12.671410370383958,-12.306063947351971,4,4,4
ch1-lower-edge-narrow-pluto-5d4d-20260812T170108Z,ch1-lower-edge-narrow-pluto-5d4d-20260812T170108Z.json,2026-08-12,pluto-5d4d,1,lower,manual,50.0,2500000.0,-25.943915635668272,-28.471737369139834,2,2,1
ch1-lower-edge-narrow-pluto-5d4d-20260812T173744Z,ch1-lower-edge-narrow-pluto-5d4d-20260812T173744Z.json,2026-08-12,pluto-5d4d,1,lower,slow_attack,,2500000.0,-12.30877243002515,-12.650944395598495,3,3,2
ch1-lower-edge-narrow-pluto-5d4d-20260812T182912Z,ch1-lower-edge-narrow-pluto-5d4d-20260812T182912Z.json,2026-08-12,pluto-5d4d,1,lower,manual,50.0,2500000.0,-25.597609616808505,-28.027924387567914,0,0,0
ch1-lower-edge-narrow-pluto-5d4d-20260812T184942Z,ch1-lower-edge-narrow-pluto-5d4d-20260812T184942Z.json,2026-08-12,pluto-5d4d,1,lower,manual,50.0,2500000.0,-25.489884998071254,-27.911605514368937,2,2,2
ch1-lower-edge-narrow-pluto-5d4d-20260812T193257Z,ch1-lower-edge-narrow-pluto-5d4d-20260812T193257Z.json,2026-08-12,pluto-5d4d,1,lower,slow_attack,,2500000.0,-12.61331409582272,-12.843222872095588,1,1,1
ch1-lower-edge-narrow-pluto-5d4d-20260812T202455Z,ch1-lower-edge-narrow-pluto-5d4d-20260812T202455Z.json,2026-08-12,pluto-5d4d,1,lower,manual,50.0,2500000.0,-25.31066549956023,-27.877996499883718,1,1,1
ch1-lower-edge-narrow-pluto-5d4d-20260812T204012Z,ch1-lower-edge-narrow-pluto-5d4d-20260812T204012Z.json,2026-08-12,pluto-5d4d,1,lower,slow_attack,,2500000.0,-12.420677992010848,-12.855897209598403,2,2,2
ch1-lower-edge-narrow-pluto-5d4d-20260812T204535Z,ch1-lower-edge-narrow-pluto-5d4d-20260812T204535Z.json,2026-08-12,pluto-5d4d,1,lower,manual,50.0,2500000.0,-25.055477676860264,-27.610679733809636,2,2,2
ch1-lower-edge-narrow-pluto-5d4d-20260812T214526Z,ch1-lower-edge-narrow-pluto-5d4d-20260812T214526Z.json,2026-08-12,pluto-5d4d,1,lower,slow_attack,,2500000.0,-12.814856706414853,-12.667288741122778,1,1,1
ch1-lower-edge-narrow-pluto-5d4d-20260812T220053Z,ch1-lower-edge-narrow-pluto-5d4d-20260812T220053Z.json,2026-08-12,pluto-5d4d,1,lower,slow_attack,,2500000.0,-12.4247373594152,-12.540021789325273,6,6,5
ch1-lower-edge-narrow-pluto-5d4d-20260812T220929Z,ch1-lower-edge-narrow-pluto-5d4d-20260812T220929Z.json,2026-08-12,pluto-5d4d,1,lower,slow_attack,,2500000.0,-12.397013271326605,-12.501928702942614,5,5,4
ch1-lower-edge-narrow-pluto-5d4d-20260812T221718Z,ch1-lower-edge-narrow-pluto-5d4d-20260812T221718Z.json,2026-08-12,pluto-5d4d,1,lower,slow_attack,,2500000.0,-12.329997149270309,-12.772267042937615,2,2,1
ch1-lower-edge-narrow-pluto-5d4d-20260813T005612Z,ch1-lower-edge-narrow-pluto-5d4d-20260813T005612Z.json,2026-08-13,pluto-5d4d,1,lower,manual,50.0,2500000.0,-24.717235988548516,-27.46797504141511,2,2,1
ch1-lower-edge-narrow-pluto-5d4d-20260813T010000Z,ch1-lower-edge-narrow-pluto-5d4d-20260813T010000Z.json,2026-08-13,pluto-5d4d,1,lower,manual,50.0,2500000.0,-24.75488737282625,-27.528192916752854,1,1,1
ch1-lower-edge-narrow-pluto-5d4d-20260813T011954Z,ch1-lower-edge-narrow-pluto-5d4d-20260813T011954Z.json,2026-08-13,pluto-5d4d,1,lower,manual,50.0,2500000.0,-24.675075691454968,-27.401801665328396,3,3,3
ch1-lower-edge-narrow-pluto-5d4d-20260813T020754Z,ch1-lower-edge-narrow-pluto-5d4d-20260813T020754Z.json,2026-08-13,pluto-5d4d,1,lower,manual,50.0,2500000.0,-24.324363931711325,-27.197109668499113,2,2,2
ch1-lower-edge-narrow-pluto-5d4d-20260813T022434Z,ch1-lower-edge-narrow-pluto-5d4d-20260813T022434Z.json,2026-08-13,pluto-5d4d,1,lower,slow_attack,,2500000.0,-12.233219138886607,-12.358336985175875,3,3,2
ch1-lower-edge-narrow-pluto-5d4d-20260813T034123Z,ch1-lower-edge-narrow-pluto-5d4d-20260813T034123Z.json,2026-08-13,pluto-5d4d,1,lower,slow_attack,,2500000.0,-12.485997831953966,-12.645474976684445,2,2,2
ch1-lower-edge-narrow-pluto-5d4d-20260813T035441Z,ch1-lower-edge-narrow-pluto-5d4d-20260813T035441Z.json,2026-08-13,pluto-5d4d,1,lower,manual,50.0,2500000.0,-24.282159549356418,-27.14768387556004,3,3,3
ch1-lower-edge-narrow-pluto-5d4d-20260813T042203Z,ch1-lower-edge-narrow-pluto-5d4d-20260813T042203Z.json,2026-08-13,pluto-5d4d,1,lower,manual,50.0,2500000.0,-24.568851304260463,-27.412462006396424,1,1,1
ch1-lower-edge-narrow-pluto-5d4d-20260813T043448Z,ch1-lower-edge-narrow-pluto-5d4d-20260813T043448Z.json,2026-08-13,pluto-5d4d,1,lower,slow_attack,,2500000.0,-12.394517060051907,-12.438118921952368,1,1,0
ch1-lower-edge-narrow-pluto-5d4d-20260813T043850Z,ch1-lower-edge-narrow-pluto-5d4d-20260813T043850Z.json,2026-08-13,pluto-5d4d,1,lower,manual,50.0,2500000.0,-24.152480440674022,-27.058856041056703,6,6,5
ch1-lower-edge-narrow-pluto-5d4d-20260813T051325Z,ch1-lower-edge-narrow-pluto-5d4d-20260813T051325Z.json,2026-08-13,pluto-5d4d,1,lower,slow_attack,,2500000.0,-26.759556053168705,-12.532463696137395,3,0,0
ch1-lower-edge-narrow-pluto-5d4d-20260813T062858Z,ch1-lower-edge-narrow-pluto-5d4d-20260813T062858Z.json,2026-08-13,pluto-5d4d,1,lower,slow_attack,,2500000.0,-29.029474302303733,-12.314154251773273,5,0,0
ch1-lower-edge-narrow-pluto-5d4d-20260813T071355Z,ch1-lower-edge-narrow-pluto-5d4d-20260813T071355Z.json,2026-08-13,pluto-5d4d,1,lower,manual,50.0,2500000.0,-50.18963126579504,-27.344182471798476,1,0,0
ch1-lower-edge-narrow-pluto-5d4d-20260813T072146Z,ch1-lower-edge-narrow-pluto-5d4d-20260813T072146Z.json,2026-08-13,pluto-5d4d,1,lower,slow_attack,,2500000.0,-29.20793183908833,-12.318812825656549,1,0,0
ch1-lower-edge-narrow-pluto-5d4d-20260813T074255Z,ch1-lower-edge-narrow-pluto-5d4d-20260813T074255Z.json,2026-08-13,pluto-5d4d,1,lower,slow_attack,,2500000.0,-29.164802825343166,-12.348750670920088,1,0,0
ch1-lower-edge-narrow-pluto-5d4d-20260813T081935Z,ch1-lower-edge-narrow-pluto-5d4d-20260813T081935Z.json,2026-08-13,pluto-5d4d,1,lower,manual,50.0,2500000.0,-50.232922290222305,-27.198518478417256,6,0,0
ch1-lower-edge-narrow-pluto-5d4d-20260813T084026Z,ch1-lower-edge-narrow-pluto-5d4d-20260813T084026Z.json,2026-08-13,pluto-5d4d,1,lower,manual,50.0,2500000.0,-50.08608286088556,-27.31935899841322,4,0,0
ch1-lower-edge-narrow-pluto-5d4d-20260813T094927Z,ch1-lower-edge-narrow-pluto-5d4d-20260813T094927Z.json,2026-08-13,pluto-5d4d,1,lower,slow_attack,,2500000.0,-26.988195769446904,-12.557718204964663,2,0,0
ch1-lower-edge-narrow-pluto-5d4d-20260813T102531Z,ch1-lower-edge-narrow-pluto-5d4d-20260813T102531Z.json,2026-08-13,pluto-5d4d,1,lower,slow_attack,,2500000.0,-28.067101156397804,-12.649744657929967,0,0,0
ch1-lower-edge-narrow-pluto-5d4d-20260813T104234Z,ch1-lower-edge-narrow-pluto-5d4d-20260813T104234Z.json,2026-08-13,pluto-5d4d,1,lower,slow_attack,,2500000.0,-28.432114098149608,-12.405706731745656,6,0,0
ch1-lower-edge-narrow-pluto-5d4d-20260813T105035Z,ch1-lower-edge-narrow-pluto-5d4d-20260813T105035Z.json,2026-08-13,pluto-5d4d,1,lower,manual,50.0,2500000.0,-50.124127509949105,-27.480851260939833,1,0,0
ch1-lower-edge-narrow-pluto-5d4d-20260813T110312Z,ch1-lower-edge-narrow-pluto-5d4d-20260813T110312Z.json,2026-08-13,pluto-5d4d,1,lower,manual,50.0,2500000.0,-49.4272059170228,-27.233763464345646,2,0,0
ch1-lower-edge-narrow-pluto-5d4d-20260813T111100Z,ch1-lower-edge-narrow-pluto-5d4d-20260813T111100Z.json,2026-08-13,pluto-5d4d,1,lower,manual,50.0,2500000.0,-48.93082522809671,-27.435196671824905,3,0,0
ch1-lower-edge-narrow-pluto-5d4d-20260813T111457Z,ch1-lower-edge-narrow-pluto-5d4d-20260813T111457Z.json,2026-08-13,pluto-5d4d,1,lower,slow_attack,,2500000.0,-26.119426364860892,-12.45809317585999,1,0,0
ch1-lower-edge-narrow-pluto-5d4d-20260813T111851Z,ch1-lower-edge-narrow-pluto-5d4d-20260813T111851Z.json,2026-08-13,pluto-5d4d,1,lower,manual,50.0,2500000.0,-49.36049201149258,-27.266938821994383,3,0,0
ch1-lower-edge-narrow-pluto-5d4d-20260813T121921Z,ch1-lower-edge-narrow-pluto-5d4d-20260813T121921Z.json,2026-08-13,pluto-5d4d,1,lower,manual,50.0,2500000.0,-50.20424504594274,-27.276304134466297,1,0,0
ch1-lower-edge-narrow-pluto-5d4d-20260813T132202Z,ch1-lower-edge-narrow-pluto-5d4d-20260813T132202Z.json,2026-08-13,pluto-5d4d,1,lower,manual,50.0,2500000.0,-50.16711356942312,-27.069554859990692,1,0,0
ch1-lower-edge-narrow-pluto-5d4d-20260813T140234Z,ch1-lower-edge-narrow-pluto-5d4d-20260813T140234Z.json,2026-08-13,pluto-5d4d,1,lower,manual,50.0,2500000.0,-50.164251652574364,-27.24162716552692,2,0,0
ch1-lower-edge-narrow-pluto-5d4d-20260813T141406Z,ch1-lower-edge-narrow-pluto-5d4d-20260813T141406Z.json,2026-08-13,pluto-5d4d,1,lower,slow_attack,,2500000.0,-29.110302708053837,-12.467573031543001,4,0,0
ch1-lower-edge-narrow-pluto-5d4d-20260813T162900Z,ch1-lower-edge-narrow-pluto-5d4d-20260813T162900Z.json,2026-08-13,pluto-5d4d,1,lower,slow_attack,,2500000.0,-28.439676571173223,-12.93759749891311,3,0,0
ch1-lower-edge-narrow-pluto-5d4d-20260813T164456Z,ch1-lower-edge-narrow-pluto-5d4d-20260813T164456Z.json,2026-08-13,pluto-5d4d,1,lower,slow_attack,,2500000.0,-28.600482828122225,-12.299564435828836,5,0,0
ch1-lower-edge-narrow-pluto-5d4d-20260813T173004Z,ch1-lower-edge-narrow-pluto-5d4d-20260813T173004Z.json,2026-08-13,pluto-5d4d,1,lower,slow_attack,,2500000.0,-29.201244914224212,-12.47335346954247,2,0,0
ch1-lower-edge-narrow-pluto-5d4d-20260813T181805Z,ch1-lower-edge-narrow-pluto-5d4d-20260813T181805Z.json,2026-08-13,pluto-5d4d,1,lower,slow_attack,,2500000.0,-29.1964401308972,-12.415157881638187,7,0,0
ch1-lower-edge-narrow-pluto-5d4d-20260813T182551Z,ch1-lower-edge-narrow-pluto-5d4d-20260813T182551Z.json,2026-08-13,pluto-5d4d,1,lower,manual,50.0,2500000.0,-50.224985853005265,-27.42415279201683,5,0,0
ch1-lower-edge-narrow-pluto-5d4d-20260813T183404Z,ch1-lower-edge-narrow-pluto-5d4d-20260813T183404Z.json,2026-08-13,pluto-5d4d,1,lower,manual,50.0,2500000.0,-50.232242997957385,-27.459020252034428,6,0,0
ch1-lower-edge-narrow-pluto-5d4d-20260813T192638Z,ch1-lower-edge-narrow-pluto-5d4d-20260813T192638Z.json,2026-08-13,pluto-5d4d,1,lower,manual,50.0,2500000.0,-30.727965581018903,-28.07147314582343,3,0,0
ch1-lower-edge-narrow-pluto-5d4d-20260813T194857Z,ch1-lower-edge-narrow-pluto-5d4d-20260813T194857Z.json,2026-08-13,pluto-5d4d,1,lower,slow_attack,,2500000.0,-12.250403673281141,-12.714233856292914,5,0,0
ch1-lower-edge-narrow-pluto-5d4d-20260813T201318Z,ch1-lower-edge-narrow-pluto-5d4d-20260813T201318Z.json,2026-08-13,pluto-5d4d,1,lower,slow_attack,,2500000.0,-12.176614448358407,-12.777846395567485,1,1,1
ch1-lower-edge-narrow-pluto-5d4d-20260813T203334Z,ch1-lower-edge-narrow-pluto-5d4d-20260813T203334Z.json,2026-08-13,pluto-5d4d,1,lower,manual,50.0,2500000.0,-30.56735053813266,-27.974165356956245,0,0,0
ch1-lower-edge-narrow-pluto-5d4d-20260813T221834Z,ch1-lower-edge-narrow-pluto-5d4d-20260813T221834Z.json,2026-08-13,pluto-5d4d,1,lower,manual,50.0,2500000.0,-30.068959465518414,-27.53664986762883,1,1,1
ch1-lower-edge-narrow-pluto-5d4d-20260813T224222Z,ch1-lower-edge-narrow-pluto-5d4d-20260813T224222Z.json,2026-08-13,pluto-5d4d,1,lower,manual,50.0,2500000.0,-30.228404428267268,-27.7540155843661,4,0,0
ch1-lower-edge-narrow-pluto-5d4d-20260813T225405Z,ch1-lower-edge-narrow-pluto-5d4d-20260813T225405Z.json,2026-08-13,pluto-5d4d,1,lower,manual,50.0,2500000.0,-30.15618260245073,-27.71149542157398,2,0,0
ch1-lower-edge-narrow-pluto-5d4d-20260813T230731Z,ch1-lower-edge-narrow-pluto-5d4d-20260813T230731Z.json,2026-08-13,pluto-5d4d,1,lower,slow_attack,,2500000.0,-12.546449047540078,-12.598231201814622,1,1,1
ch1-upper-edge-narrow-pluto-19f2-20260811T045700Z,ch1-upper-edge-narrow-pluto-19f2-20260811T045700Z.json,2026-08-11,pluto-19f2,1,upper,manual,50.0,2500000.0,-8.688725371773481,-7.676018011153763,3,0,0
ch1-upper-edge-narrow-pluto-19f2-20260811T054005Z,ch1-upper-edge-narrow-pluto-19f2-20260811T054005Z.json,2026-08-11,pluto-19f2,1,upper,manual,50.0,2500000.0,-8.8469145553994,-7.856137266098052,2,0,0
ch1-upper-edge-narrow-pluto-19f2-20260811T054210Z,ch1-upper-edge-narrow-pluto-19f2-20260811T054210Z.json,2026-08-11,pluto-19f2,1,upper,manual,50.0,2500000.0,-8.965246166744553,-7.99775389749088,1,0,0
ch1-upper-edge-narrow-pluto-19f2-20260811T055852Z,ch1-upper-edge-narrow-pluto-19f2-20260811T055852Z.json,2026-08-11,pluto-19f2,1,upper,slow_attack,,2500000.0,-12.422770400038418,-12.981873792650095,1,0,0
ch1-upper-edge-narrow-pluto-19f2-20260811T060923Z,ch1-upper-edge-narrow-pluto-19f2-20260811T060923Z.json,2026-08-11,pluto-19f2,1,upper,manual,50.0,2500000.0,-8.977988581512555,-8.035537440415476,1,0,0
ch1-upper-edge-narrow-pluto-19f2-20260811T061745Z,ch1-upper-edge-narrow-pluto-19f2-20260811T061745Z.json,2026-08-11,pluto-19f2,1,upper,slow_attack,,2500000.0,-12.275111879882022,-12.09850770836919,1,0,0
ch1-upper-edge-narrow-pluto-19f2-20260811T075159Z,ch1-upper-edge-narrow-pluto-19f2-20260811T075159Z.json,2026-08-11,pluto-19f2,1,upper,manual,50.0,2500000.0,-9.15809937841712,-8.252858554374711,1,0,0
ch1-upper-edge-narrow-pluto-19f2-20260811T091138Z,ch1-upper-edge-narrow-pluto-19f2-20260811T091138Z.json,2026-08-11,pluto-19f2,1,upper,manual,50.0,2500000.0,-9.248042957783788,-8.30422678648189,2,0,0
ch1-upper-edge-narrow-pluto-19f2-20260811T092002Z,ch1-upper-edge-narrow-pluto-19f2-20260811T092002Z.json,2026-08-11,pluto-19f2,1,upper,manual,50.0,2500000.0,-9.17930855887154,-8.298219660276915,2,0,0
ch1-upper-edge-narrow-pluto-19f2-20260811T094507Z,ch1-upper-edge-narrow-pluto-19f2-20260811T094507Z.json,2026-08-11,pluto-19f2,1,upper,slow_attack,,2500000.0,-12.346164709032417,-12.496012157387216,1,0,0
ch1-upper-edge-narrow-pluto-19f2-20260811T095126Z,ch1-upper-edge-narrow-pluto-19f2-20260811T095126Z.json,2026-08-11,pluto-19f2,1,upper,slow_attack,,2500000.0,-12.5912382896136,-12.563622523204089,3,0,0
ch1-upper-edge-narrow-pluto-19f2-20260811T101015Z,ch1-upper-edge-narrow-pluto-19f2-20260811T101015Z.json,2026-08-11,pluto-19f2,1,upper,manual,50.0,2500000.0,-9.280968156943185,-8.338457485231398,1,0,0
ch1-upper-edge-narrow-pluto-19f2-20260811T101426Z,ch1-upper-edge-narrow-pluto-19f2-20260811T101426Z.json,2026-08-11,pluto-19f2,1,upper,manual,50.0,2500000.0,-9.228232857883416,-8.271600429780783,1,0,0
ch1-upper-edge-narrow-pluto-19f2-20260811T105612Z,ch1-upper-edge-narrow-pluto-19f2-20260811T105612Z.json,2026-08-11,pluto-19f2,1,upper,manual,50.0,2500000.0,-9.310206157198321,-8.42114774562477,0,0,0
ch1-upper-edge-narrow-pluto-19f2-20260811T105816Z,ch1-upper-edge-narrow-pluto-19f2-20260811T105816Z.json,2026-08-11,pluto-19f2,1,upper,manual,50.0,2500000.0,-9.24754810661897,-8.353766268329613,1,0,0
ch1-upper-edge-narrow-pluto-19f2-20260811T110431Z,ch1-upper-edge-narrow-pluto-19f2-20260811T110431Z.json,2026-08-11,pluto-19f2,1,upper,slow_attack,,2500000.0,-12.313695479657191,-12.14836570122144,0,0,0
ch1-upper-edge-narrow-pluto-19f2-20260811T111254Z,ch1-upper-edge-narrow-pluto-19f2-20260811T111254Z.json,2026-08-11,pluto-19f2,1,upper,slow_attack,,2500000.0,-12.518384266191696,-12.64679911325018,2,2,0
ch1-upper-edge-narrow-pluto-19f2-20260811T113556Z,ch1-upper-edge-narrow-pluto-19f2-20260811T113556Z.json,2026-08-11,pluto-19f2,1,upper,slow_attack,,2500000.0,-12.252140931088103,-12.186821462853372,2,1,0
ch1-upper-edge-narrow-pluto-19f2-20260811T115902Z,ch1-upper-edge-narrow-pluto-19f2-20260811T115902Z.json,2026-08-11,pluto-19f2,1,upper,slow_attack,,2500000.0,-12.301272630944913,-12.206543765246177,1,0,0
ch1-upper-edge-narrow-pluto-19f2-20260811T121750Z,ch1-upper-edge-narrow-pluto-19f2-20260811T121750Z.json,2026-08-11,pluto-19f2,1,upper,slow_attack,,2500000.0,-12.309261498120922,-12.11466416540883,0,0,0
ch1-upper-edge-narrow-pluto-19f2-20260811T121956Z,ch1-upper-edge-narrow-pluto-19f2-20260811T121956Z.json,2026-08-11,pluto-19f2,1,upper,manual,50.0,2500000.0,-9.195083533223192,-8.279076163528758,1,0,0
ch1-upper-edge-narrow-pluto-19f2-20260811T122405Z,ch1-upper-edge-narrow-pluto-19f2-20260811T122405Z.json,2026-08-11,pluto-19f2,1,upper,slow_attack,,2500000.0,-12.70865850879944,-12.74352248075515,2,0,0
ch1-upper-edge-narrow-pluto-19f2-20260811T122611Z,ch1-upper-edge-narrow-pluto-19f2-20260811T122611Z.json,2026-08-11,pluto-19f2,1,upper,manual,50.0,2500000.0,-9.185396542717946,-8.234011463780377,2,0,0
ch1-upper-edge-narrow-pluto-19f2-20260811T124705Z,ch1-upper-edge-narrow-pluto-19f2-20260811T124705Z.json,2026-08-11,pluto-19f2,1,upper,slow_attack,,2500000.0,-12.237220823355406,-12.040386503362594,1,0,0
ch1-upper-edge-narrow-pluto-19f2-20260811T125118Z,ch1-upper-edge-narrow-pluto-19f2-20260811T125118Z.json,2026-08-11,pluto-19f2,1,upper,manual,50.0,2500000.0,-9.237485520981497,-8.327364478899357,1,0,0
ch1-upper-edge-narrow-pluto-19f2-20260811T132902Z,ch1-upper-edge-narrow-pluto-19f2-20260811T132902Z.json,2026-08-11,pluto-19f2,1,upper,slow_attack,,2500000.0,-12.103815879307497,-12.710402368343024,2,0,0
ch1-upper-edge-narrow-pluto-19f2-20260811T133108Z,ch1-upper-edge-narrow-pluto-19f2-20260811T133108Z.json,2026-08-11,pluto-19f2,1,upper,slow_attack,,2500000.0,-12.198751527489106,-12.012348942752684,1,0,0
ch1-upper-edge-narrow-pluto-19f2-20260811T133811Z,ch1-upper-edge-narrow-pluto-19f2-20260811T133811Z.json,2026-08-11,pluto-19f2,1,upper,manual,50.0,2500000.0,-9.07362115599915,-8.182617063362617,1,0,0
ch1-upper-edge-narrow-pluto-19f2-20260811T134222Z,ch1-upper-edge-narrow-pluto-19f2-20260811T134222Z.json,2026-08-11,pluto-19f2,1,upper,slow_attack,,2500000.0,-12.224074054255695,-13.172262856554797,1,0,0
ch1-upper-edge-narrow-pluto-19f2-20260811T140518Z,ch1-upper-edge-narrow-pluto-19f2-20260811T140518Z.json,2026-08-11,pluto-19f2,1,upper,manual,50.0,2500000.0,-9.134110869515652,-8.216100139684539,1,0,0
ch1-upper-edge-narrow-pluto-19f2-20260811T142612Z,ch1-upper-edge-narrow-pluto-19f2-20260811T142612Z.json,2026-08-11,pluto-19f2,1,upper,manual,50.0,2500000.0,-9.019387841488433,-8.154229957991042,3,0,0
ch1-upper-edge-narrow-pluto-19f2-20260811T143021Z,ch1-upper-edge-narrow-pluto-19f2-20260811T143021Z.json,2026-08-11,pluto-19f2,1,upper,manual,50.0,2500000.0,-9.131968075219138,-8.21785951174377,1,0,0
ch1-upper-edge-narrow-pluto-19f2-20260811T144927Z,ch1-upper-edge-narrow-pluto-19f2-20260811T144927Z.json,2026-08-11,pluto-19f2,1,upper,manual,50.0,2500000.0,-8.779266889154913,-7.770434304802065,5,0,0
ch1-upper-edge-narrow-pluto-19f2-20260811T145800Z,ch1-upper-edge-narrow-pluto-19f2-20260811T145800Z.json,2026-08-11,pluto-19f2,1,upper,slow_attack,,2500000.0,-12.832060951848757,-13.009212080232517,3,0,0
ch1-upper-edge-narrow-pluto-19f2-20260811T151906Z,ch1-upper-edge-narrow-pluto-19f2-20260811T151906Z.json,2026-08-11,pluto-19f2,1,upper,manual,50.0,2500000.0,-8.978953038329529,-8.077527469960526,1,0,0
ch1-upper-edge-narrow-pluto-19f2-20260811T152319Z,ch1-upper-edge-narrow-pluto-19f2-20260811T152319Z.json,2026-08-11,pluto-19f2,1,upper,slow_attack,,2500000.0,-12.550123092433484,-12.727637249960937,4,0,0
ch1-upper-edge-narrow-pluto-19f2-20260811T153141Z,ch1-upper-edge-narrow-pluto-19f2-20260811T153141Z.json,2026-08-11,pluto-19f2,1,upper,manual,50.0,2500000.0,-8.912337328201685,-7.872725048441735,4,0,0
ch1-upper-edge-narrow-pluto-19f2-20260811T160323Z,ch1-upper-edge-narrow-pluto-19f2-20260811T160323Z.json,2026-08-11,pluto-19f2,1,upper,manual,50.0,2500000.0,-8.508784656968837,-7.493211718753718,5,1,0
ch1-upper-edge-narrow-pluto-19f2-20260811T165042Z,ch1-upper-edge-narrow-pluto-19f2-20260811T165042Z.json,2026-08-11,pluto-19f2,1,upper,manual,50.0,2500000.0,-9.19711179223234,-8.191141965355786,3,0,0
ch1-upper-edge-narrow-pluto-19f2-20260811T170313Z,ch1-upper-edge-narrow-pluto-19f2-20260811T170313Z.json,2026-08-11,pluto-19f2,1,upper,slow_attack,,2500000.0,-12.306883328250828,-12.45533246995371,3,0,0
ch1-upper-edge-narrow-pluto-19f2-20260811T173524Z,ch1-upper-edge-narrow-pluto-19f2-20260811T173524Z.json,2026-08-11,pluto-19f2,1,upper,manual,50.0,2500000.0,-8.727815047278288,-7.97982169851381,1,0,0
ch1-upper-edge-narrow-pluto-19f2-20260811T175438Z,ch1-upper-edge-narrow-pluto-19f2-20260811T175438Z.json,2026-08-11,pluto-19f2,1,upper,slow_attack,,2500000.0,-12.192680593026102,-12.564271593049535,4,1,0
ch1-upper-edge-narrow-pluto-19f2-20260811T183614Z,ch1-upper-edge-narrow-pluto-19f2-20260811T183614Z.json,2026-08-11,pluto-19f2,1,upper,manual,50.0,2500000.0,-8.962282333285033,-8.253387260064054,0,0,0
ch1-upper-edge-narrow-pluto-19f2-20260811T183825Z,ch1-upper-edge-narrow-pluto-19f2-20260811T183825Z.json,2026-08-11,pluto-19f2,1,upper,manual,50.0,2500000.0,-8.83053045883737,-8.075749996322134,2,0,0
ch1-upper-edge-narrow-pluto-19f2-20260811T184031Z,ch1-upper-edge-narrow-pluto-19f2-20260811T184031Z.json,2026-08-11,pluto-19f2,1,upper,manual,50.0,2500000.0,-8.937567270959402,-8.186859656193784,3,0,0
ch1-upper-edge-narrow-pluto-19f2-20260811T184659Z,ch1-upper-edge-narrow-pluto-19f2-20260811T184659Z.json,2026-08-11,pluto-19f2,1,upper,slow_attack,,2500000.0,-12.172296203098137,-12.781032544294884,0,0,0
ch1-upper-edge-narrow-pluto-19f2-20260811T191649Z,ch1-upper-edge-narrow-pluto-19f2-20260811T191649Z.json,2026-08-11,pluto-19f2,1,upper,slow_attack,,2500000.0,-12.030447425614836,-12.710250986465784,1,0,0
ch1-upper-edge-narrow-pluto-19f2-20260811T200532Z,ch1-upper-edge-narrow-pluto-19f2-20260811T200532Z.json,2026-08-11,pluto-19f2,1,upper,slow_attack,,2500000.0,-12.823079629265353,-12.528607745702624,2,0,0
ch1-upper-edge-narrow-pluto-19f2-20260811T210919Z,ch1-upper-edge-narrow-pluto-19f2-20260811T210919Z.json,2026-08-11,pluto-19f2,1,upper,manual,50.0,2500000.0,-8.888902468894308,-8.065194652626314,2,0,0
ch1-upper-edge-narrow-pluto-19f2-20260811T213150Z,ch1-upper-edge-narrow-pluto-19f2-20260811T213150Z.json,2026-08-11,pluto-19f2,1,upper,manual,50.0,2500000.0,-8.804980535011373,-7.926257680227632,3,0,0
ch1-upper-edge-narrow-pluto-19f2-20260811T215009Z,ch1-upper-edge-narrow-pluto-19f2-20260811T215009Z.json,2026-08-11,pluto-19f2,1,upper,manual,50.0,2500000.0,-8.697101680216019,-7.8771709737190125,4,0,0
ch1-upper-edge-narrow-pluto-19f2-20260811T220853Z,ch1-upper-edge-narrow-pluto-19f2-20260811T220853Z.json,2026-08-11,pluto-19f2,1,upper,slow_attack,,2500000.0,-12.380346776235417,-12.659254103988733,2,0,0
ch1-upper-edge-narrow-pluto-19f2-20260811T223858Z,ch1-upper-edge-narrow-pluto-19f2-20260811T223858Z.json,2026-08-11,pluto-19f2,1,upper,manual,50.0,2500000.0,-8.585073975753627,-7.775378618933156,4,0,0
ch1-upper-edge-narrow-pluto-19f2-20260812T000920Z,ch1-upper-edge-narrow-pluto-19f2-20260812T000920Z.json,2026-08-12,pluto-19f2,1,upper,manual,50.0,2500000.0,-8.505342866514269,-7.637373920770576,3,0,0
ch1-upper-edge-narrow-pluto-19f2-20260812T002424Z,ch1-upper-edge-narrow-pluto-19f2-20260812T002424Z.json,2026-08-12,pluto-19f2,1,upper,slow_attack,,2500000.0,-12.378923912626282,-12.757344406137578,0,0,0
ch1-upper-edge-narrow-pluto-19f2-20260812T015845Z,ch1-upper-edge-narrow-pluto-19f2-20260812T015845Z.json,2026-08-12,pluto-19f2,1,upper,slow_attack,,2500000.0,-12.338904724323282,-12.633079694319374,1,0,0
ch1-upper-edge-narrow-pluto-19f2-20260812T022502Z,ch1-upper-edge-narrow-pluto-19f2-20260812T022502Z.json,2026-08-12,pluto-19f2,1,upper,slow_attack,,2500000.0,-12.356040624254144,-12.589693977859437,2,0,0
ch1-upper-edge-narrow-pluto-19f2-20260812T023619Z,ch1-upper-edge-narrow-pluto-19f2-20260812T023619Z.json,2026-08-12,pluto-19f2,1,upper,manual,50.0,2500000.0,-8.234220820540404,-7.37687779459574,3,0,0
ch1-upper-edge-narrow-pluto-19f2-20260812T034352Z,ch1-upper-edge-narrow-pluto-19f2-20260812T034352Z.json,2026-08-12,pluto-19f2,1,upper,slow_attack,,2500000.0,-12.424837769536627,-12.569039865745351,2,0,0
ch1-upper-edge-narrow-pluto-19f2-20260812T041741Z,ch1-upper-edge-narrow-pluto-19f2-20260812T041741Z.json,2026-08-12,pluto-19f2,1,upper,slow_attack,,2500000.0,-12.424116682966048,-12.554083025655283,1,1,0
ch1-upper-edge-narrow-pluto-19f2-20260812T043241Z,ch1-upper-edge-narrow-pluto-19f2-20260812T043241Z.json,2026-08-12,pluto-19f2,1,upper,manual,50.0,2500000.0,-8.340297910246173,-7.558893857561557,2,0,0
ch1-upper-edge-narrow-pluto-19f2-20260812T051804Z,ch1-upper-edge-narrow-pluto-19f2-20260812T051804Z.json,2026-08-12,pluto-19f2,1,upper,manual,50.0,2500000.0,-8.241827151673784,-7.429950140217696,2,0,0
ch1-upper-edge-narrow-pluto-19f2-20260812T060718Z,ch1-upper-edge-narrow-pluto-19f2-20260812T060718Z.json,2026-08-12,pluto-19f2,1,upper,manual,50.0,2500000.0,-8.707782623147873,-7.910293550809998,1,0,0
ch1-upper-edge-narrow-pluto-19f2-20260812T062226Z,ch1-upper-edge-narrow-pluto-19f2-20260812T062226Z.json,2026-08-12,pluto-19f2,1,upper,manual,50.0,2500000.0,-8.788260503508852,-7.950984391209923,5,0,0
ch1-upper-edge-narrow-pluto-19f2-20260812T065629Z,ch1-upper-edge-narrow-pluto-19f2-20260812T065629Z.json,2026-08-12,pluto-19f2,1,upper,manual,50.0,2500000.0,-8.730269505527106,-7.800435436256025,2,0,0
ch1-upper-edge-narrow-pluto-19f2-20260812T070401Z,ch1-upper-edge-narrow-pluto-19f2-20260812T070401Z.json,2026-08-12,pluto-19f2,1,upper,manual,50.0,2500000.0,-8.88174189418889,-7.989849842672472,3,0,0
ch1-upper-edge-narrow-pluto-19f2-20260812T083843Z,ch1-upper-edge-narrow-pluto-19f2-20260812T083843Z.json,2026-08-12,pluto-19f2,1,upper,manual,50.0,2500000.0,-8.86448946597534,-8.012655213948719,2,0,0
ch1-upper-edge-narrow-pluto-19f2-20260812T091253Z,ch1-upper-edge-narrow-pluto-19f2-20260812T091253Z.json,2026-08-12,pluto-19f2,1,upper,slow_attack,,2500000.0,-12.165724826100863,-12.33144253476513,6,0,0
ch1-upper-edge-narrow-pluto-19f2-20260812T094308Z,ch1-upper-edge-narrow-pluto-19f2-20260812T094308Z.json,2026-08-12,pluto-19f2,1,upper,manual,50.0,2500000.0,-8.846886207931929,-8.044285423748704,1,0,0
ch1-upper-edge-narrow-pluto-19f2-20260812T100942Z,ch1-upper-edge-narrow-pluto-19f2-20260812T100942Z.json,2026-08-12,pluto-19f2,1,upper,slow_attack,,2500000.0,-12.51981727236209,-12.776829557273174,2,0,0
ch1-upper-edge-narrow-pluto-19f2-20260812T120315Z,ch1-upper-edge-narrow-pluto-19f2-20260812T120315Z.json,2026-08-12,pluto-19f2,1,upper,slow_attack,,2500000.0,-12.159391461049074,-12.371524027140048,4,0,0
ch1-upper-edge-narrow-pluto-19f2-20260812T122601Z,ch1-upper-edge-narrow-pluto-19f2-20260812T122601Z.json,2026-08-12,pluto-19f2,1,upper,slow_attack,,2500000.0,-12.02459577482973,-12.271796036604957,1,0,0
ch1-upper-edge-narrow-pluto-19f2-20260812T133417Z,ch1-upper-edge-narrow-pluto-19f2-20260812T133417Z.json,2026-08-12,pluto-19f2,1,upper,slow_attack,,2500000.0,-12.435733413711764,-12.593016030355484,2,0,0
ch1-upper-edge-narrow-pluto-19f2-20260812T134926Z,ch1-upper-edge-narrow-pluto-19f2-20260812T134926Z.json,2026-08-12,pluto-19f2,1,upper,manual,50.0,2500000.0,-8.89382656502166,-8.055177713147572,3,0,0
ch1-upper-edge-narrow-pluto-19f2-20260812T140431Z,ch1-upper-edge-narrow-pluto-19f2-20260812T140431Z.json,2026-08-12,pluto-19f2,1,upper,slow_attack,,2500000.0,-12.691125423599418,-13.052539411492305,1,0,0
ch1-upper-edge-narrow-pluto-19f2-20260812T151640Z,ch1-upper-edge-narrow-pluto-19f2-20260812T151640Z.json,2026-08-12,pluto-19f2,1,upper,slow_attack,,2500000.0,-12.326179966965771,-12.350031075197519,2,0,0
ch1-upper-edge-narrow-pluto-19f2-20260812T152028Z,ch1-upper-edge-narrow-pluto-19f2-20260812T152028Z.json,2026-08-12,pluto-19f2,1,upper,slow_attack,,2500000.0,-12.324718930096354,-12.537150362800155,6,2,0
ch1-upper-edge-narrow-pluto-19f2-20260812T155044Z,ch1-upper-edge-narrow-pluto-19f2-20260812T155044Z.json,2026-08-12,pluto-19f2,1,upper,manual,50.0,2500000.0,-8.68764135578728,-7.716308886268005,6,0,0
ch1-upper-edge-narrow-pluto-19f2-20260812T162113Z,ch1-upper-edge-narrow-pluto-19f2-20260812T162113Z.json,2026-08-12,pluto-19f2,1,upper,manual,50.0,2500000.0,-9.29184836068246,-8.370918155636442,2,0,0
ch1-upper-edge-narrow-pluto-19f2-20260812T170726Z,ch1-upper-edge-narrow-pluto-19f2-20260812T170726Z.json,2026-08-12,pluto-19f2,1,upper,manual,50.0,2500000.0,-9.454727054724529,-8.488964047992651,4,0,0
ch1-upper-edge-narrow-pluto-19f2-20260812T180928Z,ch1-upper-edge-narrow-pluto-19f2-20260812T180928Z.json,2026-08-12,pluto-19f2,1,upper,manual,50.0,2500000.0,-8.934907168022107,-8.070809797149503,1,0,0
ch1-upper-edge-narrow-pluto-19f2-20260812T182104Z,ch1-upper-edge-narrow-pluto-19f2-20260812T182104Z.json,2026-08-12,pluto-19f2,1,upper,manual,50.0,2500000.0,-8.686624157316995,-7.750239904331138,4,0,0
ch1-upper-edge-narrow-pluto-19f2-20260812T185548Z,ch1-upper-edge-narrow-pluto-19f2-20260812T185548Z.json,2026-08-12,pluto-19f2,1,upper,slow_attack,,2500000.0,-12.15168419042428,-12.771046664110916,3,0,0
ch1-upper-edge-narrow-pluto-19f2-20260812T200219Z,ch1-upper-edge-narrow-pluto-19f2-20260812T200219Z.json,2026-08-12,pluto-19f2,1,upper,slow_attack,,2500000.0,-12.252341871148854,-12.60576112323096,2,0,0
ch1-upper-edge-narrow-pluto-19f2-20260812T201004Z,ch1-upper-edge-narrow-pluto-19f2-20260812T201004Z.json,2026-08-12,pluto-19f2,1,upper,slow_attack,,2500000.0,-12.408628422316966,-12.776001764654328,2,0,0
ch1-upper-edge-narrow-pluto-19f2-20260812T203655Z,ch1-upper-edge-narrow-pluto-19f2-20260812T203655Z.json,2026-08-12,pluto-19f2,1,upper,manual,50.0,2500000.0,-8.8529984586267,-7.909930516725748,2,0,0
ch1-upper-edge-narrow-pluto-19f2-20260812T205625Z,ch1-upper-edge-narrow-pluto-19f2-20260812T205625Z.json,2026-08-12,pluto-19f2,1,upper,slow_attack,,2500000.0,-12.56335826058013,-12.798578484020366,3,0,0
ch1-upper-edge-narrow-pluto-19f2-20260812T211154Z,ch1-upper-edge-narrow-pluto-19f2-20260812T211154Z.json,2026-08-12,pluto-19f2,1,upper,manual,50.0,2500000.0,-8.854937757720956,-7.945296131184442,0,0,0
ch1-upper-edge-narrow-pluto-19f2-20260812T213111Z,ch1-upper-edge-narrow-pluto-19f2-20260812T213111Z.json,2026-08-12,pluto-19f2,1,upper,slow_attack,,2500000.0,-12.337480972158833,-12.393034664916435,4,0,0
ch1-upper-edge-narrow-pluto-19f2-20260812T215023Z,ch1-upper-edge-narrow-pluto-19f2-20260812T215023Z.json,2026-08-12,pluto-19f2,1,upper,slow_attack,,2500000.0,-12.294950046055014,-12.499210950194204,4,0,0
ch1-upper-edge-narrow-pluto-19f2-20260812T223649Z,ch1-upper-edge-narrow-pluto-19f2-20260812T223649Z.json,2026-08-12,pluto-19f2,1,upper,slow_attack,,2500000.0,-12.604527751332874,-12.867075824389556,2,0,0
ch1-upper-edge-narrow-pluto-19f2-20260812T225603Z,ch1-upper-edge-narrow-pluto-19f2-20260812T225603Z.json,2026-08-12,pluto-19f2,1,upper,slow_attack,,2500000.0,-11.910949614621952,-12.746629924737467,0,0,0
ch1-upper-edge-narrow-pluto-19f2-20260812T235538Z,ch1-upper-edge-narrow-pluto-19f2-20260812T235538Z.json,2026-08-13,pluto-19f2,1,upper,manual,50.0,2500000.0,-8.516827643688261,-7.671879619428934,2,0,0
ch1-upper-edge-narrow-pluto-19f2-20260813T010231Z,ch1-upper-edge-narrow-pluto-19f2-20260813T010231Z.json,2026-08-13,pluto-19f2,1,upper,manual,50.0,2500000.0,-8.50861897854604,-7.627674897843693,3,0,0
ch1-upper-edge-narrow-pluto-19f2-20260813T012136Z,ch1-upper-edge-narrow-pluto-19f2-20260813T012136Z.json,2026-08-13,pluto-19f2,1,upper,manual,50.0,2500000.0,-8.663515681508082,-7.800655770873586,1,0,0
ch1-upper-edge-narrow-pluto-19f2-20260813T012525Z,ch1-upper-edge-narrow-pluto-19f2-20260813T012525Z.json,2026-08-13,pluto-19f2,1,upper,slow_attack,,2500000.0,-12.330222043064769,-12.651244787559,1,0,0
ch1-upper-edge-narrow-pluto-19f2-20260813T013655Z,ch1-upper-edge-narrow-pluto-19f2-20260813T013655Z.json,2026-08-13,pluto-19f2,1,upper,manual,50.0,2500000.0,-8.406930446620793,-7.556770964022893,3,0,0
ch1-upper-edge-narrow-pluto-19f2-20260813T015215Z,ch1-upper-edge-narrow-pluto-19f2-20260813T015215Z.json,2026-08-13,pluto-19f2,1,upper,slow_attack,,2500000.0,-12.244531862223853,-12.651122823363217,2,0,0
ch1-upper-edge-narrow-pluto-19f2-20260813T022800Z,ch1-upper-edge-narrow-pluto-19f2-20260813T022800Z.json,2026-08-13,pluto-19f2,1,upper,slow_attack,,2500000.0,-12.27611909343028,-12.474299898619595,5,1,0
ch1-upper-edge-narrow-pluto-19f2-20260813T034312Z,ch1-upper-edge-narrow-pluto-19f2-20260813T034312Z.json,2026-08-13,pluto-19f2,1,upper,manual,50.0,2500000.0,-8.420089411047334,-7.619797319784077,2,0,0
ch1-upper-edge-narrow-pluto-19f2-20260813T035850Z,ch1-upper-edge-narrow-pluto-19f2-20260813T035850Z.json,2026-08-13,pluto-19f2,1,upper,slow_attack,,2500000.0,-12.286563109034317,-12.551940603395142,3,0,0
ch1-upper-edge-narrow-pluto-19f2-20260813T041823Z,ch1-upper-edge-narrow-pluto-19f2-20260813T041823Z.json,2026-08-13,pluto-19f2,1,upper,slow_attack,,2500000.0,-12.383019973308102,-12.679341655225873,3,0,0
ch1-upper-edge-narrow-pluto-19f2-20260813T044218Z,ch1-upper-edge-narrow-pluto-19f2-20260813T044218Z.json,2026-08-13,pluto-19f2,1,upper,manual,50.0,2500000.0,-8.56331555246702,-7.7257757775129505,2,0,0
ch1-upper-edge-narrow-pluto-19f2-20260813T053422Z,ch1-upper-edge-narrow-pluto-19f2-20260813T053422Z.json,2026-08-13,pluto-19f2,1,upper,manual,50.0,2500000.0,-8.486322199484613,-7.520623819562867,4,0,0
ch1-upper-edge-narrow-pluto-19f2-20260813T055348Z,ch1-upper-edge-narrow-pluto-19f2-20260813T055348Z.json,2026-08-13,pluto-19f2,1,upper,manual,50.0,2500000.0,-8.483461596032054,-7.527583617326517,4,0,0
ch1-upper-edge-narrow-pluto-19f2-20260813T071614Z,ch1-upper-edge-narrow-pluto-19f2-20260813T071614Z.json,2026-08-13,pluto-19f2,1,upper,slow_attack,,2500000.0,-12.338598435244773,-12.40996246126926,1,0,0
ch1-upper-edge-narrow-pluto-19f2-20260813T073553Z,ch1-upper-edge-narrow-pluto-19f2-20260813T073553Z.json,2026-08-13,pluto-19f2,1,upper,manual,50.0,2500000.0,-8.49288204343152,-7.609112730700623,2,0,0
ch1-upper-edge-narrow-pluto-19f2-20260813T073949Z,ch1-upper-edge-narrow-pluto-19f2-20260813T073949Z.json,2026-08-13,pluto-19f2,1,upper,manual,50.0,2500000.0,-8.341315852091299,-7.458746057874979,1,0,0
ch1-upper-edge-narrow-pluto-19f2-20260813T074345Z,ch1-upper-edge-narrow-pluto-19f2-20260813T074345Z.json,2026-08-13,pluto-19f2,1,upper,manual,50.0,2500000.0,-8.347454111718033,-7.423867625848409,4,0,0
ch1-upper-edge-narrow-pluto-19f2-20260813T074742Z,ch1-upper-edge-narrow-pluto-19f2-20260813T074742Z.json,2026-08-13,pluto-19f2,1,upper,slow_attack,,2500000.0,-12.223731292031708,-12.433157758562537,3,0,0
ch1-upper-edge-narrow-pluto-19f2-20260813T080738Z,ch1-upper-edge-narrow-pluto-19f2-20260813T080738Z.json,2026-08-13,pluto-19f2,1,upper,manual,50.0,2500000.0,-8.383746800180887,-7.498739146554078,4,0,0
ch1-upper-edge-narrow-pluto-19f2-20260813T083948Z,ch1-upper-edge-narrow-pluto-19f2-20260813T083948Z.json,2026-08-13,pluto-19f2,1,upper,manual,50.0,2500000.0,-8.506819434761727,-7.653149602526728,2,0,0
ch1-upper-edge-narrow-pluto-19f2-20260813T085534Z,ch1-upper-edge-narrow-pluto-19f2-20260813T085534Z.json,2026-08-13,pluto-19f2,1,upper,slow_attack,,2500000.0,-12.323719217442905,-12.583992076476246,1,0,0
ch1-upper-edge-narrow-pluto-19f2-20260813T090720Z,ch1-upper-edge-narrow-pluto-19f2-20260813T090720Z.json,2026-08-13,pluto-19f2,1,upper,slow_attack,,2500000.0,-12.335401905961154,-12.61314223748153,1,0,0
ch1-upper-edge-narrow-pluto-19f2-20260813T092641Z,ch1-upper-edge-narrow-pluto-19f2-20260813T092641Z.json,2026-08-13,pluto-19f2,1,upper,slow_attack,,2500000.0,-12.087701211087442,-12.45088755463125,2,0,0
ch1-upper-edge-narrow-pluto-19f2-20260813T100954Z,ch1-upper-edge-narrow-pluto-19f2-20260813T100954Z.json,2026-08-13,pluto-19f2,1,upper,slow_attack,,2500000.0,-12.393924473587727,-12.431707048666036,6,0,0
ch1-upper-edge-narrow-pluto-19f2-20260813T124900Z,ch1-upper-edge-narrow-pluto-19f2-20260813T124900Z.json,2026-08-13,pluto-19f2,1,upper,slow_attack,,2500000.0,-12.363245748294187,-12.507213565435539,3,0,0
ch1-upper-edge-narrow-pluto-19f2-20260813T125656Z,ch1-upper-edge-narrow-pluto-19f2-20260813T125656Z.json,2026-08-13,pluto-19f2,1,upper,manual,50.0,2500000.0,-8.695222978708747,-7.710978421273209,1,0,0
ch1-upper-edge-narrow-pluto-19f2-20260813T130048Z,ch1-upper-edge-narrow-pluto-19f2-20260813T130048Z.json,2026-08-13,pluto-19f2,1,upper,manual,50.0,2500000.0,-8.758510784786731,-7.715492326206334,0,0,0
ch1-upper-edge-narrow-pluto-19f2-20260813T131227Z,ch1-upper-edge-narrow-pluto-19f2-20260813T131227Z.json,2026-08-13,pluto-19f2,1,upper,slow_attack,,2500000.0,-12.22548664954352,-12.505451412564806,4,0,0
ch1-upper-edge-narrow-pluto-19f2-20260813T143416Z,ch1-upper-edge-narrow-pluto-19f2-20260813T143416Z.json,2026-08-13,pluto-19f2,1,upper,manual,50.0,2500000.0,-8.330786927694689,-7.545091547737344,5,0,0
ch1-upper-edge-narrow-pluto-19f2-20260813T144555Z,ch1-upper-edge-narrow-pluto-19f2-20260813T144555Z.json,2026-08-13,pluto-19f2,1,upper,manual,50.0,2500000.0,-8.133654925525779,-7.24083400692427,6,0,0
ch1-upper-edge-narrow-pluto-19f2-20260813T150131Z,ch1-upper-edge-narrow-pluto-19f2-20260813T150131Z.json,2026-08-13,pluto-19f2,1,upper,slow_attack,,2500000.0,-12.35802922839409,-12.291740821252024,7,0,0
ch1-upper-edge-narrow-pluto-19f2-20260813T152109Z,ch1-upper-edge-narrow-pluto-19f2-20260813T152109Z.json,2026-08-13,pluto-19f2,1,upper,manual,50.0,2500000.0,-8.346816572611086,-7.507214274477148,3,0,0
ch1-upper-edge-narrow-pluto-19f2-20260813T152506Z,ch1-upper-edge-narrow-pluto-19f2-20260813T152506Z.json,2026-08-13,pluto-19f2,1,upper,manual,50.0,2500000.0,-8.259784268220741,-7.422561114147806,6,0,0
ch1-upper-edge-narrow-pluto-19f2-20260813T173931Z,ch1-upper-edge-narrow-pluto-19f2-20260813T173931Z.json,2026-08-13,pluto-19f2,1,upper,manual,50.0,2500000.0,-9.121220595999668,-8.174712004994944,1,0,0
ch1-upper-edge-narrow-pluto-19f2-20260813T193021Z,ch1-upper-edge-narrow-pluto-19f2-20260813T193021Z.json,2026-08-13,pluto-19f2,1,upper,slow_attack,,2500000.0,-12.2930692363458,-12.306387513904195,4,0,0
ch1-upper-edge-narrow-pluto-19f2-20260813T193816Z,ch1-upper-edge-narrow-pluto-19f2-20260813T193816Z.json,2026-08-13,pluto-19f2,1,upper,slow_attack,,2500000.0,-12.63782839350575,-12.151015058540747,1,0,0
ch1-upper-edge-narrow-pluto-19f2-20260813T200145Z,ch1-upper-edge-narrow-pluto-19f2-20260813T200145Z.json,2026-08-13,pluto-19f2,1,upper,manual,50.0,2500000.0,-8.81992342384102,-8.25189382469191,1,0,0
ch1-upper-edge-narrow-pluto-19f2-20260813T200936Z,ch1-upper-edge-narrow-pluto-19f2-20260813T200936Z.json,2026-08-13,pluto-19f2,1,upper,slow_attack,,2500000.0,-12.568823153405656,-12.596009116911322,2,0,0
ch1-upper-edge-narrow-pluto-19f2-20260813T204113Z,ch1-upper-edge-narrow-pluto-19f2-20260813T204113Z.json,2026-08-13,pluto-19f2,1,upper,manual,50.0,2500000.0,-8.9387817895592,-8.381262176703325,3,0,0
ch1-upper-edge-narrow-pluto-19f2-20260813T210050Z,ch1-upper-edge-narrow-pluto-19f2-20260813T210050Z.json,2026-08-13,pluto-19f2,1,upper,slow_attack,,2500000.0,-12.574406159082123,-12.313101253025518,2,0,0
ch1-upper-edge-narrow-pluto-19f2-20260813T225857Z,ch1-upper-edge-narrow-pluto-19f2-20260813T225857Z.json,2026-08-13,pluto-19f2,1,upper,slow_attack,,2500000.0,-12.477564885923618,-12.876287836620328,1,0,0
ch1-upper-edge-narrow-pluto-19f2-20260813T230651Z,ch1-upper-edge-narrow-pluto-19f2-20260813T230651Z.json,2026-08-13,pluto-19f2,1,upper,manual,50.0,2500000.0,-8.56378795019456,-8.014379237579632,6,0,0
ch1-upper-edge-narrow-pluto-19f2-20260813T231836Z,ch1-upper-edge-narrow-pluto-19f2-20260813T231836Z.json,2026-08-13,pluto-19f2,1,upper,manual,50.0,2500000.0,-8.738059883567754,-8.162686990127629,4,0,0
ch1-upper-edge-narrow-pluto-5d4d-20260811T052835Z,ch1-upper-edge-narrow-pluto-5d4d-20260811T052835Z.json,2026-08-11,pluto-5d4d,1,upper,manual,50.0,2500000.0,-25.11461263298374,-27.57307970963545,2,2,2
ch1-upper-edge-narrow-pluto-5d4d-20260811T054814Z,ch1-upper-edge-narrow-pluto-5d4d-20260811T054814Z.json,2026-08-11,pluto-5d4d,1,upper,manual,50.0,2500000.0,-25.14330563282062,-27.615844718711678,5,5,5
ch1-upper-edge-narrow-pluto-5d4d-20260811T055224Z,ch1-upper-edge-narrow-pluto-5d4d-20260811T055224Z.json,2026-08-11,pluto-5d4d,1,upper,manual,50.0,2500000.0,-25.11347080945651,-27.589071016064892,2,2,2
ch1-upper-edge-narrow-pluto-5d4d-20260811T060741Z,ch1-upper-edge-narrow-pluto-5d4d-20260811T060741Z.json,2026-08-11,pluto-5d4d,1,upper,slow_attack,,2500000.0,-12.672707241219609,-12.134896772266329,1,1,1
ch1-upper-edge-narrow-pluto-5d4d-20260811T063227Z,ch1-upper-edge-narrow-pluto-5d4d-20260811T063227Z.json,2026-08-11,pluto-5d4d,1,upper,manual,50.0,2500000.0,-25.347369279354076,-27.85528280397393,3,3,3
ch1-upper-edge-narrow-pluto-5d4d-20260811T064705Z,ch1-upper-edge-narrow-pluto-5d4d-20260811T064705Z.json,2026-08-11,pluto-5d4d,1,upper,slow_attack,,2500000.0,-12.869321154701158,-12.227324105602532,1,1,1
ch1-upper-edge-narrow-pluto-5d4d-20260811T064912Z,ch1-upper-edge-narrow-pluto-5d4d-20260811T064912Z.json,2026-08-11,pluto-5d4d,1,upper,manual,50.0,2500000.0,-25.515816299106106,-27.968649733886043,1,0,0
ch1-upper-edge-narrow-pluto-5d4d-20260811T070009Z,ch1-upper-edge-narrow-pluto-5d4d-20260811T070009Z.json,2026-08-11,pluto-5d4d,1,upper,manual,50.0,2500000.0,-25.425183485333193,-27.868973215755766,0,0,0
ch1-upper-edge-narrow-pluto-5d4d-20260811T073038Z,ch1-upper-edge-narrow-pluto-5d4d-20260811T073038Z.json,2026-08-11,pluto-5d4d,1,upper,manual,50.0,2500000.0,-25.318048773583023,-27.79294235470763,3,3,3
ch1-upper-edge-narrow-pluto-5d4d-20260811T081451Z,ch1-upper-edge-narrow-pluto-5d4d-20260811T081451Z.json,2026-08-11,pluto-5d4d,1,upper,slow_attack,,2500000.0,-12.314319997751566,-12.305747740923401,2,2,1
ch1-upper-edge-narrow-pluto-5d4d-20260811T085825Z,ch1-upper-edge-narrow-pluto-5d4d-20260811T085825Z.json,2026-08-11,pluto-5d4d,1,upper,manual,50.0,2500000.0,-25.713852628323753,-28.128034226955375,0,0,0
ch1-upper-edge-narrow-pluto-5d4d-20260811T090235Z,ch1-upper-edge-narrow-pluto-5d4d-20260811T090235Z.json,2026-08-11,pluto-5d4d,1,upper,slow_attack,,2500000.0,-12.528240752563306,-12.278253856770593,0,0,0
ch1-upper-edge-narrow-pluto-5d4d-20260811T090717Z,ch1-upper-edge-narrow-pluto-5d4d-20260811T090717Z.json,2026-08-11,pluto-5d4d,1,upper,slow_attack,,2500000.0,-12.841392915397714,-12.239091339267738,2,2,2
ch1-upper-edge-narrow-pluto-5d4d-20260811T093137Z,ch1-upper-edge-narrow-pluto-5d4d-20260811T093137Z.json,2026-08-11,pluto-5d4d,1,upper,manual,50.0,2500000.0,-25.777616473099894,-28.184518695396825,0,0,0
ch1-upper-edge-narrow-pluto-5d4d-20260811T101931Z,ch1-upper-edge-narrow-pluto-5d4d-20260811T101931Z.json,2026-08-11,pluto-5d4d,1,upper,manual,50.0,2500000.0,-25.33835140149593,-27.87089490839515,3,3,3
ch1-upper-edge-narrow-pluto-5d4d-20260811T102627Z,ch1-upper-edge-narrow-pluto-5d4d-20260811T102627Z.json,2026-08-11,pluto-5d4d,1,upper,manual,50.0,2500000.0,-25.606359064856857,-28.051461674155405,1,1,1
ch1-upper-edge-narrow-pluto-5d4d-20260811T105721Z,ch1-upper-edge-narrow-pluto-5d4d-20260811T105721Z.json,2026-08-11,pluto-5d4d,1,upper,manual,50.0,2500000.0,-25.768600863288142,-28.183145411097886,0,0,0
ch1-upper-edge-narrow-pluto-5d4d-20260811T112256Z,ch1-upper-edge-narrow-pluto-5d4d-20260811T112256Z.json,2026-08-11,pluto-5d4d,1,upper,manual,50.0,2500000.0,-25.361036732589696,-27.823592012381514,2,2,2
ch1-upper-edge-narrow-pluto-5d4d-20260811T112744Z,ch1-upper-edge-narrow-pluto-5d4d-20260811T112744Z.json,2026-08-11,pluto-5d4d,1,upper,slow_attack,,2500000.0,-12.462602715267925,-12.229716529835253,1,1,1
ch1-upper-edge-narrow-pluto-5d4d-20260811T113841Z,ch1-upper-edge-narrow-pluto-5d4d-20260811T113841Z.json,2026-08-11,pluto-5d4d,1,upper,manual,50.0,2500000.0,-25.590251365461008,-28.033060782031797,2,2,2
ch1-upper-edge-narrow-pluto-5d4d-20260811T115113Z,ch1-upper-edge-narrow-pluto-5d4d-20260811T115113Z.json,2026-08-11,pluto-5d4d,1,upper,manual,50.0,2500000.0,-25.729003835797787,-28.171346291716723,0,0,0
ch1-upper-edge-narrow-pluto-5d4d-20260811T123037Z,ch1-upper-edge-narrow-pluto-5d4d-20260811T123037Z.json,2026-08-11,pluto-5d4d,1,upper,slow_attack,,2500000.0,-13.17311663718253,-12.33027380877948,0,0,0
ch1-upper-edge-narrow-pluto-5d4d-20260811T125040Z,ch1-upper-edge-narrow-pluto-5d4d-20260811T125040Z.json,2026-08-11,pluto-5d4d,1,upper,manual,50.0,2500000.0,-25.750222779545616,-28.174177386243603,0,0,0
ch1-upper-edge-narrow-pluto-5d4d-20260811T125245Z,ch1-upper-edge-narrow-pluto-5d4d-20260811T125245Z.json,2026-08-11,pluto-5d4d,1,upper,manual,50.0,2500000.0,-25.668820379335333,-28.10782262695389,1,1,1
ch1-upper-edge-narrow-pluto-5d4d-20260811T130308Z,ch1-upper-edge-narrow-pluto-5d4d-20260811T130308Z.json,2026-08-11,pluto-5d4d,1,upper,slow_attack,,2500000.0,-12.951390713941233,-12.282080184894422,1,1,1
ch1-upper-edge-narrow-pluto-5d4d-20260811T131448Z,ch1-upper-edge-narrow-pluto-5d4d-20260811T131448Z.json,2026-08-11,pluto-5d4d,1,upper,slow_attack,,2500000.0,-12.336951088658036,-12.488014049764995,3,3,2
ch1-upper-edge-narrow-pluto-5d4d-20260811T135403Z,ch1-upper-edge-narrow-pluto-5d4d-20260811T135403Z.json,2026-08-11,pluto-5d4d,1,upper,slow_attack,,2500000.0,-12.831879891877794,-12.425444917887251,1,1,1
ch1-upper-edge-narrow-pluto-5d4d-20260811T143315Z,ch1-upper-edge-narrow-pluto-5d4d-20260811T143315Z.json,2026-08-11,pluto-5d4d,1,upper,slow_attack,,2500000.0,-12.693705339643646,-12.524908987204991,1,1,1
ch1-upper-edge-narrow-pluto-5d4d-20260811T151557Z,ch1-upper-edge-narrow-pluto-5d4d-20260811T151557Z.json,2026-08-11,pluto-5d4d,1,upper,slow_attack,,2500000.0,-12.289621193725601,-12.40341875933269,3,3,3
ch1-upper-edge-narrow-pluto-5d4d-20260811T151917Z,ch1-upper-edge-narrow-pluto-5d4d-20260811T151917Z.json,2026-08-11,pluto-5d4d,1,upper,slow_attack,,2500000.0,-12.854674404232824,-12.35168436633262,2,2,2
ch1-upper-edge-narrow-pluto-5d4d-20260811T154501Z,ch1-upper-edge-narrow-pluto-5d4d-20260811T154501Z.json,2026-08-11,pluto-5d4d,1,upper,manual,50.0,2500000.0,-25.300951973911513,-27.67668943295557,3,3,3
ch1-upper-edge-narrow-pluto-5d4d-20260811T160903Z,ch1-upper-edge-narrow-pluto-5d4d-20260811T160903Z.json,2026-08-11,pluto-5d4d,1,upper,slow_attack,,2500000.0,-12.576471943696287,-12.284346250289357,2,2,2
ch1-upper-edge-narrow-pluto-5d4d-20260811T172105Z,ch1-upper-edge-narrow-pluto-5d4d-20260811T172105Z.json,2026-08-11,pluto-5d4d,1,upper,manual,50.0,2500000.0,-25.654065215509632,-27.851540503088714,0,0,0
ch1-upper-edge-narrow-pluto-5d4d-20260811T173640Z,ch1-upper-edge-narrow-pluto-5d4d-20260811T173640Z.json,2026-08-11,pluto-5d4d,1,upper,manual,50.0,2500000.0,-25.586168276849314,-27.812819717501505,2,2,0
ch1-upper-edge-narrow-pluto-5d4d-20260811T180711Z,ch1-upper-edge-narrow-pluto-5d4d-20260811T180711Z.json,2026-08-11,pluto-5d4d,1,upper,manual,50.0,2500000.0,-25.592793393800648,-27.81930072514438,0,0,0
ch1-upper-edge-narrow-pluto-5d4d-20260811T182231Z,ch1-upper-edge-narrow-pluto-5d4d-20260811T182231Z.json,2026-08-11,pluto-5d4d,1,upper,manual,50.0,2500000.0,-25.88251591663891,-28.02874359902574,0,0,0
ch1-upper-edge-narrow-pluto-5d4d-20260811T183711Z,ch1-upper-edge-narrow-pluto-5d4d-20260811T183711Z.json,2026-08-11,pluto-5d4d,1,upper,manual,50.0,2500000.0,-25.94684859146879,-28.05242153110531,1,1,1
ch1-upper-edge-narrow-pluto-5d4d-20260811T185215Z,ch1-upper-edge-narrow-pluto-5d4d-20260811T185215Z.json,2026-08-11,pluto-5d4d,1,upper,slow_attack,,2500000.0,-12.277729862100477,-12.42010427185788,2,2,2
ch1-upper-edge-narrow-pluto-5d4d-20260811T185626Z,ch1-upper-edge-narrow-pluto-5d4d-20260811T185626Z.json,2026-08-11,pluto-5d4d,1,upper,slow_attack,,2500000.0,-12.16053923521735,-12.108721211330757,2,2,2
ch1-upper-edge-narrow-pluto-5d4d-20260811T185833Z,ch1-upper-edge-narrow-pluto-5d4d-20260811T185833Z.json,2026-08-11,pluto-5d4d,1,upper,slow_attack,,2500000.0,-12.381175046664417,-12.393653503664035,5,5,4
ch1-upper-edge-narrow-pluto-5d4d-20260811T194513Z,ch1-upper-edge-narrow-pluto-5d4d-20260811T194513Z.json,2026-08-11,pluto-5d4d,1,upper,manual,50.0,2500000.0,-25.80814950945929,-27.872773110669016,2,2,2
ch1-upper-edge-narrow-pluto-5d4d-20260811T194717Z,ch1-upper-edge-narrow-pluto-5d4d-20260811T194717Z.json,2026-08-11,pluto-5d4d,1,upper,manual,50.0,2500000.0,-25.614388815685096,-27.70999292250069,2,2,2
ch1-upper-edge-narrow-pluto-5d4d-20260811T195126Z,ch1-upper-edge-narrow-pluto-5d4d-20260811T195126Z.json,2026-08-11,pluto-5d4d,1,upper,manual,50.0,2500000.0,-25.91598128284051,-27.955494135475696,0,0,0
ch1-upper-edge-narrow-pluto-5d4d-20260811T201121Z,ch1-upper-edge-narrow-pluto-5d4d-20260811T201121Z.json,2026-08-11,pluto-5d4d,1,upper,manual,50.0,2500000.0,-25.57454333368367,-27.67643529315787,2,2,2
ch1-upper-edge-narrow-pluto-5d4d-20260811T205026Z,ch1-upper-edge-narrow-pluto-5d4d-20260811T205026Z.json,2026-08-11,pluto-5d4d,1,upper,slow_attack,,2500000.0,-13.06134987506427,-13.065968125867254,2,2,2
ch1-upper-edge-narrow-pluto-5d4d-20260811T205438Z,ch1-upper-edge-narrow-pluto-5d4d-20260811T205438Z.json,2026-08-11,pluto-5d4d,1,upper,manual,50.0,2500000.0,-25.50957628382926,-27.677670115910193,2,2,2
ch1-upper-edge-narrow-pluto-5d4d-20260811T210051Z,ch1-upper-edge-narrow-pluto-5d4d-20260811T210051Z.json,2026-08-11,pluto-5d4d,1,upper,manual,50.0,2500000.0,-25.161553269739404,-27.402878625477708,5,5,5
ch1-upper-edge-narrow-pluto-5d4d-20260811T211833Z,ch1-upper-edge-narrow-pluto-5d4d-20260811T211833Z.json,2026-08-11,pluto-5d4d,1,upper,slow_attack,,2500000.0,-12.960086192879059,-12.998533399067,1,1,1
ch1-upper-edge-narrow-pluto-5d4d-20260811T212649Z,ch1-upper-edge-narrow-pluto-5d4d-20260811T212649Z.json,2026-08-11,pluto-5d4d,1,upper,manual,50.0,2500000.0,-25.316638253093604,-27.32428327609537,2,2,2
ch1-upper-edge-narrow-pluto-5d4d-20260811T213532Z,ch1-upper-edge-narrow-pluto-5d4d-20260811T213532Z.json,2026-08-11,pluto-5d4d,1,upper,slow_attack,,2500000.0,-12.518771476907933,-12.543300309856578,2,2,2
ch1-upper-edge-narrow-pluto-5d4d-20260811T215936Z,ch1-upper-edge-narrow-pluto-5d4d-20260811T215936Z.json,2026-08-11,pluto-5d4d,1,upper,slow_attack,,2500000.0,-12.62406969686678,-12.739334135280192,2,2,2
ch1-upper-edge-narrow-pluto-5d4d-20260811T220551Z,ch1-upper-edge-narrow-pluto-5d4d-20260811T220551Z.json,2026-08-11,pluto-5d4d,1,upper,manual,50.0,2500000.0,-25.242571794312035,-27.525111059850946,2,2,2
ch1-upper-edge-narrow-pluto-5d4d-20260811T222957Z,ch1-upper-edge-narrow-pluto-5d4d-20260811T222957Z.json,2026-08-11,pluto-5d4d,1,upper,manual,50.0,2500000.0,-25.008633231259974,-27.2707488358424,4,4,3
ch1-upper-edge-narrow-pluto-5d4d-20260811T224048Z,ch1-upper-edge-narrow-pluto-5d4d-20260811T224048Z.json,2026-08-11,pluto-5d4d,1,upper,slow_attack,,2500000.0,-12.571177464008274,-12.51743199936472,1,1,1
ch1-upper-edge-narrow-pluto-5d4d-20260811T231657Z,ch1-upper-edge-narrow-pluto-5d4d-20260811T231657Z.json,2026-08-11,pluto-5d4d,1,upper,manual,50.0,2500000.0,-25.21217070249492,-27.493999046808156,0,0,0
ch1-upper-edge-narrow-pluto-5d4d-20260811T232138Z,ch1-upper-edge-narrow-pluto-5d4d-20260811T232138Z.json,2026-08-11,pluto-5d4d,1,upper,manual,50.0,2500000.0,-25.33952090720436,-27.62151945071723,0,0,0
ch1-upper-edge-narrow-pluto-5d4d-20260811T233201Z,ch1-upper-edge-narrow-pluto-5d4d-20260811T233201Z.json,2026-08-11,pluto-5d4d,1,upper,manual,50.0,2500000.0,-25.198091526045296,-27.50715560074606,1,1,1
ch1-upper-edge-narrow-pluto-5d4d-20260811T233406Z,ch1-upper-edge-narrow-pluto-5d4d-20260811T233406Z.json,2026-08-11,pluto-5d4d,1,upper,slow_attack,,2500000.0,-12.379697436035016,-12.312351544517208,2,2,2
ch1-upper-edge-narrow-pluto-5d4d-20260811T235836Z,ch1-upper-edge-narrow-pluto-5d4d-20260811T235836Z.json,2026-08-12,pluto-5d4d,1,upper,slow_attack,,2500000.0,-12.509823199550587,-12.672672904585989,0,0,0
ch1-upper-edge-narrow-pluto-5d4d-20260812T000315Z,ch1-upper-edge-narrow-pluto-5d4d-20260812T000315Z.json,2026-08-12,pluto-5d4d,1,upper,manual,50.0,2500000.0,-25.07865482689578,-27.424026631845887,1,0,0
ch1-upper-edge-narrow-pluto-5d4d-20260812T001340Z,ch1-upper-edge-narrow-pluto-5d4d-20260812T001340Z.json,2026-08-12,pluto-5d4d,1,upper,slow_attack,,2500000.0,-12.501288900279302,-12.692636051853041,0,0,0
ch1-upper-edge-narrow-pluto-5d4d-20260812T001546Z,ch1-upper-edge-narrow-pluto-5d4d-20260812T001546Z.json,2026-08-12,pluto-5d4d,1,upper,manual,50.0,2500000.0,-24.720955276444055,-27.06187737973492,3,3,2
ch1-upper-edge-narrow-pluto-5d4d-20260812T002518Z,ch1-upper-edge-narrow-pluto-5d4d-20260812T002518Z.json,2026-08-12,pluto-5d4d,1,upper,slow_attack,,2500000.0,-12.494187866124626,-12.684789083553278,0,0,0
ch1-upper-edge-narrow-pluto-5d4d-20260812T010831Z,ch1-upper-edge-narrow-pluto-5d4d-20260812T010831Z.json,2026-08-12,pluto-5d4d,1,upper,slow_attack,,2500000.0,-13.003183885994062,-12.587318073412881,1,1,1
ch1-upper-edge-narrow-pluto-5d4d-20260812T011037Z,ch1-upper-edge-narrow-pluto-5d4d-20260812T011037Z.json,2026-08-12,pluto-5d4d,1,upper,manual,50.0,2500000.0,-24.896707969375758,-27.309119101719872,1,1,1
ch1-upper-edge-narrow-pluto-5d4d-20260812T011241Z,ch1-upper-edge-narrow-pluto-5d4d-20260812T011241Z.json,2026-08-12,pluto-5d4d,1,upper,manual,50.0,2500000.0,-24.980584705042705,-27.380453552638777,1,1,1
ch1-upper-edge-narrow-pluto-5d4d-20260812T024410Z,ch1-upper-edge-narrow-pluto-5d4d-20260812T024410Z.json,2026-08-12,pluto-5d4d,1,upper,manual,50.0,2500000.0,-24.643475010172796,-27.10161015964619,1,1,1
ch1-upper-edge-narrow-pluto-5d4d-20260812T030807Z,ch1-upper-edge-narrow-pluto-5d4d-20260812T030807Z.json,2026-08-12,pluto-5d4d,1,upper,manual,50.0,2500000.0,-24.351162830058307,-26.834322230860913,2,2,2
ch1-upper-edge-narrow-pluto-5d4d-20260812T032516Z,ch1-upper-edge-narrow-pluto-5d4d-20260812T032516Z.json,2026-08-12,pluto-5d4d,1,upper,manual,50.0,2500000.0,-24.7374626243696,-27.210763457614924,1,0,0
ch1-upper-edge-narrow-pluto-5d4d-20260812T035523Z,ch1-upper-edge-narrow-pluto-5d4d-20260812T035523Z.json,2026-08-12,pluto-5d4d,1,upper,slow_attack,,2500000.0,-12.115980610966089,-12.343385715867202,1,1,1
ch1-upper-edge-narrow-pluto-5d4d-20260812T040209Z,ch1-upper-edge-narrow-pluto-5d4d-20260812T040209Z.json,2026-08-12,pluto-5d4d,1,upper,manual,50.0,2500000.0,-24.750607094227995,-27.191779629345625,0,0,0
ch1-upper-edge-narrow-pluto-5d4d-20260812T040412Z,ch1-upper-edge-narrow-pluto-5d4d-20260812T040412Z.json,2026-08-12,pluto-5d4d,1,upper,manual,50.0,2500000.0,-24.762902045133217,-27.204664663964472,0,0,0
ch1-upper-edge-narrow-pluto-5d4d-20260812T040819Z,ch1-upper-edge-narrow-pluto-5d4d-20260812T040819Z.json,2026-08-12,pluto-5d4d,1,upper,manual,50.0,2500000.0,-24.541938619770352,-26.980290288224296,4,4,3
ch1-upper-edge-narrow-pluto-5d4d-20260812T041023Z,ch1-upper-edge-narrow-pluto-5d4d-20260812T041023Z.json,2026-08-12,pluto-5d4d,1,upper,slow_attack,,2500000.0,-12.545360478996306,-12.372690009124756,4,4,1
ch1-upper-edge-narrow-pluto-5d4d-20260812T043422Z,ch1-upper-edge-narrow-pluto-5d4d-20260812T043422Z.json,2026-08-12,pluto-5d4d,1,upper,slow_attack,,2500000.0,-12.347664516585414,-12.327172167215544,1,1,1
ch1-upper-edge-narrow-pluto-5d4d-20260812T044037Z,ch1-upper-edge-narrow-pluto-5d4d-20260812T044037Z.json,2026-08-12,pluto-5d4d,1,upper,slow_attack,,2500000.0,-12.15199415572773,-12.516136539107572,2,2,2
ch1-upper-edge-narrow-pluto-5d4d-20260812T044243Z,ch1-upper-edge-narrow-pluto-5d4d-20260812T044243Z.json,2026-08-12,pluto-5d4d,1,upper,manual,50.0,2500000.0,-24.43975827987362,-26.933229812409532,1,1,1
ch1-upper-edge-narrow-pluto-5d4d-20260812T044804Z,ch1-upper-edge-narrow-pluto-5d4d-20260812T044804Z.json,2026-08-12,pluto-5d4d,1,upper,manual,50.0,2500000.0,-24.58224986126472,-27.050272702857203,1,1,1
ch1-upper-edge-narrow-pluto-5d4d-20260812T045008Z,ch1-upper-edge-narrow-pluto-5d4d-20260812T045008Z.json,2026-08-12,pluto-5d4d,1,upper,manual,50.0,2500000.0,-24.87300290159046,-27.296460313591147,0,0,0
ch1-upper-edge-narrow-pluto-5d4d-20260812T045212Z,ch1-upper-edge-narrow-pluto-5d4d-20260812T045212Z.json,2026-08-12,pluto-5d4d,1,upper,slow_attack,,2500000.0,-12.254873891238496,-12.531571709087954,0,0,0
ch1-upper-edge-narrow-pluto-5d4d-20260812T051329Z,ch1-upper-edge-narrow-pluto-5d4d-20260812T051329Z.json,2026-08-12,pluto-5d4d,1,upper,slow_attack,,2500000.0,-12.466029110294981,-12.479105060306306,4,4,2
ch1-upper-edge-narrow-pluto-5d4d-20260812T054245Z,ch1-upper-edge-narrow-pluto-5d4d-20260812T054245Z.json,2026-08-12,pluto-5d4d,1,upper,slow_attack,,2500000.0,-12.321723381609953,-12.525898689586317,2,2,1
ch1-upper-edge-narrow-pluto-5d4d-20260812T065658Z,ch1-upper-edge-narrow-pluto-5d4d-20260812T065658Z.json,2026-08-12,pluto-5d4d,1,upper,manual,50.0,2500000.0,-25.318338424911857,-27.72114178848468,2,2,1
ch1-upper-edge-narrow-pluto-5d4d-20260812T073055Z,ch1-upper-edge-narrow-pluto-5d4d-20260812T073055Z.json,2026-08-12,pluto-5d4d,1,upper,slow_attack,,2500000.0,-12.751950596703622,-12.21832215315888,0,0,0
ch1-upper-edge-narrow-pluto-5d4d-20260812T075515Z,ch1-upper-edge-narrow-pluto-5d4d-20260812T075515Z.json,2026-08-12,pluto-5d4d,1,upper,slow_attack,,2500000.0,-12.066170952240496,-12.30162764971221,5,5,5
ch1-upper-edge-narrow-pluto-5d4d-20260812T090953Z,ch1-upper-edge-narrow-pluto-5d4d-20260812T090953Z.json,2026-08-12,pluto-5d4d,1,upper,slow_attack,,2500000.0,-12.80156976091964,-12.407053900015848,2,2,2
ch1-upper-edge-narrow-pluto-5d4d-20260812T092117Z,ch1-upper-edge-narrow-pluto-5d4d-20260812T092117Z.json,2026-08-12,pluto-5d4d,1,upper,slow_attack,,2500000.0,-12.89075556080123,-12.640208068275156,2,0,0
ch1-upper-edge-narrow-pluto-5d4d-20260812T094155Z,ch1-upper-edge-narrow-pluto-5d4d-20260812T094155Z.json,2026-08-12,pluto-5d4d,1,upper,manual,50.0,2500000.0,-25.427866166795162,-27.86520113531395,3,3,2
ch1-upper-edge-narrow-pluto-5d4d-20260812T094541Z,ch1-upper-edge-narrow-pluto-5d4d-20260812T094541Z.json,2026-08-12,pluto-5d4d,1,upper,slow_attack,,2500000.0,-12.799356195953177,-12.633476378446671,2,2,2
ch1-upper-edge-narrow-pluto-5d4d-20260812T100437Z,ch1-upper-edge-narrow-pluto-5d4d-20260812T100437Z.json,2026-08-12,pluto-5d4d,1,upper,manual,50.0,2500000.0,-25.377750272722835,-27.84404395214129,1,1,1
ch1-upper-edge-narrow-pluto-5d4d-20260812T104405Z,ch1-upper-edge-narrow-pluto-5d4d-20260812T104405Z.json,2026-08-12,pluto-5d4d,1,upper,manual,50.0,2500000.0,-25.041201732997344,-27.511243625428023,4,4,4
ch1-upper-edge-narrow-pluto-5d4d-20260812T111856Z,ch1-upper-edge-narrow-pluto-5d4d-20260812T111856Z.json,2026-08-12,pluto-5d4d,1,upper,manual,50.0,2500000.0,-25.11165921327769,-27.576536453331897,4,4,3
ch1-upper-edge-narrow-pluto-5d4d-20260812T115431Z,ch1-upper-edge-narrow-pluto-5d4d-20260812T115431Z.json,2026-08-12,pluto-5d4d,1,upper,manual,50.0,2500000.0,-25.25312716436766,-27.678146825870154,4,4,3
ch1-upper-edge-narrow-pluto-5d4d-20260812T122145Z,ch1-upper-edge-narrow-pluto-5d4d-20260812T122145Z.json,2026-08-12,pluto-5d4d,1,upper,manual,50.0,2500000.0,-25.618785435205105,-28.035135531523792,0,0,0
ch1-upper-edge-narrow-pluto-5d4d-20260812T123007Z,ch1-upper-edge-narrow-pluto-5d4d-20260812T123007Z.json,2026-08-12,pluto-5d4d,1,upper,slow_attack,,2500000.0,-12.82159914319208,-12.467552897714654,3,3,2
ch1-upper-edge-narrow-pluto-5d4d-20260812T123744Z,ch1-upper-edge-narrow-pluto-5d4d-20260812T123744Z.json,2026-08-12,pluto-5d4d,1,upper,manual,50.0,2500000.0,-25.482622358783267,-27.895847983893134,1,0,0
ch1-upper-edge-narrow-pluto-5d4d-20260812T124519Z,ch1-upper-edge-narrow-pluto-5d4d-20260812T124519Z.json,2026-08-12,pluto-5d4d,1,upper,manual,50.0,2500000.0,-25.295783576389532,-27.739805678296197,3,3,3
ch1-upper-edge-narrow-pluto-5d4d-20260812T132009Z,ch1-upper-edge-narrow-pluto-5d4d-20260812T132009Z.json,2026-08-12,pluto-5d4d,1,upper,manual,50.0,2500000.0,-25.27501834523956,-27.74010041395212,2,2,2
ch1-upper-edge-narrow-pluto-5d4d-20260812T140751Z,ch1-upper-edge-narrow-pluto-5d4d-20260812T140751Z.json,2026-08-12,pluto-5d4d,1,upper,manual,50.0,2500000.0,-25.573449384682636,-27.971702469329927,2,2,2
ch1-upper-edge-narrow-pluto-5d4d-20260812T150621Z,ch1-upper-edge-narrow-pluto-5d4d-20260812T150621Z.json,2026-08-12,pluto-5d4d,1,upper,manual,50.0,2500000.0,-25.62194978827902,-27.966126570912625,3,3,3
ch1-upper-edge-narrow-pluto-5d4d-20260812T151744Z,ch1-upper-edge-narrow-pluto-5d4d-20260812T151744Z.json,2026-08-12,pluto-5d4d,1,upper,manual,50.0,2500000.0,-25.585917744422353,-27.880973915025464,2,2,2
ch1-upper-edge-narrow-pluto-5d4d-20260812T160102Z,ch1-upper-edge-narrow-pluto-5d4d-20260812T160102Z.json,2026-08-12,pluto-5d4d,1,upper,slow_attack,,2500000.0,-12.246792472129155,-12.350063133563143,2,2,2
ch1-upper-edge-narrow-pluto-5d4d-20260812T161316Z,ch1-upper-edge-narrow-pluto-5d4d-20260812T161316Z.json,2026-08-12,pluto-5d4d,1,upper,manual,50.0,2500000.0,-26.22594649951403,-28.362403092251554,0,0,0
ch1-upper-edge-narrow-pluto-5d4d-20260812T162531Z,ch1-upper-edge-narrow-pluto-5d4d-20260812T162531Z.json,2026-08-12,pluto-5d4d,1,upper,manual,50.0,2500000.0,-26.00203964035167,-28.09387529575662,2,2,2
ch1-upper-edge-narrow-pluto-5d4d-20260812T174903Z,ch1-upper-edge-narrow-pluto-5d4d-20260812T174903Z.json,2026-08-12,pluto-5d4d,1,upper,manual,50.0,2500000.0,-26.697152774148467,-28.72736862426107,1,1,0
ch1-upper-edge-narrow-pluto-5d4d-20260812T181301Z,ch1-upper-edge-narrow-pluto-5d4d-20260812T181301Z.json,2026-08-12,pluto-5d4d,1,upper,manual,50.0,2500000.0,-26.00106345143532,-28.05109920403077,1,1,1
ch1-upper-edge-narrow-pluto-5d4d-20260812T182042Z,ch1-upper-edge-narrow-pluto-5d4d-20260812T182042Z.json,2026-08-12,pluto-5d4d,1,upper,manual,50.0,2500000.0,-25.575514416085973,-27.69333708332892,6,6,2
ch1-upper-edge-narrow-pluto-5d4d-20260812T182434Z,ch1-upper-edge-narrow-pluto-5d4d-20260812T182434Z.json,2026-08-12,pluto-5d4d,1,upper,slow_attack,,2500000.0,-12.371151287862798,-12.314206441439726,3,3,2
ch1-upper-edge-narrow-pluto-5d4d-20260812T183658Z,ch1-upper-edge-narrow-pluto-5d4d-20260812T183658Z.json,2026-08-12,pluto-5d4d,1,upper,manual,50.0,2500000.0,-25.98979062299362,-28.022650603805292,0,0,0
ch1-upper-edge-narrow-pluto-5d4d-20260812T190902Z,ch1-upper-edge-narrow-pluto-5d4d-20260812T190902Z.json,2026-08-12,pluto-5d4d,1,upper,manual,50.0,2500000.0,-25.938778534753943,-28.0285721444504,1,1,0
ch1-upper-edge-narrow-pluto-5d4d-20260812T194528Z,ch1-upper-edge-narrow-pluto-5d4d-20260812T194528Z.json,2026-08-12,pluto-5d4d,1,upper,slow_attack,,2500000.0,-12.459229488533454,-12.5381974810959,4,4,3
ch1-upper-edge-narrow-pluto-5d4d-20260812T195320Z,ch1-upper-edge-narrow-pluto-5d4d-20260812T195320Z.json,2026-08-12,pluto-5d4d,1,upper,slow_attack,,2500000.0,-12.429054264653647,-12.66871771474378,2,2,2
ch1-upper-edge-narrow-pluto-5d4d-20260812T201715Z,ch1-upper-edge-narrow-pluto-5d4d-20260812T201715Z.json,2026-08-12,pluto-5d4d,1,upper,manual,50.0,2500000.0,-25.393718704781435,-27.63772049913369,4,4,3
ch1-upper-edge-narrow-pluto-5d4d-20260812T210118Z,ch1-upper-edge-narrow-pluto-5d4d-20260812T210118Z.json,2026-08-12,pluto-5d4d,1,upper,manual,50.0,2500000.0,-25.439809815641695,-27.64249026257355,2,2,2
ch1-upper-edge-narrow-pluto-5d4d-20260812T215309Z,ch1-upper-edge-narrow-pluto-5d4d-20260812T215309Z.json,2026-08-12,pluto-5d4d,1,upper,slow_attack,,2500000.0,-12.77459329806135,-12.825905200395196,2,2,2
ch1-upper-edge-narrow-pluto-5d4d-20260812T223239Z,ch1-upper-edge-narrow-pluto-5d4d-20260812T223239Z.json,2026-08-12,pluto-5d4d,1,upper,slow_attack,,2500000.0,-12.821925933941529,-12.816238903386202,4,4,4
ch1-upper-edge-narrow-pluto-5d4d-20260812T224018Z,ch1-upper-edge-narrow-pluto-5d4d-20260812T224018Z.json,2026-08-12,pluto-5d4d,1,upper,manual,50.0,2500000.0,-25.359939356357522,-27.52783621091141,4,4,3
ch1-upper-edge-narrow-pluto-5d4d-20260812T230933Z,ch1-upper-edge-narrow-pluto-5d4d-20260812T230933Z.json,2026-08-12,pluto-5d4d,1,upper,manual,50.0,2500000.0,-25.367743304977118,-27.606032112389197,0,0,0
ch1-upper-edge-narrow-pluto-5d4d-20260813T002834Z,ch1-upper-edge-narrow-pluto-5d4d-20260813T002834Z.json,2026-08-13,pluto-5d4d,1,upper,manual,50.0,2500000.0,-25.161443413443628,-27.441815710721986,1,1,1
ch1-upper-edge-narrow-pluto-5d4d-20260813T003615Z,ch1-upper-edge-narrow-pluto-5d4d-20260813T003615Z.json,2026-08-13,pluto-5d4d,1,upper,slow_attack,,2500000.0,-12.445836690687814,-12.629228812702593,2,2,2
ch1-upper-edge-narrow-pluto-5d4d-20260813T013511Z,ch1-upper-edge-narrow-pluto-5d4d-20260813T013511Z.json,2026-08-13,pluto-5d4d,1,upper,manual,50.0,2500000.0,-25.088995335892818,-27.430096433378864,1,1,1
ch1-upper-edge-narrow-pluto-5d4d-20260813T023223Z,ch1-upper-edge-narrow-pluto-5d4d-20260813T023223Z.json,2026-08-13,pluto-5d4d,1,upper,manual,50.0,2500000.0,-24.880920842879735,-27.28182400488144,2,2,1
ch1-upper-edge-narrow-pluto-5d4d-20260813T024503Z,ch1-upper-edge-narrow-pluto-5d4d-20260813T024503Z.json,2026-08-13,pluto-5d4d,1,upper,manual,50.0,2500000.0,-24.769959287378658,-27.18752704771374,1,1,1
ch1-upper-edge-narrow-pluto-5d4d-20260813T030056Z,ch1-upper-edge-narrow-pluto-5d4d-20260813T030056Z.json,2026-08-13,pluto-5d4d,1,upper,manual,50.0,2500000.0,-24.756041928675515,-27.183746400789875,1,1,1
ch1-upper-edge-narrow-pluto-5d4d-20260813T030947Z,ch1-upper-edge-narrow-pluto-5d4d-20260813T030947Z.json,2026-08-13,pluto-5d4d,1,upper,slow_attack,,2500000.0,-12.298262342216752,-12.543375188027122,1,1,1
ch1-upper-edge-narrow-pluto-5d4d-20260813T031744Z,ch1-upper-edge-narrow-pluto-5d4d-20260813T031744Z.json,2026-08-13,pluto-5d4d,1,upper,slow_attack,,2500000.0,-12.336529584586138,-12.483701613187979,2,2,1
ch1-upper-edge-narrow-pluto-5d4d-20260813T033331Z,ch1-upper-edge-narrow-pluto-5d4d-20260813T033331Z.json,2026-08-13,pluto-5d4d,1,upper,manual,50.0,2500000.0,-24.873018471530173,-27.24293396180154,1,1,1
ch1-upper-edge-narrow-pluto-5d4d-20260813T035047Z,ch1-upper-edge-narrow-pluto-5d4d-20260813T035047Z.json,2026-08-13,pluto-5d4d,1,upper,manual,50.0,2500000.0,-24.94607984190089,-27.34985037919052,0,0,0
ch1-upper-edge-narrow-pluto-5d4d-20260813T052506Z,ch1-upper-edge-narrow-pluto-5d4d-20260813T052506Z.json,2026-08-13,pluto-5d4d,1,upper,slow_attack,,2500000.0,-29.918601358395005,-12.52397831255598,2,0,0
ch1-upper-edge-narrow-pluto-5d4d-20260813T055701Z,ch1-upper-edge-narrow-pluto-5d4d-20260813T055701Z.json,2026-08-13,pluto-5d4d,1,upper,slow_attack,,2500000.0,-29.92747175857201,-12.436145590608152,3,0,0
ch1-upper-edge-narrow-pluto-5d4d-20260813T062505Z,ch1-upper-edge-narrow-pluto-5d4d-20260813T062505Z.json,2026-08-13,pluto-5d4d,1,upper,manual,50.0,2500000.0,-50.77039342480162,-27.42147292266431,0,0,0
ch1-upper-edge-narrow-pluto-5d4d-20260813T064143Z,ch1-upper-edge-narrow-pluto-5d4d-20260813T064143Z.json,2026-08-13,pluto-5d4d,1,upper,manual,50.0,2500000.0,-50.7661502880911,-27.35307129693404,0,0,0
ch1-upper-edge-narrow-pluto-5d4d-20260813T064541Z,ch1-upper-edge-narrow-pluto-5d4d-20260813T064541Z.json,2026-08-13,pluto-5d4d,1,upper,manual,50.0,2500000.0,-50.76609483304283,-27.176561559008697,2,0,0
ch1-upper-edge-narrow-pluto-5d4d-20260813T071750Z,ch1-upper-edge-narrow-pluto-5d4d-20260813T071750Z.json,2026-08-13,pluto-5d4d,1,upper,manual,50.0,2500000.0,-50.756276611396885,-27.168031666142184,1,0,0
ch1-upper-edge-narrow-pluto-5d4d-20260813T075846Z,ch1-upper-edge-narrow-pluto-5d4d-20260813T075846Z.json,2026-08-13,pluto-5d4d,1,upper,slow_attack,,2500000.0,-29.899132220999434,-12.50133508625169,0,0,0
ch1-upper-edge-narrow-pluto-5d4d-20260813T080245Z,ch1-upper-edge-narrow-pluto-5d4d-20260813T080245Z.json,2026-08-13,pluto-5d4d,1,upper,slow_attack,,2500000.0,-29.900062707069132,-12.471965669285652,4,0,0
ch1-upper-edge-narrow-pluto-5d4d-20260813T081450Z,ch1-upper-edge-narrow-pluto-5d4d-20260813T081450Z.json,2026-08-13,pluto-5d4d,1,upper,manual,50.0,2500000.0,-50.763105194718214,-27.169068927320602,3,0,0
ch1-upper-edge-narrow-pluto-5d4d-20260813T084822Z,ch1-upper-edge-narrow-pluto-5d4d-20260813T084822Z.json,2026-08-13,pluto-5d4d,1,upper,slow_attack,,2500000.0,-29.91475317711986,-12.491663715635653,1,0,0
ch1-upper-edge-narrow-pluto-5d4d-20260813T090054Z,ch1-upper-edge-narrow-pluto-5d4d-20260813T090054Z.json,2026-08-13,pluto-5d4d,1,upper,manual,50.0,2500000.0,-50.76677703160801,-27.30148911765291,0,0,0
ch1-upper-edge-narrow-pluto-5d4d-20260813T095715Z,ch1-upper-edge-narrow-pluto-5d4d-20260813T095715Z.json,2026-08-13,pluto-5d4d,1,upper,slow_attack,,2500000.0,-29.919312972759418,-12.647770003427638,2,0,0
ch1-upper-edge-narrow-pluto-5d4d-20260813T101653Z,ch1-upper-edge-narrow-pluto-5d4d-20260813T101653Z.json,2026-08-13,pluto-5d4d,1,upper,manual,50.0,2500000.0,-50.80420176645702,-27.339080705449554,4,0,0
ch1-upper-edge-narrow-pluto-5d4d-20260813T105834Z,ch1-upper-edge-narrow-pluto-5d4d-20260813T105834Z.json,2026-08-13,pluto-5d4d,1,upper,slow_attack,,2500000.0,-29.95033637042716,-12.51782789213086,3,0,0
ch1-upper-edge-narrow-pluto-5d4d-20260813T112639Z,ch1-upper-edge-narrow-pluto-5d4d-20260813T112639Z.json,2026-08-13,pluto-5d4d,1,upper,slow_attack,,2500000.0,-29.94922807219379,-12.701083085907658,0,0,0
ch1-upper-edge-narrow-pluto-5d4d-20260813T114752Z,ch1-upper-edge-narrow-pluto-5d4d-20260813T114752Z.json,2026-08-13,pluto-5d4d,1,upper,manual,50.0,2500000.0,-50.79541799963222,-27.227680113531918,4,0,0
ch1-upper-edge-narrow-pluto-5d4d-20260813T121529Z,ch1-upper-edge-narrow-pluto-5d4d-20260813T121529Z.json,2026-08-13,pluto-5d4d,1,upper,manual,50.0,2500000.0,-50.77310080534555,-27.298039730476994,0,0,0
ch1-upper-edge-narrow-pluto-5d4d-20260813T124615Z,ch1-upper-edge-narrow-pluto-5d4d-20260813T124615Z.json,2026-08-13,pluto-5d4d,1,upper,manual,50.0,2500000.0,-50.76914557898631,-27.020405837891182,3,0,0
ch1-upper-edge-narrow-pluto-5d4d-20260813T131026Z,ch1-upper-edge-narrow-pluto-5d4d-20260813T131026Z.json,2026-08-13,pluto-5d4d,1,upper,slow_attack,,2500000.0,-29.7668011383394,-12.448576207607013,0,0,0
ch1-upper-edge-narrow-pluto-5d4d-20260813T153902Z,ch1-upper-edge-narrow-pluto-5d4d-20260813T153902Z.json,2026-08-13,pluto-5d4d,1,upper,manual,50.0,2500000.0,-50.77914296361692,-27.247319213045927,2,0,0
ch1-upper-edge-narrow-pluto-5d4d-20260813T160026Z,ch1-upper-edge-narrow-pluto-5d4d-20260813T160026Z.json,2026-08-13,pluto-5d4d,1,upper,slow_attack,,2500000.0,-29.962333446197967,-12.371983123685649,5,0,0
ch1-upper-edge-narrow-pluto-5d4d-20260813T160815Z,ch1-upper-edge-narrow-pluto-5d4d-20260813T160815Z.json,2026-08-13,pluto-5d4d,1,upper,manual,50.0,2500000.0,-50.80605381176887,-26.986977052877865,2,0,0
ch1-upper-edge-narrow-pluto-5d4d-20260813T164050Z,ch1-upper-edge-narrow-pluto-5d4d-20260813T164050Z.json,2026-08-13,pluto-5d4d,1,upper,slow_attack,,2500000.0,-29.970725674454066,-12.469539650322432,3,0,0
ch1-upper-edge-narrow-pluto-5d4d-20260813T165809Z,ch1-upper-edge-narrow-pluto-5d4d-20260813T165809Z.json,2026-08-13,pluto-5d4d,1,upper,manual,50.0,2500000.0,-50.84301918905588,-27.151295144830012,2,0,0
ch1-upper-edge-narrow-pluto-5d4d-20260813T171433Z,ch1-upper-edge-narrow-pluto-5d4d-20260813T171433Z.json,2026-08-13,pluto-5d4d,1,upper,manual,50.0,2500000.0,-50.844505982078765,-27.263048787095347,2,0,0
ch1-upper-edge-narrow-pluto-5d4d-20260813T172217Z,ch1-upper-edge-narrow-pluto-5d4d-20260813T172217Z.json,2026-08-13,pluto-5d4d,1,upper,manual,50.0,2500000.0,-50.84468949106321,-27.4595705717593,1,0,0
ch1-upper-edge-narrow-pluto-5d4d-20260813T194502Z,ch1-upper-edge-narrow-pluto-5d4d-20260813T194502Z.json,2026-08-13,pluto-5d4d,1,upper,slow_attack,,2500000.0,-12.355750996751125,-12.36808444281046,4,0,0
ch1-upper-edge-narrow-pluto-5d4d-20260813T195254Z,ch1-upper-edge-narrow-pluto-5d4d-20260813T195254Z.json,2026-08-13,pluto-5d4d,1,upper,manual,50.0,2500000.0,-29.023970896296237,-27.768077670474597,5,0,0
ch1-upper-edge-narrow-pluto-5d4d-20260813T202545Z,ch1-upper-edge-narrow-pluto-5d4d-20260813T202545Z.json,2026-08-13,pluto-5d4d,1,upper,slow_attack,,2500000.0,-12.334654514398766,-12.247025426031763,4,0,0
ch1-upper-edge-narrow-pluto-5d4d-20260813T215343Z,ch1-upper-edge-narrow-pluto-5d4d-20260813T215343Z.json,2026-08-13,pluto-5d4d,1,upper,manual,50.0,2500000.0,-29.10013771058058,-27.804420334015205,6,0,0
ch1-upper-edge-narrow-pluto-5d4d-20260813T220607Z,ch1-upper-edge-narrow-pluto-5d4d-20260813T220607Z.json,2026-08-13,pluto-5d4d,1,upper,manual,50.0,2500000.0,-29.09612913537297,-27.82089641032044,6,0,0
ch1-upper-edge-narrow-pluto-5d4d-20260813T220959Z,ch1-upper-edge-narrow-pluto-5d4d-20260813T220959Z.json,2026-08-13,pluto-5d4d,1,upper,slow_attack,,2500000.0,-12.300319885605402,-12.36728872946401,5,0,0
ch2-lower-edge-narrow-pluto-19f2-20260811T051448Z,ch2-lower-edge-narrow-pluto-19f2-20260811T051448Z.json,2026-08-11,pluto-19f2,2,lower,slow_attack,,2500000.0,-12.61950808336775,-12.61102011798011,2,0,0
ch2-lower-edge-narrow-pluto-19f2-20260811T054620Z,ch2-lower-edge-narrow-pluto-19f2-20260811T054620Z.json,2026-08-11,pluto-19f2,2,lower,slow_attack,,2500000.0,-12.626394656545106,-12.616690073735805,2,0,0
ch2-lower-edge-narrow-pluto-19f2-20260811T060716Z,ch2-lower-edge-narrow-pluto-19f2-20260811T060716Z.json,2026-08-11,pluto-19f2,2,lower,slow_attack,,2500000.0,-12.932701536980144,-12.668369423898103,2,0,0
ch2-lower-edge-narrow-pluto-19f2-20260811T062610Z,ch2-lower-edge-narrow-pluto-19f2-20260811T062610Z.json,2026-08-11,pluto-19f2,2,lower,slow_attack,,2500000.0,-12.253760191540268,-12.666603945157318,3,0,0
ch2-lower-edge-narrow-pluto-19f2-20260811T062817Z,ch2-lower-edge-narrow-pluto-19f2-20260811T062817Z.json,2026-08-11,pluto-19f2,2,lower,manual,50.0,2500000.0,-9.887550459486325,-7.768968325124517,2,2,1
ch2-lower-edge-narrow-pluto-19f2-20260811T063434Z,ch2-lower-edge-narrow-pluto-19f2-20260811T063434Z.json,2026-08-11,pluto-19f2,2,lower,slow_attack,,2500000.0,-12.600858014532976,-12.341342566655182,2,0,0
ch2-lower-edge-narrow-pluto-19f2-20260811T064912Z,ch2-lower-edge-narrow-pluto-19f2-20260811T064912Z.json,2026-08-11,pluto-19f2,2,lower,slow_attack,,2500000.0,-13.085875679471604,-12.841548028352092,2,0,0
ch2-lower-edge-narrow-pluto-19f2-20260811T065738Z,ch2-lower-edge-narrow-pluto-19f2-20260811T065738Z.json,2026-08-11,pluto-19f2,2,lower,slow_attack,,2500000.0,-12.152424336594077,-12.697201445083872,2,0,0
ch2-lower-edge-narrow-pluto-19f2-20260811T070600Z,ch2-lower-edge-narrow-pluto-19f2-20260811T070600Z.json,2026-08-11,pluto-19f2,2,lower,manual,50.0,2500000.0,-9.725577276196613,-7.555371723711451,2,2,1
ch2-lower-edge-narrow-pluto-19f2-20260811T071011Z,ch2-lower-edge-narrow-pluto-19f2-20260811T071011Z.json,2026-08-11,pluto-19f2,2,lower,manual,50.0,2500000.0,-9.828025932668028,-7.794390678587089,2,2,1
ch2-lower-edge-narrow-pluto-19f2-20260811T071831Z,ch2-lower-edge-narrow-pluto-19f2-20260811T071831Z.json,2026-08-11,pluto-19f2,2,lower,slow_attack,,2500000.0,-13.080700638082309,-12.88156267465446,1,0,0
ch2-lower-edge-narrow-pluto-19f2-20260811T073515Z,ch2-lower-edge-narrow-pluto-19f2-20260811T073515Z.json,2026-08-11,pluto-19f2,2,lower,manual,50.0,2500000.0,-9.644673221542934,-7.467560554611069,2,2,1
ch2-lower-edge-narrow-pluto-19f2-20260811T073925Z,ch2-lower-edge-narrow-pluto-19f2-20260811T073925Z.json,2026-08-11,pluto-19f2,2,lower,slow_attack,,2500000.0,-12.670788273824382,-12.496738707931108,2,2,1
ch2-lower-edge-narrow-pluto-19f2-20260811T080227Z,ch2-lower-edge-narrow-pluto-19f2-20260811T080227Z.json,2026-08-11,pluto-19f2,2,lower,manual,50.0,2500000.0,-9.872542368938088,-7.655908002909247,3,1,0
ch2-lower-edge-narrow-pluto-19f2-20260811T080844Z,ch2-lower-edge-narrow-pluto-19f2-20260811T080844Z.json,2026-08-11,pluto-19f2,2,lower,slow_attack,,2500000.0,-12.490202963211274,-12.696799478436034,1,0,0
ch2-lower-edge-narrow-pluto-19f2-20260811T081710Z,ch2-lower-edge-narrow-pluto-19f2-20260811T081710Z.json,2026-08-11,pluto-19f2,2,lower,slow_attack,,2500000.0,-12.364555032105411,-12.398390178210917,3,1,0
ch2-lower-edge-narrow-pluto-19f2-20260811T084220Z,ch2-lower-edge-narrow-pluto-19f2-20260811T084220Z.json,2026-08-11,pluto-19f2,2,lower,slow_attack,,2500000.0,-12.698937402677203,-12.51957175193467,3,3,2
ch2-lower-edge-narrow-pluto-19f2-20260811T091756Z,ch2-lower-edge-narrow-pluto-19f2-20260811T091756Z.json,2026-08-11,pluto-19f2,2,lower,slow_attack,,2500000.0,-12.223605209173973,-12.077236640312838,0,0,0
ch2-lower-edge-narrow-pluto-19f2-20260811T094058Z,ch2-lower-edge-narrow-pluto-19f2-20260811T094058Z.json,2026-08-11,pluto-19f2,2,lower,manual,50.0,2500000.0,-9.814595446744402,-7.669014171270668,1,1,0
ch2-lower-edge-narrow-pluto-19f2-20260811T100811Z,ch2-lower-edge-narrow-pluto-19f2-20260811T100811Z.json,2026-08-11,pluto-19f2,2,lower,manual,50.0,2500000.0,-10.037921728987854,-7.952163037885812,2,0,0
ch2-lower-edge-narrow-pluto-19f2-20260811T101220Z,ch2-lower-edge-narrow-pluto-19f2-20260811T101220Z.json,2026-08-11,pluto-19f2,2,lower,slow_attack,,2500000.0,-12.21523833892687,-12.849613097925662,0,0,0
ch2-lower-edge-narrow-pluto-19f2-20260811T102906Z,ch2-lower-edge-narrow-pluto-19f2-20260811T102906Z.json,2026-08-11,pluto-19f2,2,lower,manual,50.0,2500000.0,-9.86524186150896,-7.654439140586674,2,0,0
ch2-lower-edge-narrow-pluto-19f2-20260811T110226Z,ch2-lower-edge-narrow-pluto-19f2-20260811T110226Z.json,2026-08-11,pluto-19f2,2,lower,manual,50.0,2500000.0,-9.588718680792983,-7.434281704981958,3,3,2
ch2-lower-edge-narrow-pluto-19f2-20260811T114625Z,ch2-lower-edge-narrow-pluto-19f2-20260811T114625Z.json,2026-08-11,pluto-19f2,2,lower,slow_attack,,2500000.0,-12.538274642619605,-12.728469017478012,0,0,0
ch2-lower-edge-narrow-pluto-19f2-20260811T120521Z,ch2-lower-edge-narrow-pluto-19f2-20260811T120521Z.json,2026-08-11,pluto-19f2,2,lower,manual,50.0,2500000.0,-9.952954979020848,-7.952722922191418,2,2,1
ch2-lower-edge-narrow-pluto-19f2-20260811T120930Z,ch2-lower-edge-narrow-pluto-19f2-20260811T120930Z.json,2026-08-11,pluto-19f2,2,lower,slow_attack,,2500000.0,-12.478425160418375,-13.021783609086127,1,0,0
ch2-lower-edge-narrow-pluto-19f2-20260811T121341Z,ch2-lower-edge-narrow-pluto-19f2-20260811T121341Z.json,2026-08-11,pluto-19f2,2,lower,manual,50.0,2500000.0,-9.766649911069669,-7.5733416878597435,2,2,0
ch2-lower-edge-narrow-pluto-19f2-20260811T121546Z,ch2-lower-edge-narrow-pluto-19f2-20260811T121546Z.json,2026-08-11,pluto-19f2,2,lower,manual,50.0,2500000.0,-10.086030807243699,-8.048500894449727,1,0,0
ch2-lower-edge-narrow-pluto-19f2-20260811T123640Z,ch2-lower-edge-narrow-pluto-19f2-20260811T123640Z.json,2026-08-11,pluto-19f2,2,lower,slow_attack,,2500000.0,-12.565292616028906,-12.331477942367588,1,1,1
ch2-lower-edge-narrow-pluto-19f2-20260811T130354Z,ch2-lower-edge-narrow-pluto-19f2-20260811T130354Z.json,2026-08-11,pluto-19f2,2,lower,manual,50.0,2500000.0,-9.619918962401336,-7.564068952605893,1,1,1
ch2-lower-edge-narrow-pluto-19f2-20260811T131420Z,ch2-lower-edge-narrow-pluto-19f2-20260811T131420Z.json,2026-08-11,pluto-19f2,2,lower,manual,50.0,2500000.0,-9.759876892478484,-7.780815837208039,3,1,0
ch2-lower-edge-narrow-pluto-19f2-20260811T132243Z,ch2-lower-edge-narrow-pluto-19f2-20260811T132243Z.json,2026-08-11,pluto-19f2,2,lower,slow_attack,,2500000.0,-12.081918990185915,-12.920661888557511,0,0,0
ch2-lower-edge-narrow-pluto-19f2-20260811T134634Z,ch2-lower-edge-narrow-pluto-19f2-20260811T134634Z.json,2026-08-11,pluto-19f2,2,lower,manual,50.0,2500000.0,-9.934757735308471,-7.896712826958269,1,1,0
ch2-lower-edge-narrow-pluto-19f2-20260811T134838Z,ch2-lower-edge-narrow-pluto-19f2-20260811T134838Z.json,2026-08-11,pluto-19f2,2,lower,manual,50.0,2500000.0,-9.980020891678144,-7.891597524615977,2,0,0
ch2-lower-edge-narrow-pluto-19f2-20260811T141546Z,ch2-lower-edge-narrow-pluto-19f2-20260811T141546Z.json,2026-08-11,pluto-19f2,2,lower,slow_attack,,2500000.0,-12.245571222694565,-12.14528899610458,2,0,0
ch2-lower-edge-narrow-pluto-19f2-20260811T150011Z,ch2-lower-edge-narrow-pluto-19f2-20260811T150011Z.json,2026-08-11,pluto-19f2,2,lower,manual,50.0,2500000.0,-9.72278980932171,-7.554044243943304,4,0,0
ch2-lower-edge-narrow-pluto-19f2-20260811T155503Z,ch2-lower-edge-narrow-pluto-19f2-20260811T155503Z.json,2026-08-11,pluto-19f2,2,lower,manual,50.0,2500000.0,-9.231680002870661,-6.793601539242921,1,1,1
ch2-lower-edge-narrow-pluto-19f2-20260811T160528Z,ch2-lower-edge-narrow-pluto-19f2-20260811T160528Z.json,2026-08-11,pluto-19f2,2,lower,slow_attack,,2500000.0,-12.56813960119942,-12.451542895615145,2,2,1
ch2-lower-edge-narrow-pluto-19f2-20260811T163601Z,ch2-lower-edge-narrow-pluto-19f2-20260811T163601Z.json,2026-08-11,pluto-19f2,2,lower,slow_attack,,2500000.0,-12.13875082561042,-12.898988034979112,1,1,1
ch2-lower-edge-narrow-pluto-19f2-20260811T170108Z,ch2-lower-edge-narrow-pluto-19f2-20260811T170108Z.json,2026-08-11,pluto-19f2,2,lower,manual,50.0,2500000.0,-10.140483012494528,-8.051575921615813,2,0,0
ch2-lower-edge-narrow-pluto-19f2-20260811T172204Z,ch2-lower-edge-narrow-pluto-19f2-20260811T172204Z.json,2026-08-11,pluto-19f2,2,lower,slow_attack,,2500000.0,-12.743494056770379,-12.738762415247766,1,0,0
ch2-lower-edge-narrow-pluto-19f2-20260811T175852Z,ch2-lower-edge-narrow-pluto-19f2-20260811T175852Z.json,2026-08-11,pluto-19f2,2,lower,slow_attack,,2500000.0,-12.423204776370778,-12.448472548942695,3,0,0
ch2-lower-edge-narrow-pluto-19f2-20260811T180513Z,ch2-lower-edge-narrow-pluto-19f2-20260811T180513Z.json,2026-08-11,pluto-19f2,2,lower,slow_attack,,2500000.0,-12.444793203679133,-12.42282963529787,3,0,0
ch2-lower-edge-narrow-pluto-19f2-20260811T182258Z,ch2-lower-edge-narrow-pluto-19f2-20260811T182258Z.json,2026-08-11,pluto-19f2,2,lower,manual,50.0,2500000.0,-9.478279930224199,-7.537113298612641,0,0,0
ch2-lower-edge-narrow-pluto-19f2-20260811T182508Z,ch2-lower-edge-narrow-pluto-19f2-20260811T182508Z.json,2026-08-11,pluto-19f2,2,lower,slow_attack,,2500000.0,-12.793665633319556,-12.842093662156993,0,0,0
ch2-lower-edge-narrow-pluto-19f2-20260811T182725Z,ch2-lower-edge-narrow-pluto-19f2-20260811T182725Z.json,2026-08-11,pluto-19f2,2,lower,manual,50.0,2500000.0,-9.57944187920608,-7.699699414257333,1,1,1
ch2-lower-edge-narrow-pluto-19f2-20260811T183155Z,ch2-lower-edge-narrow-pluto-19f2-20260811T183155Z.json,2026-08-11,pluto-19f2,2,lower,manual,50.0,2500000.0,-9.697490434863791,-7.843496849250239,0,0,0
ch2-lower-edge-narrow-pluto-19f2-20260811T190418Z,ch2-lower-edge-narrow-pluto-19f2-20260811T190418Z.json,2026-08-11,pluto-19f2,2,lower,manual,50.0,2500000.0,-9.886560751267403,-7.7308182089368955,2,0,0
ch2-lower-edge-narrow-pluto-19f2-20260811T193830Z,ch2-lower-edge-narrow-pluto-19f2-20260811T193830Z.json,2026-08-11,pluto-19f2,2,lower,manual,50.0,2500000.0,-9.959584336835556,-7.962271276934931,0,0,0
ch2-lower-edge-narrow-pluto-19f2-20260811T201646Z,ch2-lower-edge-narrow-pluto-19f2-20260811T201646Z.json,2026-08-11,pluto-19f2,2,lower,slow_attack,,2500000.0,-12.113742110911932,-13.020086324931516,0,0,0
ch2-lower-edge-narrow-pluto-19f2-20260811T222011Z,ch2-lower-edge-narrow-pluto-19f2-20260811T222011Z.json,2026-08-11,pluto-19f2,2,lower,manual,50.0,2500000.0,-9.540846866387508,-7.556235510220897,1,1,1
ch2-lower-edge-narrow-pluto-19f2-20260811T222355Z,ch2-lower-edge-narrow-pluto-19f2-20260811T222355Z.json,2026-08-11,pluto-19f2,2,lower,manual,50.0,2500000.0,-9.305806106059084,-7.255085085160836,7,0,0
ch2-lower-edge-narrow-pluto-19f2-20260811T223512Z,ch2-lower-edge-narrow-pluto-19f2-20260811T223512Z.json,2026-08-11,pluto-19f2,2,lower,slow_attack,,2500000.0,-12.531261738884169,-12.410108992936284,2,2,0
ch2-lower-edge-narrow-pluto-19f2-20260811T225747Z,ch2-lower-edge-narrow-pluto-19f2-20260811T225747Z.json,2026-08-11,pluto-19f2,2,lower,manual,50.0,2500000.0,-9.397499398784925,-7.396548052752097,4,0,0
ch2-lower-edge-narrow-pluto-19f2-20260811T230130Z,ch2-lower-edge-narrow-pluto-19f2-20260811T230130Z.json,2026-08-11,pluto-19f2,2,lower,slow_attack,,2500000.0,-12.557669799108265,-12.525203951028203,2,0,0
ch2-lower-edge-narrow-pluto-19f2-20260811T230516Z,ch2-lower-edge-narrow-pluto-19f2-20260811T230516Z.json,2026-08-11,pluto-19f2,2,lower,manual,50.0,2500000.0,-9.460647542598469,-7.634571320452554,2,0,0
ch2-lower-edge-narrow-pluto-19f2-20260811T235420Z,ch2-lower-edge-narrow-pluto-19f2-20260811T235420Z.json,2026-08-12,pluto-19f2,2,lower,slow_attack,,2500000.0,-12.57953210752627,-12.367658767940403,1,1,1
ch2-lower-edge-narrow-pluto-19f2-20260812T010550Z,ch2-lower-edge-narrow-pluto-19f2-20260812T010550Z.json,2026-08-12,pluto-19f2,2,lower,manual,50.0,2500000.0,-9.41020770615895,-7.476009814785113,2,0,0
ch2-lower-edge-narrow-pluto-19f2-20260812T021003Z,ch2-lower-edge-narrow-pluto-19f2-20260812T021003Z.json,2026-08-12,pluto-19f2,2,lower,manual,50.0,2500000.0,-8.620142659253673,-6.660844302791023,3,3,2
ch2-lower-edge-narrow-pluto-19f2-20260812T021733Z,ch2-lower-edge-narrow-pluto-19f2-20260812T021733Z.json,2026-08-12,pluto-19f2,2,lower,manual,50.0,2500000.0,-9.229125871178782,-7.3678679698668015,0,0,0
ch2-lower-edge-narrow-pluto-19f2-20260812T022848Z,ch2-lower-edge-narrow-pluto-19f2-20260812T022848Z.json,2026-08-12,pluto-19f2,2,lower,slow_attack,,2500000.0,-12.448796775700249,-12.430980737823187,8,0,0
ch2-lower-edge-narrow-pluto-19f2-20260812T024350Z,ch2-lower-edge-narrow-pluto-19f2-20260812T024350Z.json,2026-08-12,pluto-19f2,2,lower,slow_attack,,2500000.0,-12.51981265859602,-12.564372155079045,1,1,1
ch2-lower-edge-narrow-pluto-19f2-20260812T030617Z,ch2-lower-edge-narrow-pluto-19f2-20260812T030617Z.json,2026-08-12,pluto-19f2,2,lower,slow_attack,,2500000.0,-12.452275360557836,-12.605902435942342,3,3,1
ch2-lower-edge-narrow-pluto-19f2-20260812T031003Z,ch2-lower-edge-narrow-pluto-19f2-20260812T031003Z.json,2026-08-12,pluto-19f2,2,lower,slow_attack,,2500000.0,-12.766396469134984,-12.488893716495316,1,1,1
ch2-lower-edge-narrow-pluto-19f2-20260812T031348Z,ch2-lower-edge-narrow-pluto-19f2-20260812T031348Z.json,2026-08-12,pluto-19f2,2,lower,slow_attack,,2500000.0,-12.435295120019207,-12.373928514823891,0,0,0
ch2-lower-edge-narrow-pluto-19f2-20260812T031734Z,ch2-lower-edge-narrow-pluto-19f2-20260812T031734Z.json,2026-08-12,pluto-19f2,2,lower,slow_attack,,2500000.0,-12.560627690725212,-12.678552772270784,0,0,0
ch2-lower-edge-narrow-pluto-19f2-20260812T032120Z,ch2-lower-edge-narrow-pluto-19f2-20260812T032120Z.json,2026-08-12,pluto-19f2,2,lower,manual,50.0,2500000.0,-8.918458824563793,-6.970643732660372,4,0,0
ch2-lower-edge-narrow-pluto-19f2-20260812T032505Z,ch2-lower-edge-narrow-pluto-19f2-20260812T032505Z.json,2026-08-12,pluto-19f2,2,lower,manual,50.0,2500000.0,-9.095197452728792,-7.167889433897967,1,1,1
ch2-lower-edge-narrow-pluto-19f2-20260812T041009Z,ch2-lower-edge-narrow-pluto-19f2-20260812T041009Z.json,2026-08-12,pluto-19f2,2,lower,slow_attack,,2500000.0,-12.54344826133452,-12.625093958418262,1,1,1
ch2-lower-edge-narrow-pluto-19f2-20260812T042857Z,ch2-lower-edge-narrow-pluto-19f2-20260812T042857Z.json,2026-08-12,pluto-19f2,2,lower,manual,50.0,2500000.0,-8.970188245419324,-7.02781547400293,0,0,0
ch2-lower-edge-narrow-pluto-19f2-20260812T044011Z,ch2-lower-edge-narrow-pluto-19f2-20260812T044011Z.json,2026-08-12,pluto-19f2,2,lower,manual,50.0,2500000.0,-9.187049186623371,-7.33062476367591,0,0,0
ch2-lower-edge-narrow-pluto-19f2-20260812T054819Z,ch2-lower-edge-narrow-pluto-19f2-20260812T054819Z.json,2026-08-12,pluto-19f2,2,lower,slow_attack,,2500000.0,-12.7063840044589,-12.47149966910534,3,0,0
ch2-lower-edge-narrow-pluto-19f2-20260812T055554Z,ch2-lower-edge-narrow-pluto-19f2-20260812T055554Z.json,2026-08-12,pluto-19f2,2,lower,slow_attack,,2500000.0,-12.586782224972142,-12.5060569696372,3,0,0
ch2-lower-edge-narrow-pluto-19f2-20260812T062617Z,ch2-lower-edge-narrow-pluto-19f2-20260812T062617Z.json,2026-08-12,pluto-19f2,2,lower,slow_attack,,2500000.0,-12.361659849482713,-12.414126745624008,1,1,1
ch2-lower-edge-narrow-pluto-19f2-20260812T063005Z,ch2-lower-edge-narrow-pluto-19f2-20260812T063005Z.json,2026-08-12,pluto-19f2,2,lower,manual,50.0,2500000.0,-9.313437343426585,-7.330659191933371,2,2,1
ch2-lower-edge-narrow-pluto-19f2-20260812T064124Z,ch2-lower-edge-narrow-pluto-19f2-20260812T064124Z.json,2026-08-12,pluto-19f2,2,lower,manual,50.0,2500000.0,-9.521596701788786,-7.4986435443810215,2,2,1
ch2-lower-edge-narrow-pluto-19f2-20260812T071519Z,ch2-lower-edge-narrow-pluto-19f2-20260812T071519Z.json,2026-08-12,pluto-19f2,2,lower,manual,50.0,2500000.0,-9.272823928181259,-7.168849975064504,3,3,2
ch2-lower-edge-narrow-pluto-19f2-20260812T071910Z,ch2-lower-edge-narrow-pluto-19f2-20260812T071910Z.json,2026-08-12,pluto-19f2,2,lower,slow_attack,,2500000.0,-12.638475758047907,-12.476501804043208,0,0,0
ch2-lower-edge-narrow-pluto-19f2-20260812T091641Z,ch2-lower-edge-narrow-pluto-19f2-20260812T091641Z.json,2026-08-12,pluto-19f2,2,lower,manual,50.0,2500000.0,-9.695219898407274,-7.754546902646804,0,0,0
ch2-lower-edge-narrow-pluto-19f2-20260812T100554Z,ch2-lower-edge-narrow-pluto-19f2-20260812T100554Z.json,2026-08-12,pluto-19f2,2,lower,slow_attack,,2500000.0,-12.771011978970373,-12.68675685253073,0,0,0
ch2-lower-edge-narrow-pluto-19f2-20260812T102455Z,ch2-lower-edge-narrow-pluto-19f2-20260812T102455Z.json,2026-08-12,pluto-19f2,2,lower,manual,50.0,2500000.0,-9.66301074263138,-7.7808054233992525,2,2,1
ch2-lower-edge-narrow-pluto-19f2-20260812T112520Z,ch2-lower-edge-narrow-pluto-19f2-20260812T112520Z.json,2026-08-12,pluto-19f2,2,lower,slow_attack,,2500000.0,-12.315195340932217,-12.652543755344494,2,2,0
ch2-lower-edge-narrow-pluto-19f2-20260812T122212Z,ch2-lower-edge-narrow-pluto-19f2-20260812T122212Z.json,2026-08-12,pluto-19f2,2,lower,slow_attack,,2500000.0,-12.8476871956096,-12.792160710476617,1,0,0
ch2-lower-edge-narrow-pluto-19f2-20260812T124456Z,ch2-lower-edge-narrow-pluto-19f2-20260812T124456Z.json,2026-08-12,pluto-19f2,2,lower,slow_attack,,2500000.0,-12.721728234419441,-12.633551698861442,4,0,0
ch2-lower-edge-narrow-pluto-19f2-20260812T134153Z,ch2-lower-edge-narrow-pluto-19f2-20260812T134153Z.json,2026-08-12,pluto-19f2,2,lower,manual,50.0,2500000.0,-9.32248181478651,-7.315884800392949,1,1,1
ch2-lower-edge-narrow-pluto-19f2-20260812T141946Z,ch2-lower-edge-narrow-pluto-19f2-20260812T141946Z.json,2026-08-12,pluto-19f2,2,lower,slow_attack,,2500000.0,-12.469108787359396,-12.455089468369652,1,1,0
ch2-lower-edge-narrow-pluto-19f2-20260812T143846Z,ch2-lower-edge-narrow-pluto-19f2-20260812T143846Z.json,2026-08-12,pluto-19f2,2,lower,slow_attack,,2500000.0,-12.795620797388995,-12.72174541271609,2,0,0
ch2-lower-edge-narrow-pluto-19f2-20260812T144234Z,ch2-lower-edge-narrow-pluto-19f2-20260812T144234Z.json,2026-08-12,pluto-19f2,2,lower,manual,50.0,2500000.0,-9.768648502470791,-7.818029308936566,1,1,0
ch2-lower-edge-narrow-pluto-19f2-20260812T144620Z,ch2-lower-edge-narrow-pluto-19f2-20260812T144620Z.json,2026-08-12,pluto-19f2,2,lower,manual,50.0,2500000.0,-9.714876064491518,-7.742291267098974,2,0,0
ch2-lower-edge-narrow-pluto-19f2-20260812T150518Z,ch2-lower-edge-narrow-pluto-19f2-20260812T150518Z.json,2026-08-12,pluto-19f2,2,lower,slow_attack,,2500000.0,-12.913629557108408,-12.865091803865575,2,0,0
ch2-lower-edge-narrow-pluto-19f2-20260812T150906Z,ch2-lower-edge-narrow-pluto-19f2-20260812T150906Z.json,2026-08-12,pluto-19f2,2,lower,manual,50.0,2500000.0,-9.796091251980455,-7.830554562620811,3,0,0
ch2-lower-edge-narrow-pluto-19f2-20260812T160601Z,ch2-lower-edge-narrow-pluto-19f2-20260812T160601Z.json,2026-08-12,pluto-19f2,2,lower,manual,50.0,2500000.0,-9.675159799113434,-7.649127442580889,2,2,2
ch2-lower-edge-narrow-pluto-19f2-20260812T161724Z,ch2-lower-edge-narrow-pluto-19f2-20260812T161724Z.json,2026-08-12,pluto-19f2,2,lower,manual,50.0,2500000.0,-9.9425333094416,-7.805722539486158,2,2,2
ch2-lower-edge-narrow-pluto-19f2-20260812T163632Z,ch2-lower-edge-narrow-pluto-19f2-20260812T163632Z.json,2026-08-12,pluto-19f2,2,lower,manual,50.0,2500000.0,-10.047185701529047,-7.9585686151372,5,0,0
ch2-lower-edge-narrow-pluto-19f2-20260812T164808Z,ch2-lower-edge-narrow-pluto-19f2-20260812T164808Z.json,2026-08-12,pluto-19f2,2,lower,manual,50.0,2500000.0,-10.03196060714238,-7.969070099172624,2,2,2
ch2-lower-edge-narrow-pluto-19f2-20260812T171508Z,ch2-lower-edge-narrow-pluto-19f2-20260812T171508Z.json,2026-08-12,pluto-19f2,2,lower,manual,50.0,2500000.0,-9.748831708437006,-7.398533958499636,2,2,2
ch2-lower-edge-narrow-pluto-19f2-20260812T172644Z,ch2-lower-edge-narrow-pluto-19f2-20260812T172644Z.json,2026-08-12,pluto-19f2,2,lower,manual,50.0,2500000.0,-10.319123516262486,-8.19946423627889,2,2,1
ch2-lower-edge-narrow-pluto-19f2-20260812T173428Z,ch2-lower-edge-narrow-pluto-19f2-20260812T173428Z.json,2026-08-12,pluto-19f2,2,lower,manual,50.0,2500000.0,-10.408539277275635,-8.285583953841382,0,0,0
ch2-lower-edge-narrow-pluto-19f2-20260812T183238Z,ch2-lower-edge-narrow-pluto-19f2-20260812T183238Z.json,2026-08-12,pluto-19f2,2,lower,manual,50.0,2500000.0,-9.58255111895474,-7.403924500881857,5,0,0
ch2-lower-edge-narrow-pluto-19f2-20260812T184021Z,ch2-lower-edge-narrow-pluto-19f2-20260812T184021Z.json,2026-08-12,pluto-19f2,2,lower,slow_attack,,2500000.0,-12.483562714381193,-12.404742043777578,2,0,0
ch2-lower-edge-narrow-pluto-19f2-20260812T191117Z,ch2-lower-edge-narrow-pluto-19f2-20260812T191117Z.json,2026-08-12,pluto-19f2,2,lower,slow_attack,,2500000.0,-12.676555044634403,-12.548595738420518,5,0,0
ch2-lower-edge-narrow-pluto-19f2-20260812T191903Z,ch2-lower-edge-narrow-pluto-19f2-20260812T191903Z.json,2026-08-12,pluto-19f2,2,lower,manual,50.0,2500000.0,-9.873172232750338,-7.856142461071364,1,0,0
ch2-lower-edge-narrow-pluto-19f2-20260812T193039Z,ch2-lower-edge-narrow-pluto-19f2-20260812T193039Z.json,2026-08-12,pluto-19f2,2,lower,manual,50.0,2500000.0,-9.70659043386082,-7.506905079437879,6,0,0
ch2-lower-edge-narrow-pluto-19f2-20260812T193858Z,ch2-lower-edge-narrow-pluto-19f2-20260812T193858Z.json,2026-08-12,pluto-19f2,2,lower,slow_attack,,2500000.0,-12.065509241061992,-12.634705666934774,1,0,0
ch2-lower-edge-narrow-pluto-19f2-20260812T194252Z,ch2-lower-edge-narrow-pluto-19f2-20260812T194252Z.json,2026-08-12,pluto-19f2,2,lower,manual,50.0,2500000.0,-9.597192640491334,-7.436522508060296,3,3,2
ch2-lower-edge-narrow-pluto-19f2-20260812T212325Z,ch2-lower-edge-narrow-pluto-19f2-20260812T212325Z.json,2026-08-12,pluto-19f2,2,lower,manual,50.0,2500000.0,-9.259580900003336,-7.1473232820064805,2,2,2
ch2-lower-edge-narrow-pluto-19f2-20260812T220201Z,ch2-lower-edge-narrow-pluto-19f2-20260812T220201Z.json,2026-08-12,pluto-19f2,2,lower,slow_attack,,2500000.0,-12.64832113401041,-12.416898637013741,3,0,0
ch2-lower-edge-narrow-pluto-19f2-20260812T221344Z,ch2-lower-edge-narrow-pluto-19f2-20260812T221344Z.json,2026-08-12,pluto-19f2,2,lower,manual,50.0,2500000.0,-9.608208692647464,-7.577880400244697,4,0,0
ch2-lower-edge-narrow-pluto-19f2-20260813T003547Z,ch2-lower-edge-narrow-pluto-19f2-20260813T003547Z.json,2026-08-13,pluto-19f2,2,lower,slow_attack,,2500000.0,-12.49150214876795,-12.436057193119545,2,0,0
ch2-lower-edge-narrow-pluto-19f2-20260813T005102Z,ch2-lower-edge-narrow-pluto-19f2-20260813T005102Z.json,2026-08-13,pluto-19f2,2,lower,slow_attack,,2500000.0,-12.440945745602438,-12.374846546621622,2,0,0
ch2-lower-edge-narrow-pluto-19f2-20260813T020000Z,ch2-lower-edge-narrow-pluto-19f2-20260813T020000Z.json,2026-08-13,pluto-19f2,2,lower,slow_attack,,2500000.0,-12.79163832463134,-12.449176034644756,2,2,1
ch2-lower-edge-narrow-pluto-19f2-20260813T022404Z,ch2-lower-edge-narrow-pluto-19f2-20260813T022404Z.json,2026-08-13,pluto-19f2,2,lower,manual,50.0,2500000.0,-9.270557345774053,-7.302908397503668,3,0,0
ch2-lower-edge-narrow-pluto-19f2-20260813T030729Z,ch2-lower-edge-narrow-pluto-19f2-20260813T030729Z.json,2026-08-13,pluto-19f2,2,lower,slow_attack,,2500000.0,-12.512830651033106,-12.267371625752322,5,0,0
ch2-lower-edge-narrow-pluto-19f2-20260813T031533Z,ch2-lower-edge-narrow-pluto-19f2-20260813T031533Z.json,2026-08-13,pluto-19f2,2,lower,slow_attack,,2500000.0,-12.56155237707966,-12.461235078376248,7,0,0
ch2-lower-edge-narrow-pluto-19f2-20260813T031934Z,ch2-lower-edge-narrow-pluto-19f2-20260813T031934Z.json,2026-08-13,pluto-19f2,2,lower,manual,50.0,2500000.0,-9.210137982188327,-7.180569244302885,1,0,0
ch2-lower-edge-narrow-pluto-19f2-20260813T033120Z,ch2-lower-edge-narrow-pluto-19f2-20260813T033120Z.json,2026-08-13,pluto-19f2,2,lower,slow_attack,,2500000.0,-12.7499142581838,-12.655346041052999,0,0,0
ch2-lower-edge-narrow-pluto-19f2-20260813T040639Z,ch2-lower-edge-narrow-pluto-19f2-20260813T040639Z.json,2026-08-13,pluto-19f2,2,lower,slow_attack,,2500000.0,-12.730173727412101,-12.420426689684641,2,2,1
ch2-lower-edge-narrow-pluto-19f2-20260813T041033Z,ch2-lower-edge-narrow-pluto-19f2-20260813T041033Z.json,2026-08-13,pluto-19f2,2,lower,slow_attack,,2500000.0,-12.550045314444915,-12.460459522826701,0,0,0
ch2-lower-edge-narrow-pluto-19f2-20260813T043022Z,ch2-lower-edge-narrow-pluto-19f2-20260813T043022Z.json,2026-08-13,pluto-19f2,2,lower,manual,50.0,2500000.0,-9.36939868439126,-7.371471230422632,1,1,0
ch2-lower-edge-narrow-pluto-19f2-20260813T045026Z,ch2-lower-edge-narrow-pluto-19f2-20260813T045026Z.json,2026-08-13,pluto-19f2,2,lower,manual,50.0,2500000.0,-9.238535670082067,-7.234060445267234,1,1,0
ch2-lower-edge-narrow-pluto-19f2-20260813T053029Z,ch2-lower-edge-narrow-pluto-19f2-20260813T053029Z.json,2026-08-13,pluto-19f2,2,lower,manual,50.0,2500000.0,-9.256044304269706,-7.323800666215767,1,1,1
ch2-lower-edge-narrow-pluto-19f2-20260813T053815Z,ch2-lower-edge-narrow-pluto-19f2-20260813T053815Z.json,2026-08-13,pluto-19f2,2,lower,slow_attack,,2500000.0,-12.528766989804863,-12.472304994361416,1,1,1
ch2-lower-edge-narrow-pluto-19f2-20260813T054211Z,ch2-lower-edge-narrow-pluto-19f2-20260813T054211Z.json,2026-08-13,pluto-19f2,2,lower,manual,50.0,2500000.0,-9.204269690493392,-7.325422331842963,8,0,0
ch2-lower-edge-narrow-pluto-19f2-20260813T060141Z,ch2-lower-edge-narrow-pluto-19f2-20260813T060141Z.json,2026-08-13,pluto-19f2,2,lower,manual,50.0,2500000.0,-9.390133316800647,-7.576253200963814,2,0,0
ch2-lower-edge-narrow-pluto-19f2-20260813T070426Z,ch2-lower-edge-narrow-pluto-19f2-20260813T070426Z.json,2026-08-13,pluto-19f2,2,lower,slow_attack,,2500000.0,-12.638292499516805,-12.378429108493963,3,0,0
ch2-lower-edge-narrow-pluto-19f2-20260813T082342Z,ch2-lower-edge-narrow-pluto-19f2-20260813T082342Z.json,2026-08-13,pluto-19f2,2,lower,manual,50.0,2500000.0,-9.38318222836892,-7.645058355444437,0,0,0
ch2-lower-edge-narrow-pluto-19f2-20260813T090324Z,ch2-lower-edge-narrow-pluto-19f2-20260813T090324Z.json,2026-08-13,pluto-19f2,2,lower,manual,50.0,2500000.0,-9.240667395072284,-7.409902090026254,1,1,1
ch2-lower-edge-narrow-pluto-19f2-20260813T091858Z,ch2-lower-edge-narrow-pluto-19f2-20260813T091858Z.json,2026-08-13,pluto-19f2,2,lower,manual,50.0,2500000.0,-9.063004855985339,-7.2923976940876525,1,1,1
ch2-lower-edge-narrow-pluto-19f2-20260813T095011Z,ch2-lower-edge-narrow-pluto-19f2-20260813T095011Z.json,2026-08-13,pluto-19f2,2,lower,manual,50.0,2500000.0,-9.416407960973263,-7.678910223917442,2,0,0
ch2-lower-edge-narrow-pluto-19f2-20260813T104150Z,ch2-lower-edge-narrow-pluto-19f2-20260813T104150Z.json,2026-08-13,pluto-19f2,2,lower,slow_attack,,2500000.0,-12.545306990047528,-12.523981417381735,0,0,0
ch2-lower-edge-narrow-pluto-19f2-20260813T104555Z,ch2-lower-edge-narrow-pluto-19f2-20260813T104555Z.json,2026-08-13,pluto-19f2,2,lower,manual,50.0,2500000.0,-9.415135779034564,-7.7297808959594665,1,1,1
ch2-lower-edge-narrow-pluto-19f2-20260813T104954Z,ch2-lower-edge-narrow-pluto-19f2-20260813T104954Z.json,2026-08-13,pluto-19f2,2,lower,slow_attack,,2500000.0,-12.436122382655434,-12.424685133062104,1,1,1
ch2-lower-edge-narrow-pluto-19f2-20260813T110538Z,ch2-lower-edge-narrow-pluto-19f2-20260813T110538Z.json,2026-08-13,pluto-19f2,2,lower,slow_attack,,2500000.0,-12.38470509728786,-12.510084995709628,0,0,0
ch2-lower-edge-narrow-pluto-19f2-20260813T111721Z,ch2-lower-edge-narrow-pluto-19f2-20260813T111721Z.json,2026-08-13,pluto-19f2,2,lower,manual,50.0,2500000.0,-9.349556506446344,-7.6583650544636335,0,0,0
ch2-lower-edge-narrow-pluto-19f2-20260813T112509Z,ch2-lower-edge-narrow-pluto-19f2-20260813T112509Z.json,2026-08-13,pluto-19f2,2,lower,slow_attack,,2500000.0,-12.416796145446263,-12.442062448426931,3,3,1
ch2-lower-edge-narrow-pluto-19f2-20260813T114051Z,ch2-lower-edge-narrow-pluto-19f2-20260813T114051Z.json,2026-08-13,pluto-19f2,2,lower,manual,50.0,2500000.0,-9.42832243419694,-7.6978118833619416,3,0,0
ch2-lower-edge-narrow-pluto-19f2-20260813T124110Z,ch2-lower-edge-narrow-pluto-19f2-20260813T124110Z.json,2026-08-13,pluto-19f2,2,lower,manual,50.0,2500000.0,-9.268471481786966,-7.334251657609034,2,2,2
ch2-lower-edge-narrow-pluto-19f2-20260813T124504Z,ch2-lower-edge-narrow-pluto-19f2-20260813T124504Z.json,2026-08-13,pluto-19f2,2,lower,slow_attack,,2500000.0,-12.611830340467037,-12.604796637533624,2,2,1
ch2-lower-edge-narrow-pluto-19f2-20260813T130438Z,ch2-lower-edge-narrow-pluto-19f2-20260813T130438Z.json,2026-08-13,pluto-19f2,2,lower,slow_attack,,2500000.0,-12.835700047506034,-12.702156796275876,1,1,0
ch2-lower-edge-narrow-pluto-19f2-20260813T135116Z,ch2-lower-edge-narrow-pluto-19f2-20260813T135116Z.json,2026-08-13,pluto-19f2,2,lower,slow_attack,,2500000.0,-12.773131774287227,-12.613953096424535,0,0,0
ch2-lower-edge-narrow-pluto-19f2-20260813T140259Z,ch2-lower-edge-narrow-pluto-19f2-20260813T140259Z.json,2026-08-13,pluto-19f2,2,lower,slow_attack,,2500000.0,-12.64220533994961,-12.548644560776815,3,0,0
ch2-lower-edge-narrow-pluto-19f2-20260813T141046Z,ch2-lower-edge-narrow-pluto-19f2-20260813T141046Z.json,2026-08-13,pluto-19f2,2,lower,manual,50.0,2500000.0,-9.220893586361917,-7.2247398777249945,2,2,1
ch2-lower-edge-narrow-pluto-19f2-20260813T141832Z,ch2-lower-edge-narrow-pluto-19f2-20260813T141832Z.json,2026-08-13,pluto-19f2,2,lower,slow_attack,,2500000.0,-12.519023543807858,-12.490715331914169,2,2,1
ch2-lower-edge-narrow-pluto-19f2-20260813T153657Z,ch2-lower-edge-narrow-pluto-19f2-20260813T153657Z.json,2026-08-13,pluto-19f2,2,lower,manual,50.0,2500000.0,-9.119910897382802,-7.387506684794504,1,1,1
ch2-lower-edge-narrow-pluto-19f2-20260813T154840Z,ch2-lower-edge-narrow-pluto-19f2-20260813T154840Z.json,2026-08-13,pluto-19f2,2,lower,slow_attack,,2500000.0,-12.694588177362816,-12.593034970036602,1,1,1
ch2-lower-edge-narrow-pluto-19f2-20260813T155242Z,ch2-lower-edge-narrow-pluto-19f2-20260813T155242Z.json,2026-08-13,pluto-19f2,2,lower,slow_attack,,2500000.0,-12.621608115859376,-12.456545540169191,4,0,0
ch2-lower-edge-narrow-pluto-19f2-20260813T161632Z,ch2-lower-edge-narrow-pluto-19f2-20260813T161632Z.json,2026-08-13,pluto-19f2,2,lower,manual,50.0,2500000.0,-10.04774938701695,-7.860566182066324,0,0,0
ch2-lower-edge-narrow-pluto-19f2-20260813T174720Z,ch2-lower-edge-narrow-pluto-19f2-20260813T174720Z.json,2026-08-13,pluto-19f2,2,lower,manual,50.0,2500000.0,-9.779687606368709,-7.93526498677932,4,0,0
ch2-lower-edge-narrow-pluto-19f2-20260813T191839Z,ch2-lower-edge-narrow-pluto-19f2-20260813T191839Z.json,2026-08-13,pluto-19f2,2,lower,manual,50.0,2500000.0,-9.804230281033519,-8.146689497508723,4,0,0
ch2-lower-edge-narrow-pluto-19f2-20260813T192232Z,ch2-lower-edge-narrow-pluto-19f2-20260813T192232Z.json,2026-08-13,pluto-19f2,2,lower,manual,50.0,2500000.0,-9.703693185797952,-8.0683723506097,0,0,0
ch2-lower-edge-narrow-pluto-19f2-20260813T202921Z,ch2-lower-edge-narrow-pluto-19f2-20260813T202921Z.json,2026-08-13,pluto-19f2,2,lower,manual,50.0,2500000.0,-9.496413007263452,-7.848127693065749,3,0,0
ch2-lower-edge-narrow-pluto-19f2-20260813T215524Z,ch2-lower-edge-narrow-pluto-19f2-20260813T215524Z.json,2026-08-13,pluto-19f2,2,lower,slow_attack,,2500000.0,-12.730014191850781,-12.668789642069022,5,0,0
ch2-lower-edge-narrow-pluto-19f2-20260813T215918Z,ch2-lower-edge-narrow-pluto-19f2-20260813T215918Z.json,2026-08-13,pluto-19f2,2,lower,manual,50.0,2500000.0,-9.755831583351535,-8.172030773808602,3,0,0
ch2-lower-edge-narrow-pluto-19f2-20260813T224313Z,ch2-lower-edge-narrow-pluto-19f2-20260813T224313Z.json,2026-08-13,pluto-19f2,2,lower,slow_attack,,2500000.0,-12.668984183699688,-13.096206379972584,2,0,0
ch2-lower-edge-narrow-pluto-19f2-20260813T225458Z,ch2-lower-edge-narrow-pluto-19f2-20260813T225458Z.json,2026-08-13,pluto-19f2,2,lower,slow_attack,,2500000.0,-12.541327026845423,-12.884365866603948,2,2,1
ch2-lower-edge-narrow-pluto-19f2-20260813T231438Z,ch2-lower-edge-narrow-pluto-19f2-20260813T231438Z.json,2026-08-13,pluto-19f2,2,lower,manual,50.0,2500000.0,-9.38050783086351,-7.8528260255743865,1,1,1
ch2-lower-edge-narrow-pluto-5d4d-20260811T055633Z,ch2-lower-edge-narrow-pluto-5d4d-20260811T055633Z.json,2026-08-11,pluto-5d4d,2,lower,slow_attack,,2500000.0,-12.414594671118433,-12.160703387280726,2,2,2
ch2-lower-edge-narrow-pluto-5d4d-20260811T062048Z,ch2-lower-edge-narrow-pluto-5d4d-20260811T062048Z.json,2026-08-11,pluto-5d4d,2,lower,slow_attack,,2500000.0,-12.366973864668818,-12.360116718799144,3,3,3
ch2-lower-edge-narrow-pluto-5d4d-20260811T063844Z,ch2-lower-edge-narrow-pluto-5d4d-20260811T063844Z.json,2026-08-11,pluto-5d4d,2,lower,manual,50.0,2500000.0,-25.108291087519582,-27.72316284275535,3,3,3
ch2-lower-edge-narrow-pluto-5d4d-20260811T065355Z,ch2-lower-edge-narrow-pluto-5d4d-20260811T065355Z.json,2026-08-11,pluto-5d4d,2,lower,slow_attack,,2500000.0,-12.76900934002681,-12.204233721160518,3,1,1
ch2-lower-edge-narrow-pluto-5d4d-20260811T070707Z,ch2-lower-edge-narrow-pluto-5d4d-20260811T070707Z.json,2026-08-11,pluto-5d4d,2,lower,slow_attack,,2500000.0,-12.657979255143958,-12.113496912093824,2,2,2
ch2-lower-edge-narrow-pluto-5d4d-20260811T072831Z,ch2-lower-edge-narrow-pluto-5d4d-20260811T072831Z.json,2026-08-11,pluto-5d4d,2,lower,slow_attack,,2500000.0,-12.894550569560206,-12.241951328729657,1,1,1
ch2-lower-edge-narrow-pluto-5d4d-20260811T073447Z,ch2-lower-edge-narrow-pluto-5d4d-20260811T073447Z.json,2026-08-11,pluto-5d4d,2,lower,manual,50.0,2500000.0,-25.30538484537374,-27.86018308688023,3,3,3
ch2-lower-edge-narrow-pluto-5d4d-20260811T073801Z,ch2-lower-edge-narrow-pluto-5d4d-20260811T073801Z.json,2026-08-11,pluto-5d4d,2,lower,manual,50.0,2500000.0,-25.14852646001804,-27.7858021874179,5,5,5
ch2-lower-edge-narrow-pluto-5d4d-20260811T074214Z,ch2-lower-edge-narrow-pluto-5d4d-20260811T074214Z.json,2026-08-11,pluto-5d4d,2,lower,slow_attack,,2500000.0,-12.582160747705252,-12.554230057263931,1,1,1
ch2-lower-edge-narrow-pluto-5d4d-20260811T074625Z,ch2-lower-edge-narrow-pluto-5d4d-20260811T074625Z.json,2026-08-11,pluto-5d4d,2,lower,manual,50.0,2500000.0,-25.37210585714252,-27.941373361445386,1,1,1
ch2-lower-edge-narrow-pluto-5d4d-20260811T074829Z,ch2-lower-edge-narrow-pluto-5d4d-20260811T074829Z.json,2026-08-11,pluto-5d4d,2,lower,slow_attack,,2500000.0,-12.276679709255959,-12.282331625848414,1,1,1
ch2-lower-edge-narrow-pluto-5d4d-20260811T080136Z,ch2-lower-edge-narrow-pluto-5d4d-20260811T080136Z.json,2026-08-11,pluto-5d4d,2,lower,manual,50.0,2500000.0,-25.354934353374766,-27.907793697737475,1,1,1
ch2-lower-edge-narrow-pluto-5d4d-20260811T080545Z,ch2-lower-edge-narrow-pluto-5d4d-20260811T080545Z.json,2026-08-11,pluto-5d4d,2,lower,slow_attack,,2500000.0,-12.867984815579526,-12.356464015295751,4,4,4
ch2-lower-edge-narrow-pluto-5d4d-20260811T081037Z,ch2-lower-edge-narrow-pluto-5d4d-20260811T081037Z.json,2026-08-11,pluto-5d4d,2,lower,slow_attack,,2500000.0,-12.714564636888305,-12.361677567801019,2,2,2
ch2-lower-edge-narrow-pluto-5d4d-20260811T081245Z,ch2-lower-edge-narrow-pluto-5d4d-20260811T081245Z.json,2026-08-11,pluto-5d4d,2,lower,slow_attack,,2500000.0,-12.55005736597507,-12.353300979502809,1,1,1
ch2-lower-edge-narrow-pluto-5d4d-20260811T085009Z,ch2-lower-edge-narrow-pluto-5d4d-20260811T085009Z.json,2026-08-11,pluto-5d4d,2,lower,manual,50.0,2500000.0,-25.45270843295707,-28.02639737221671,1,1,1
ch2-lower-edge-narrow-pluto-5d4d-20260811T085621Z,ch2-lower-edge-narrow-pluto-5d4d-20260811T085621Z.json,2026-08-11,pluto-5d4d,2,lower,manual,50.0,2500000.0,-25.03233405157884,-27.689490214569457,2,2,1
ch2-lower-edge-narrow-pluto-5d4d-20260811T090029Z,ch2-lower-edge-narrow-pluto-5d4d-20260811T090029Z.json,2026-08-11,pluto-5d4d,2,lower,slow_attack,,2500000.0,-12.957682400070512,-12.375352338487005,1,1,1
ch2-lower-edge-narrow-pluto-5d4d-20260811T093549Z,ch2-lower-edge-narrow-pluto-5d4d-20260811T093549Z.json,2026-08-11,pluto-5d4d,2,lower,slow_attack,,2500000.0,-12.106006636915506,-12.347612178411216,1,1,1
ch2-lower-edge-narrow-pluto-5d4d-20260811T093755Z,ch2-lower-edge-narrow-pluto-5d4d-20260811T093755Z.json,2026-08-11,pluto-5d4d,2,lower,slow_attack,,2500000.0,-12.228130668014863,-12.377192199873937,2,2,2
ch2-lower-edge-narrow-pluto-5d4d-20260811T094410Z,ch2-lower-edge-narrow-pluto-5d4d-20260811T094410Z.json,2026-08-11,pluto-5d4d,2,lower,manual,50.0,2500000.0,-24.972477698784576,-27.524310950069673,4,4,4
ch2-lower-edge-narrow-pluto-5d4d-20260811T101723Z,ch2-lower-edge-narrow-pluto-5d4d-20260811T101723Z.json,2026-08-11,pluto-5d4d,2,lower,slow_attack,,2500000.0,-12.5738976402853,-12.304246089169784,3,3,3
ch2-lower-edge-narrow-pluto-5d4d-20260811T103728Z,ch2-lower-edge-narrow-pluto-5d4d-20260811T103728Z.json,2026-08-11,pluto-5d4d,2,lower,slow_attack,,2500000.0,-12.424123913629703,-12.400370680302863,3,3,3
ch2-lower-edge-narrow-pluto-5d4d-20260811T110337Z,ch2-lower-edge-narrow-pluto-5d4d-20260811T110337Z.json,2026-08-11,pluto-5d4d,2,lower,manual,50.0,2500000.0,-25.08863420082282,-27.588621626636662,2,2,2
ch2-lower-edge-narrow-pluto-5d4d-20260811T110746Z,ch2-lower-edge-narrow-pluto-5d4d-20260811T110746Z.json,2026-08-11,pluto-5d4d,2,lower,slow_attack,,2500000.0,-12.489736683493717,-12.530772101868566,3,3,3
ch2-lower-edge-narrow-pluto-5d4d-20260811T114454Z,ch2-lower-edge-narrow-pluto-5d4d-20260811T114454Z.json,2026-08-11,pluto-5d4d,2,lower,slow_attack,,2500000.0,-12.762369112731298,-12.222459643582969,2,2,2
ch2-lower-edge-narrow-pluto-5d4d-20260811T121315Z,ch2-lower-edge-narrow-pluto-5d4d-20260811T121315Z.json,2026-08-11,pluto-5d4d,2,lower,slow_attack,,2500000.0,-12.480804914616124,-12.409034774346452,2,2,2
ch2-lower-edge-narrow-pluto-5d4d-20260811T121521Z,ch2-lower-edge-narrow-pluto-5d4d-20260811T121521Z.json,2026-08-11,pluto-5d4d,2,lower,slow_attack,,2500000.0,-12.580114668602908,-12.424526337798818,1,1,1
ch2-lower-edge-narrow-pluto-5d4d-20260811T121934Z,ch2-lower-edge-narrow-pluto-5d4d-20260811T121934Z.json,2026-08-11,pluto-5d4d,2,lower,slow_attack,,2500000.0,-12.535811614806061,-12.28683839292784,2,2,2
ch2-lower-edge-narrow-pluto-5d4d-20260811T122211Z,ch2-lower-edge-narrow-pluto-5d4d-20260811T122211Z.json,2026-08-11,pluto-5d4d,2,lower,slow_attack,,2500000.0,-12.971248832495244,-12.305196548805416,3,3,3
ch2-lower-edge-narrow-pluto-5d4d-20260811T124427Z,ch2-lower-edge-narrow-pluto-5d4d-20260811T124427Z.json,2026-08-11,pluto-5d4d,2,lower,manual,50.0,2500000.0,-25.64758408518358,-28.200449217436386,0,0,0
ch2-lower-edge-narrow-pluto-5d4d-20260811T131035Z,ch2-lower-edge-narrow-pluto-5d4d-20260811T131035Z.json,2026-08-11,pluto-5d4d,2,lower,slow_attack,,2500000.0,-12.500383723297661,-12.310592109616909,3,3,3
ch2-lower-edge-narrow-pluto-5d4d-20260811T140226Z,ch2-lower-edge-narrow-pluto-5d4d-20260811T140226Z.json,2026-08-11,pluto-5d4d,2,lower,manual,50.0,2500000.0,-25.112040451069902,-27.701000892962032,5,5,4
ch2-lower-edge-narrow-pluto-5d4d-20260811T140635Z,ch2-lower-edge-narrow-pluto-5d4d-20260811T140635Z.json,2026-08-11,pluto-5d4d,2,lower,slow_attack,,2500000.0,-12.898043901207934,-12.328437457953479,1,1,1
ch2-lower-edge-narrow-pluto-5d4d-20260811T142423Z,ch2-lower-edge-narrow-pluto-5d4d-20260811T142423Z.json,2026-08-11,pluto-5d4d,2,lower,manual,50.0,2500000.0,-24.960018998371126,-27.64505146192342,4,4,4
ch2-lower-edge-narrow-pluto-5d4d-20260811T143038Z,ch2-lower-edge-narrow-pluto-5d4d-20260811T143038Z.json,2026-08-11,pluto-5d4d,2,lower,slow_attack,,2500000.0,-12.312093722234124,-12.371474160710981,2,2,2
ch2-lower-edge-narrow-pluto-5d4d-20260811T144428Z,ch2-lower-edge-narrow-pluto-5d4d-20260811T144428Z.json,2026-08-11,pluto-5d4d,2,lower,manual,50.0,2500000.0,-25.294900219829962,-27.794978521447966,4,4,4
ch2-lower-edge-narrow-pluto-5d4d-20260811T145207Z,ch2-lower-edge-narrow-pluto-5d4d-20260811T145207Z.json,2026-08-11,pluto-5d4d,2,lower,slow_attack,,2500000.0,-12.686976570529795,-12.405534076244303,3,3,3
ch2-lower-edge-narrow-pluto-5d4d-20260811T152124Z,ch2-lower-edge-narrow-pluto-5d4d-20260811T152124Z.json,2026-08-11,pluto-5d4d,2,lower,slow_attack,,2500000.0,-12.369488083017723,-12.688772642611896,4,4,4
ch2-lower-edge-narrow-pluto-5d4d-20260811T152332Z,ch2-lower-edge-narrow-pluto-5d4d-20260811T152332Z.json,2026-08-11,pluto-5d4d,2,lower,slow_attack,,2500000.0,-12.739885833407872,-12.320756083773903,4,4,4
ch2-lower-edge-narrow-pluto-5d4d-20260811T152947Z,ch2-lower-edge-narrow-pluto-5d4d-20260811T152947Z.json,2026-08-11,pluto-5d4d,2,lower,slow_attack,,2500000.0,-12.83892776280262,-12.30661452735573,1,1,1
ch2-lower-edge-narrow-pluto-5d4d-20260811T162045Z,ch2-lower-edge-narrow-pluto-5d4d-20260811T162045Z.json,2026-08-11,pluto-5d4d,2,lower,slow_attack,,2500000.0,-12.24505320448701,-12.522980094132654,1,1,1
ch2-lower-edge-narrow-pluto-5d4d-20260811T163521Z,ch2-lower-edge-narrow-pluto-5d4d-20260811T163521Z.json,2026-08-11,pluto-5d4d,2,lower,slow_attack,,2500000.0,-12.321777788934176,-12.530332204388223,3,3,3
ch2-lower-edge-narrow-pluto-5d4d-20260811T164342Z,ch2-lower-edge-narrow-pluto-5d4d-20260811T164342Z.json,2026-08-11,pluto-5d4d,2,lower,slow_attack,,2500000.0,-12.289913172635007,-12.375910517733931,4,4,4
ch2-lower-edge-narrow-pluto-5d4d-20260811T172526Z,ch2-lower-edge-narrow-pluto-5d4d-20260811T172526Z.json,2026-08-11,pluto-5d4d,2,lower,manual,50.0,2500000.0,-25.636487330401838,-27.975469966453375,0,0,0
ch2-lower-edge-narrow-pluto-5d4d-20260811T173224Z,ch2-lower-edge-narrow-pluto-5d4d-20260811T173224Z.json,2026-08-11,pluto-5d4d,2,lower,slow_attack,,2500000.0,-12.825065650872817,-13.02630685293204,1,1,1
ch2-lower-edge-narrow-pluto-5d4d-20260811T173433Z,ch2-lower-edge-narrow-pluto-5d4d-20260811T173433Z.json,2026-08-11,pluto-5d4d,2,lower,manual,50.0,2500000.0,-25.448425311142387,-27.81024905259006,0,0,0
ch2-lower-edge-narrow-pluto-5d4d-20260811T173936Z,ch2-lower-edge-narrow-pluto-5d4d-20260811T173936Z.json,2026-08-11,pluto-5d4d,2,lower,slow_attack,,2500000.0,-11.937738857755079,-12.037041407287735,0,0,0
ch2-lower-edge-narrow-pluto-5d4d-20260811T174146Z,ch2-lower-edge-narrow-pluto-5d4d-20260811T174146Z.json,2026-08-11,pluto-5d4d,2,lower,manual,50.0,2500000.0,-24.795134345455452,-27.208477436105692,3,3,3
ch2-lower-edge-narrow-pluto-5d4d-20260811T175200Z,ch2-lower-edge-narrow-pluto-5d4d-20260811T175200Z.json,2026-08-11,pluto-5d4d,2,lower,slow_attack,,2500000.0,-12.243472971043216,-12.64872300542538,1,1,1
ch2-lower-edge-narrow-pluto-5d4d-20260811T175348Z,ch2-lower-edge-narrow-pluto-5d4d-20260811T175348Z.json,2026-08-11,pluto-5d4d,2,lower,manual,50.0,2500000.0,-25.628260591768406,-27.938142433810135,0,0,0
ch2-lower-edge-narrow-pluto-5d4d-20260811T175504Z,ch2-lower-edge-narrow-pluto-5d4d-20260811T175504Z.json,2026-08-11,pluto-5d4d,2,lower,slow_attack,,2500000.0,-12.961558595478106,-13.175516232465176,1,1,1
ch2-lower-edge-narrow-pluto-5d4d-20260811T181046Z,ch2-lower-edge-narrow-pluto-5d4d-20260811T181046Z.json,2026-08-11,pluto-5d4d,2,lower,manual,50.0,2500000.0,-25.434141184725213,-27.756252161671636,1,1,1
ch2-lower-edge-narrow-pluto-5d4d-20260811T183426Z,ch2-lower-edge-narrow-pluto-5d4d-20260811T183426Z.json,2026-08-11,pluto-5d4d,2,lower,manual,50.0,2500000.0,-25.387913427984977,-27.636460542740235,4,4,3
ch2-lower-edge-narrow-pluto-5d4d-20260811T184020Z,ch2-lower-edge-narrow-pluto-5d4d-20260811T184020Z.json,2026-08-11,pluto-5d4d,2,lower,slow_attack,,2500000.0,-12.224736199134396,-12.407807170854902,2,2,2
ch2-lower-edge-narrow-pluto-5d4d-20260811T193624Z,ch2-lower-edge-narrow-pluto-5d4d-20260811T193624Z.json,2026-08-11,pluto-5d4d,2,lower,manual,50.0,2500000.0,-25.918452665508536,-28.111166694027357,0,0,0
ch2-lower-edge-narrow-pluto-5d4d-20260811T194102Z,ch2-lower-edge-narrow-pluto-5d4d-20260811T194102Z.json,2026-08-11,pluto-5d4d,2,lower,manual,50.0,2500000.0,-25.69027950561599,-27.90510567987285,2,2,2
ch2-lower-edge-narrow-pluto-5d4d-20260811T195535Z,ch2-lower-edge-narrow-pluto-5d4d-20260811T195535Z.json,2026-08-11,pluto-5d4d,2,lower,manual,50.0,2500000.0,-25.736069113869014,-27.866323014950282,1,1,1
ch2-lower-edge-narrow-pluto-5d4d-20260811T202013Z,ch2-lower-edge-narrow-pluto-5d4d-20260811T202013Z.json,2026-08-11,pluto-5d4d,2,lower,manual,50.0,2500000.0,-25.543652764095782,-27.78723965529919,3,3,3
ch2-lower-edge-narrow-pluto-5d4d-20260811T204617Z,ch2-lower-edge-narrow-pluto-5d4d-20260811T204617Z.json,2026-08-11,pluto-5d4d,2,lower,manual,50.0,2500000.0,-25.49335878977656,-27.761412723377468,1,1,1
ch2-lower-edge-narrow-pluto-5d4d-20260811T205232Z,ch2-lower-edge-narrow-pluto-5d4d-20260811T205232Z.json,2026-08-11,pluto-5d4d,2,lower,slow_attack,,2500000.0,-12.40753721420581,-12.44967427999035,1,1,1
ch2-lower-edge-narrow-pluto-5d4d-20260811T214227Z,ch2-lower-edge-narrow-pluto-5d4d-20260811T214227Z.json,2026-08-11,pluto-5d4d,2,lower,slow_attack,,2500000.0,-12.522028877975133,-12.568991342455217,3,3,3
ch2-lower-edge-narrow-pluto-5d4d-20260811T215049Z,ch2-lower-edge-narrow-pluto-5d4d-20260811T215049Z.json,2026-08-11,pluto-5d4d,2,lower,manual,50.0,2500000.0,-25.34396487260484,-27.698683479707032,1,0,0
ch2-lower-edge-narrow-pluto-5d4d-20260811T220754Z,ch2-lower-edge-narrow-pluto-5d4d-20260811T220754Z.json,2026-08-11,pluto-5d4d,2,lower,manual,50.0,2500000.0,-25.31348531803595,-27.67347072082602,0,0,0
ch2-lower-edge-narrow-pluto-5d4d-20260811T221440Z,ch2-lower-edge-narrow-pluto-5d4d-20260811T221440Z.json,2026-08-11,pluto-5d4d,2,lower,slow_attack,,2500000.0,-12.693225108322775,-12.907750752685459,2,2,2
ch2-lower-edge-narrow-pluto-5d4d-20260811T223639Z,ch2-lower-edge-narrow-pluto-5d4d-20260811T223639Z.json,2026-08-11,pluto-5d4d,2,lower,slow_attack,,2500000.0,-12.533224372185469,-12.73957836835387,2,2,2
ch2-lower-edge-narrow-pluto-5d4d-20260811T225113Z,ch2-lower-edge-narrow-pluto-5d4d-20260811T225113Z.json,2026-08-11,pluto-5d4d,2,lower,slow_attack,,2500000.0,-12.816686011712122,-12.602679121068547,2,2,2
ch2-lower-edge-narrow-pluto-5d4d-20260811T230039Z,ch2-lower-edge-narrow-pluto-5d4d-20260811T230039Z.json,2026-08-11,pluto-5d4d,2,lower,manual,50.0,2500000.0,-24.852790271174996,-27.302153046073556,4,4,3
ch2-lower-edge-narrow-pluto-5d4d-20260811T230448Z,ch2-lower-edge-narrow-pluto-5d4d-20260811T230448Z.json,2026-08-11,pluto-5d4d,2,lower,slow_attack,,2500000.0,-13.05993524611495,-12.674225842020483,2,2,2
ch2-lower-edge-narrow-pluto-5d4d-20260811T232342Z,ch2-lower-edge-narrow-pluto-5d4d-20260811T232342Z.json,2026-08-11,pluto-5d4d,2,lower,slow_attack,,2500000.0,-12.513166788863877,-12.737146189905388,0,0,0
ch2-lower-edge-narrow-pluto-5d4d-20260811T232753Z,ch2-lower-edge-narrow-pluto-5d4d-20260811T232753Z.json,2026-08-11,pluto-5d4d,2,lower,manual,50.0,2500000.0,-25.13354230989787,-27.54402953057582,0,0,0
ch2-lower-edge-narrow-pluto-5d4d-20260811T234524Z,ch2-lower-edge-narrow-pluto-5d4d-20260811T234524Z.json,2026-08-11,pluto-5d4d,2,lower,manual,50.0,2500000.0,-25.00252698880706,-27.42070149989963,1,1,1
ch2-lower-edge-narrow-pluto-5d4d-20260812T000042Z,ch2-lower-edge-narrow-pluto-5d4d-20260812T000042Z.json,2026-08-12,pluto-5d4d,2,lower,manual,50.0,2500000.0,-24.944872480816045,-27.409410541159986,2,2,2
ch2-lower-edge-narrow-pluto-5d4d-20260812T001134Z,ch2-lower-edge-narrow-pluto-5d4d-20260812T001134Z.json,2026-08-12,pluto-5d4d,2,lower,slow_attack,,2500000.0,-12.251898805733761,-12.591280938697087,3,3,2
ch2-lower-edge-narrow-pluto-5d4d-20260812T005246Z,ch2-lower-edge-narrow-pluto-5d4d-20260812T005246Z.json,2026-08-12,pluto-5d4d,2,lower,slow_attack,,2500000.0,-12.778659274124742,-12.573913579231055,2,2,2
ch2-lower-edge-narrow-pluto-5d4d-20260812T005737Z,ch2-lower-edge-narrow-pluto-5d4d-20260812T005737Z.json,2026-08-12,pluto-5d4d,2,lower,slow_attack,,2500000.0,-12.303171372940962,-12.624544576170207,2,2,2
ch2-lower-edge-narrow-pluto-5d4d-20260812T010353Z,ch2-lower-edge-narrow-pluto-5d4d-20260812T010353Z.json,2026-08-12,pluto-5d4d,2,lower,slow_attack,,2500000.0,-12.653510307568514,-12.36068446032711,4,4,4
ch2-lower-edge-narrow-pluto-5d4d-20260812T010559Z,ch2-lower-edge-narrow-pluto-5d4d-20260812T010559Z.json,2026-08-12,pluto-5d4d,2,lower,manual,50.0,2500000.0,-24.902473779194395,-27.376749660748175,1,1,1
ch2-lower-edge-narrow-pluto-5d4d-20260812T011854Z,ch2-lower-edge-narrow-pluto-5d4d-20260812T011854Z.json,2026-08-12,pluto-5d4d,2,lower,manual,50.0,2500000.0,-24.125254637954306,-26.74291381363805,1,1,1
ch2-lower-edge-narrow-pluto-5d4d-20260812T012057Z,ch2-lower-edge-narrow-pluto-5d4d-20260812T012057Z.json,2026-08-12,pluto-5d4d,2,lower,manual,50.0,2500000.0,-24.185091704462927,-26.80978174676199,4,4,2
ch2-lower-edge-narrow-pluto-5d4d-20260812T015811Z,ch2-lower-edge-narrow-pluto-5d4d-20260812T015811Z.json,2026-08-12,pluto-5d4d,2,lower,slow_attack,,2500000.0,-12.262358112091134,-12.626187719086733,0,0,0
ch2-lower-edge-narrow-pluto-5d4d-20260812T022622Z,ch2-lower-edge-narrow-pluto-5d4d-20260812T022622Z.json,2026-08-12,pluto-5d4d,2,lower,manual,50.0,2500000.0,-24.664190920471505,-27.22177633040003,1,1,1
ch2-lower-edge-narrow-pluto-5d4d-20260812T023548Z,ch2-lower-edge-narrow-pluto-5d4d-20260812T023548Z.json,2026-08-12,pluto-5d4d,2,lower,manual,50.0,2500000.0,-24.363217074075294,-27.004512523818388,2,2,2
ch2-lower-edge-narrow-pluto-5d4d-20260812T023959Z,ch2-lower-edge-narrow-pluto-5d4d-20260812T023959Z.json,2026-08-12,pluto-5d4d,2,lower,slow_attack,,2500000.0,-12.538637459636405,-12.34380097711311,3,3,3
ch2-lower-edge-narrow-pluto-5d4d-20260812T024818Z,ch2-lower-edge-narrow-pluto-5d4d-20260812T024818Z.json,2026-08-12,pluto-5d4d,2,lower,slow_attack,,2500000.0,-12.592894113693955,-12.345020463620331,1,1,1
ch2-lower-edge-narrow-pluto-5d4d-20260812T030113Z,ch2-lower-edge-narrow-pluto-5d4d-20260812T030113Z.json,2026-08-12,pluto-5d4d,2,lower,slow_attack,,2500000.0,-12.644077913645779,-12.593304289906103,1,1,1
ch2-lower-edge-narrow-pluto-5d4d-20260812T042359Z,ch2-lower-edge-narrow-pluto-5d4d-20260812T042359Z.json,2026-08-12,pluto-5d4d,2,lower,slow_attack,,2500000.0,-12.661090066757364,-12.418300856782993,2,2,2
ch2-lower-edge-narrow-pluto-5d4d-20260812T042808Z,ch2-lower-edge-narrow-pluto-5d4d-20260812T042808Z.json,2026-08-12,pluto-5d4d,2,lower,slow_attack,,2500000.0,-12.20855501773048,-12.463097953885494,2,2,1
ch2-lower-edge-narrow-pluto-5d4d-20260812T045623Z,ch2-lower-edge-narrow-pluto-5d4d-20260812T045623Z.json,2026-08-12,pluto-5d4d,2,lower,manual,50.0,2500000.0,-24.492321448008813,-27.046919066863605,1,1,1
ch2-lower-edge-narrow-pluto-5d4d-20260812T053814Z,ch2-lower-edge-narrow-pluto-5d4d-20260812T053814Z.json,2026-08-12,pluto-5d4d,2,lower,manual,50.0,2500000.0,-24.030520063197628,-26.70186781590931,4,4,3
ch2-lower-edge-narrow-pluto-5d4d-20260812T060141Z,ch2-lower-edge-narrow-pluto-5d4d-20260812T060141Z.json,2026-08-12,pluto-5d4d,2,lower,manual,50.0,2500000.0,-24.837342573039983,-27.48104070901624,2,2,2
ch2-lower-edge-narrow-pluto-5d4d-20260812T063244Z,ch2-lower-edge-narrow-pluto-5d4d-20260812T063244Z.json,2026-08-12,pluto-5d4d,2,lower,manual,50.0,2500000.0,-25.18082623020474,-27.776210609887436,3,3,2
ch2-lower-edge-narrow-pluto-5d4d-20260812T064108Z,ch2-lower-edge-narrow-pluto-5d4d-20260812T064108Z.json,2026-08-12,pluto-5d4d,2,lower,manual,50.0,2500000.0,-25.03182536299677,-27.60509289000655,5,5,5
ch2-lower-edge-narrow-pluto-5d4d-20260812T072709Z,ch2-lower-edge-narrow-pluto-5d4d-20260812T072709Z.json,2026-08-12,pluto-5d4d,2,lower,manual,50.0,2500000.0,-25.14007607472053,-27.767571504584197,4,4,3
ch2-lower-edge-narrow-pluto-5d4d-20260812T074353Z,ch2-lower-edge-narrow-pluto-5d4d-20260812T074353Z.json,2026-08-12,pluto-5d4d,2,lower,slow_attack,,2500000.0,-12.608402335399916,-12.248702424770528,4,4,4
ch2-lower-edge-narrow-pluto-5d4d-20260812T081855Z,ch2-lower-edge-narrow-pluto-5d4d-20260812T081855Z.json,2026-08-12,pluto-5d4d,2,lower,manual,50.0,2500000.0,-25.464326521114774,-28.01155671058805,2,2,1
ch2-lower-edge-narrow-pluto-5d4d-20260812T082241Z,ch2-lower-edge-narrow-pluto-5d4d-20260812T082241Z.json,2026-08-12,pluto-5d4d,2,lower,manual,50.0,2500000.0,-25.009776842983264,-27.568137156365815,3,3,3
ch2-lower-edge-narrow-pluto-5d4d-20260812T083018Z,ch2-lower-edge-narrow-pluto-5d4d-20260812T083018Z.json,2026-08-12,pluto-5d4d,2,lower,slow_attack,,2500000.0,-13.003460619016106,-12.385995349456334,2,2,2
ch2-lower-edge-narrow-pluto-5d4d-20260812T083454Z,ch2-lower-edge-narrow-pluto-5d4d-20260812T083454Z.json,2026-08-12,pluto-5d4d,2,lower,slow_attack,,2500000.0,-12.143206397077826,-12.337336332658307,1,1,1
ch2-lower-edge-narrow-pluto-5d4d-20260812T085831Z,ch2-lower-edge-narrow-pluto-5d4d-20260812T085831Z.json,2026-08-12,pluto-5d4d,2,lower,slow_attack,,2500000.0,-12.573528012136652,-12.275969628904779,1,1,1
ch2-lower-edge-narrow-pluto-5d4d-20260812T092854Z,ch2-lower-edge-narrow-pluto-5d4d-20260812T092854Z.json,2026-08-12,pluto-5d4d,2,lower,slow_attack,,2500000.0,-12.659041761117534,-12.388541123792079,5,5,3
ch2-lower-edge-narrow-pluto-5d4d-20260812T100822Z,ch2-lower-edge-narrow-pluto-5d4d-20260812T100822Z.json,2026-08-12,pluto-5d4d,2,lower,slow_attack,,2500000.0,-12.6164616838418,-12.527072317147569,2,2,2
ch2-lower-edge-narrow-pluto-5d4d-20260812T102422Z,ch2-lower-edge-narrow-pluto-5d4d-20260812T102422Z.json,2026-08-12,pluto-5d4d,2,lower,manual,50.0,2500000.0,-25.232587344167882,-27.82944392736999,2,2,2
ch2-lower-edge-narrow-pluto-5d4d-20260812T110736Z,ch2-lower-edge-narrow-pluto-5d4d-20260812T110736Z.json,2026-08-12,pluto-5d4d,2,lower,slow_attack,,2500000.0,-12.68138061447525,-12.312202273853401,3,3,3
ch2-lower-edge-narrow-pluto-5d4d-20260812T111124Z,ch2-lower-edge-narrow-pluto-5d4d-20260812T111124Z.json,2026-08-12,pluto-5d4d,2,lower,manual,50.0,2500000.0,-24.875450362482407,-27.4804686136094,6,6,4
ch2-lower-edge-narrow-pluto-5d4d-20260812T114308Z,ch2-lower-edge-narrow-pluto-5d4d-20260812T114308Z.json,2026-08-12,pluto-5d4d,2,lower,slow_attack,,2500000.0,-12.570264670396,-12.31038774644906,5,5,5
ch2-lower-edge-narrow-pluto-5d4d-20260812T121411Z,ch2-lower-edge-narrow-pluto-5d4d-20260812T121411Z.json,2026-08-12,pluto-5d4d,2,lower,manual,50.0,2500000.0,-25.262391514007287,-27.820981883100266,2,2,1
ch2-lower-edge-narrow-pluto-5d4d-20260812T122531Z,ch2-lower-edge-narrow-pluto-5d4d-20260812T122531Z.json,2026-08-12,pluto-5d4d,2,lower,slow_attack,,2500000.0,-12.572127848611348,-12.301336850536142,4,4,4
ch2-lower-edge-narrow-pluto-5d4d-20260812T134815Z,ch2-lower-edge-narrow-pluto-5d4d-20260812T134815Z.json,2026-08-12,pluto-5d4d,2,lower,manual,50.0,2500000.0,-25.30499325774783,-27.907278188936658,4,4,3
ch2-lower-edge-narrow-pluto-5d4d-20260812T140319Z,ch2-lower-edge-narrow-pluto-5d4d-20260812T140319Z.json,2026-08-12,pluto-5d4d,2,lower,manual,50.0,2500000.0,-25.502514108304158,-28.016679364204343,2,0,0
ch2-lower-edge-narrow-pluto-5d4d-20260812T145500Z,ch2-lower-edge-narrow-pluto-5d4d-20260812T145500Z.json,2026-08-12,pluto-5d4d,2,lower,manual,50.0,2500000.0,-25.195792613825407,-27.71219444304418,4,4,3
ch2-lower-edge-narrow-pluto-5d4d-20260812T154204Z,ch2-lower-edge-narrow-pluto-5d4d-20260812T154204Z.json,2026-08-12,pluto-5d4d,2,lower,manual,50.0,2500000.0,-25.48048126234903,-27.973698394276237,3,3,3
ch2-lower-edge-narrow-pluto-5d4d-20260812T155714Z,ch2-lower-edge-narrow-pluto-5d4d-20260812T155714Z.json,2026-08-12,pluto-5d4d,2,lower,slow_attack,,2500000.0,-12.369101339517963,-12.452416181016432,4,4,4
ch2-lower-edge-narrow-pluto-5d4d-20260812T164145Z,ch2-lower-edge-narrow-pluto-5d4d-20260812T164145Z.json,2026-08-12,pluto-5d4d,2,lower,manual,50.0,2500000.0,-25.72579061173301,-28.049134884900013,5,5,5
ch2-lower-edge-narrow-pluto-5d4d-20260812T164930Z,ch2-lower-edge-narrow-pluto-5d4d-20260812T164930Z.json,2026-08-12,pluto-5d4d,2,lower,slow_attack,,2500000.0,-12.760875475098857,-12.855657789493586,3,3,3
ch2-lower-edge-narrow-pluto-5d4d-20260812T170500Z,ch2-lower-edge-narrow-pluto-5d4d-20260812T170500Z.json,2026-08-12,pluto-5d4d,2,lower,manual,50.0,2500000.0,-26.38367137298677,-28.61680721380878,1,1,1
ch2-lower-edge-narrow-pluto-5d4d-20260812T173353Z,ch2-lower-edge-narrow-pluto-5d4d-20260812T173353Z.json,2026-08-12,pluto-5d4d,2,lower,manual,50.0,2500000.0,-26.566807990785108,-28.7447607309635,2,2,2
ch2-lower-edge-narrow-pluto-5d4d-20260812T183304Z,ch2-lower-edge-narrow-pluto-5d4d-20260812T183304Z.json,2026-08-12,pluto-5d4d,2,lower,slow_attack,,2500000.0,-12.449758920707572,-12.376388689173668,5,5,4
ch2-lower-edge-narrow-pluto-5d4d-20260812T184050Z,ch2-lower-edge-narrow-pluto-5d4d-20260812T184050Z.json,2026-08-12,pluto-5d4d,2,lower,slow_attack,,2500000.0,-12.294673176388217,-12.28852694273339,1,1,1
ch2-lower-edge-narrow-pluto-5d4d-20260812T192904Z,ch2-lower-edge-narrow-pluto-5d4d-20260812T192904Z.json,2026-08-12,pluto-5d4d,2,lower,manual,50.0,2500000.0,-25.842453790067843,-27.99559606304996,1,1,1
ch2-lower-edge-narrow-pluto-5d4d-20260812T210901Z,ch2-lower-edge-narrow-pluto-5d4d-20260812T210901Z.json,2026-08-12,pluto-5d4d,2,lower,slow_attack,,2500000.0,-12.566139501213204,-12.608307656439074,5,5,4
ch2-lower-edge-narrow-pluto-5d4d-20260812T212523Z,ch2-lower-edge-narrow-pluto-5d4d-20260812T212523Z.json,2026-08-12,pluto-5d4d,2,lower,manual,50.0,2500000.0,-25.20471037674747,-27.50445385251462,4,4,3
ch2-lower-edge-narrow-pluto-5d4d-20260812T215703Z,ch2-lower-edge-narrow-pluto-5d4d-20260812T215703Z.json,2026-08-12,pluto-5d4d,2,lower,manual,50.0,2500000.0,-24.739900625441827,-27.19382169173347,5,5,5
ch2-lower-edge-narrow-pluto-5d4d-20260812T222502Z,ch2-lower-edge-narrow-pluto-5d4d-20260812T222502Z.json,2026-08-12,pluto-5d4d,2,lower,manual,50.0,2500000.0,-25.51292305988706,-27.77390011611891,3,3,3
ch2-lower-edge-narrow-pluto-5d4d-20260812T230518Z,ch2-lower-edge-narrow-pluto-5d4d-20260812T230518Z.json,2026-08-12,pluto-5d4d,2,lower,manual,50.0,2500000.0,-25.30978113993094,-27.660645572398916,3,3,3
ch2-lower-edge-narrow-pluto-5d4d-20260813T004006Z,ch2-lower-edge-narrow-pluto-5d4d-20260813T004006Z.json,2026-08-13,pluto-5d4d,2,lower,manual,50.0,2500000.0,-24.83365531605432,-27.2365908928205,2,2,1
ch2-lower-edge-narrow-pluto-5d4d-20260813T011605Z,ch2-lower-edge-narrow-pluto-5d4d-20260813T011605Z.json,2026-08-13,pluto-5d4d,2,lower,manual,50.0,2500000.0,-24.90716688930877,-27.352320834045457,3,3,3
ch2-lower-edge-narrow-pluto-5d4d-20260813T014816Z,ch2-lower-edge-narrow-pluto-5d4d-20260813T014816Z.json,2026-08-13,pluto-5d4d,2,lower,slow_attack,,2500000.0,-12.438779943989605,-12.540473654684961,2,2,2
ch2-lower-edge-narrow-pluto-5d4d-20260813T015206Z,ch2-lower-edge-narrow-pluto-5d4d-20260813T015206Z.json,2026-08-13,pluto-5d4d,2,lower,manual,50.0,2500000.0,-24.793063535823823,-27.320295580422457,2,2,2
ch2-lower-edge-narrow-pluto-5d4d-20260813T024901Z,ch2-lower-edge-narrow-pluto-5d4d-20260813T024901Z.json,2026-08-13,pluto-5d4d,2,lower,slow_attack,,2500000.0,-12.678294424833123,-12.518937691758385,5,5,3
ch2-lower-edge-narrow-pluto-5d4d-20260813T031349Z,ch2-lower-edge-narrow-pluto-5d4d-20260813T031349Z.json,2026-08-13,pluto-5d4d,2,lower,manual,50.0,2500000.0,-24.6280454265249,-27.18483807601433,1,1,1
ch2-lower-edge-narrow-pluto-5d4d-20260813T045623Z,ch2-lower-edge-narrow-pluto-5d4d-20260813T045623Z.json,2026-08-13,pluto-5d4d,2,lower,manual,50.0,2500000.0,-50.60774954815402,-27.106926440937666,4,0,0
ch2-lower-edge-narrow-pluto-5d4d-20260813T052111Z,ch2-lower-edge-narrow-pluto-5d4d-20260813T052111Z.json,2026-08-13,pluto-5d4d,2,lower,manual,50.0,2500000.0,-50.60699783220681,-27.234856814576666,5,0,0
ch2-lower-edge-narrow-pluto-5d4d-20260813T054126Z,ch2-lower-edge-narrow-pluto-5d4d-20260813T054126Z.json,2026-08-13,pluto-5d4d,2,lower,manual,50.0,2500000.0,-50.588676550857826,-27.140278797212222,3,0,0
ch2-lower-edge-narrow-pluto-5d4d-20260813T060056Z,ch2-lower-edge-narrow-pluto-5d4d-20260813T060056Z.json,2026-08-13,pluto-5d4d,2,lower,slow_attack,,2500000.0,-29.69954916225567,-12.614158452476458,1,0,0
ch2-lower-edge-narrow-pluto-5d4d-20260813T063741Z,ch2-lower-edge-narrow-pluto-5d4d-20260813T063741Z.json,2026-08-13,pluto-5d4d,2,lower,slow_attack,,2500000.0,-29.68048688235415,-12.658020902173037,3,0,0
ch2-lower-edge-narrow-pluto-5d4d-20260813T073330Z,ch2-lower-edge-narrow-pluto-5d4d-20260813T073330Z.json,2026-08-13,pluto-5d4d,2,lower,manual,50.0,2500000.0,-50.56678623044665,-27.30802977605359,2,0,0
ch2-lower-edge-narrow-pluto-5d4d-20260813T091230Z,ch2-lower-edge-narrow-pluto-5d4d-20260813T091230Z.json,2026-08-13,pluto-5d4d,2,lower,manual,50.0,2500000.0,-50.552723178829126,-27.234653077254908,1,0,0
ch2-lower-edge-narrow-pluto-5d4d-20260813T092415Z,ch2-lower-edge-narrow-pluto-5d4d-20260813T092415Z.json,2026-08-13,pluto-5d4d,2,lower,manual,50.0,2500000.0,-50.53820890623805,-26.791469874555606,3,0,0
ch2-lower-edge-narrow-pluto-5d4d-20260813T114358Z,ch2-lower-edge-narrow-pluto-5d4d-20260813T114358Z.json,2026-08-13,pluto-5d4d,2,lower,manual,50.0,2500000.0,-50.62225033870325,-27.4991990977737,1,0,0
ch2-lower-edge-narrow-pluto-5d4d-20260813T115537Z,ch2-lower-edge-narrow-pluto-5d4d-20260813T115537Z.json,2026-08-13,pluto-5d4d,2,lower,manual,50.0,2500000.0,-50.60267974165061,-26.954796032362264,4,0,0
ch2-lower-edge-narrow-pluto-5d4d-20260813T122402Z,ch2-lower-edge-narrow-pluto-5d4d-20260813T122402Z.json,2026-08-13,pluto-5d4d,2,lower,manual,50.0,2500000.0,-50.574299748384334,-26.993243357382973,1,0,0
ch2-lower-edge-narrow-pluto-5d4d-20260813T133740Z,ch2-lower-edge-narrow-pluto-5d4d-20260813T133740Z.json,2026-08-13,pluto-5d4d,2,lower,manual,50.0,2500000.0,-50.5738170117522,-27.114236909933304,3,0,0
ch2-lower-edge-narrow-pluto-5d4d-20260813T135052Z,ch2-lower-edge-narrow-pluto-5d4d-20260813T135052Z.json,2026-08-13,pluto-5d4d,2,lower,manual,50.0,2500000.0,-50.573515335791306,-27.21767055726297,1,0,0
ch2-lower-edge-narrow-pluto-5d4d-20260813T135447Z,ch2-lower-edge-narrow-pluto-5d4d-20260813T135447Z.json,2026-08-13,pluto-5d4d,2,lower,slow_attack,,2500000.0,-29.654577143317745,-12.349706830186628,3,0,0
ch2-lower-edge-narrow-pluto-5d4d-20260813T143424Z,ch2-lower-edge-narrow-pluto-5d4d-20260813T143424Z.json,2026-08-13,pluto-5d4d,2,lower,manual,50.0,2500000.0,-50.56650723942286,-26.946834258084593,5,0,0
ch2-lower-edge-narrow-pluto-5d4d-20260813T143821Z,ch2-lower-edge-narrow-pluto-5d4d-20260813T143821Z.json,2026-08-13,pluto-5d4d,2,lower,slow_attack,,2500000.0,-29.643266407553092,-12.395760205317156,3,0,0
ch2-lower-edge-narrow-pluto-5d4d-20260813T151915Z,ch2-lower-edge-narrow-pluto-5d4d-20260813T151915Z.json,2026-08-13,pluto-5d4d,2,lower,slow_attack,,2500000.0,-29.659897185871667,-12.387402085741455,4,0,0
ch2-lower-edge-narrow-pluto-5d4d-20260813T154823Z,ch2-lower-edge-narrow-pluto-5d4d-20260813T154823Z.json,2026-08-13,pluto-5d4d,2,lower,slow_attack,,2500000.0,-29.690266315712634,-12.545318535662506,2,0,0
ch2-lower-edge-narrow-pluto-5d4d-20260813T165002Z,ch2-lower-edge-narrow-pluto-5d4d-20260813T165002Z.json,2026-08-13,pluto-5d4d,2,lower,manual,50.0,2500000.0,-50.68018228469005,-27.354509256436238,3,0,0
ch2-lower-edge-narrow-pluto-5d4d-20260813T171825Z,ch2-lower-edge-narrow-pluto-5d4d-20260813T171825Z.json,2026-08-13,pluto-5d4d,2,lower,slow_attack,,2500000.0,-29.84365555599386,-12.73525943720005,2,0,0
ch2-lower-edge-narrow-pluto-5d4d-20260813T173752Z,ch2-lower-edge-narrow-pluto-5d4d-20260813T173752Z.json,2026-08-13,pluto-5d4d,2,lower,slow_attack,,2500000.0,-29.869509642030362,-12.83105164506743,2,0,0
ch2-lower-edge-narrow-pluto-5d4d-20260813T190656Z,ch2-lower-edge-narrow-pluto-5d4d-20260813T190656Z.json,2026-08-13,pluto-5d4d,2,lower,slow_attack,,2500000.0,-12.434071868683796,-12.335575391063664,1,1,1
ch2-lower-edge-narrow-pluto-5d4d-20260813T200920Z,ch2-lower-edge-narrow-pluto-5d4d-20260813T200920Z.json,2026-08-13,pluto-5d4d,2,lower,slow_attack,,2500000.0,-12.639810179313798,-12.320947064695435,1,1,1
ch2-lower-edge-narrow-pluto-5d4d-20260813T202153Z,ch2-lower-edge-narrow-pluto-5d4d-20260813T202153Z.json,2026-08-13,pluto-5d4d,2,lower,slow_attack,,2500000.0,-12.385930983378,-12.370220150061819,4,0,0
ch2-lower-edge-narrow-pluto-5d4d-20260813T204909Z,ch2-lower-edge-narrow-pluto-5d4d-20260813T204909Z.json,2026-08-13,pluto-5d4d,2,lower,manual,50.0,2500000.0,-28.911679560612612,-27.74716474187118,1,1,0
ch2-lower-edge-narrow-pluto-5d4d-20260813T205302Z,ch2-lower-edge-narrow-pluto-5d4d-20260813T205302Z.json,2026-08-13,pluto-5d4d,2,lower,slow_attack,,2500000.0,-12.459694738201017,-12.40652777629242,2,0,0
ch2-lower-edge-narrow-pluto-5d4d-20260813T212932Z,ch2-lower-edge-narrow-pluto-5d4d-20260813T212932Z.json,2026-08-13,pluto-5d4d,2,lower,slow_attack,,2500000.0,-12.43088461372314,-12.200709600507816,5,0,0
ch2-lower-edge-narrow-pluto-5d4d-20260813T213327Z,ch2-lower-edge-narrow-pluto-5d4d-20260813T213327Z.json,2026-08-13,pluto-5d4d,2,lower,slow_attack,,2500000.0,-12.444346491378262,-12.37249138366466,1,1,1
ch2-lower-edge-narrow-pluto-5d4d-20260813T222632Z,ch2-lower-edge-narrow-pluto-5d4d-20260813T222632Z.json,2026-08-13,pluto-5d4d,2,lower,slow_attack,,2500000.0,-12.871962835125295,-12.977861773265207,0,0,0
ch2-lower-edge-narrow-pluto-5d4d-20260813T223827Z,ch2-lower-edge-narrow-pluto-5d4d-20260813T223827Z.json,2026-08-13,pluto-5d4d,2,lower,slow_attack,,2500000.0,-12.497480919378429,-12.473909414180964,1,0,0
ch2-lower-edge-narrow-pluto-5d4d-20260813T224615Z,ch2-lower-edge-narrow-pluto-5d4d-20260813T224615Z.json,2026-08-13,pluto-5d4d,2,lower,slow_attack,,2500000.0,-12.463419035504185,-12.512373535863698,3,0,0
ch2-upper-edge-narrow-pluto-19f2-20260811T052421Z,ch2-upper-edge-narrow-pluto-19f2-20260811T052421Z.json,2026-08-11,pluto-19f2,2,upper,manual,50.0,2500000.0,-7.5611199057853895,-8.582594377053756,1,0,0
ch2-upper-edge-narrow-pluto-19f2-20260811T053759Z,ch2-upper-edge-narrow-pluto-19f2-20260811T053759Z.json,2026-08-11,pluto-19f2,2,upper,manual,50.0,2500000.0,-7.565689129655597,-8.568275153619622,1,0,0
ch2-upper-edge-narrow-pluto-19f2-20260811T054415Z,ch2-upper-edge-narrow-pluto-19f2-20260811T054415Z.json,2026-08-11,pluto-19f2,2,upper,manual,50.0,2500000.0,-7.600954999243318,-8.568117079014094,2,0,0
ch2-upper-edge-narrow-pluto-19f2-20260811T055441Z,ch2-upper-edge-narrow-pluto-19f2-20260811T055441Z.json,2026-08-11,pluto-19f2,2,upper,manual,50.0,2500000.0,-7.520745057531046,-8.567681633219927,1,0,0
ch2-upper-edge-narrow-pluto-19f2-20260811T063229Z,ch2-upper-edge-narrow-pluto-19f2-20260811T063229Z.json,2026-08-11,pluto-19f2,2,upper,slow_attack,,2500000.0,-12.46557622317733,-12.385491246286557,2,2,0
ch2-upper-edge-narrow-pluto-19f2-20260811T064458Z,ch2-upper-edge-narrow-pluto-19f2-20260811T064458Z.json,2026-08-11,pluto-19f2,2,upper,slow_attack,,2500000.0,-12.31328828733795,-12.624785765665179,2,0,0
ch2-upper-edge-narrow-pluto-19f2-20260811T074337Z,ch2-upper-edge-narrow-pluto-19f2-20260811T074337Z.json,2026-08-11,pluto-19f2,2,upper,manual,50.0,2500000.0,-7.675654529329259,-8.698139428901392,1,0,0
ch2-upper-edge-narrow-pluto-19f2-20260811T082737Z,ch2-upper-edge-narrow-pluto-19f2-20260811T082737Z.json,2026-08-11,pluto-19f2,2,upper,manual,50.0,2500000.0,-7.7253267116728335,-8.739327778247779,2,0,0
ch2-upper-edge-narrow-pluto-19f2-20260811T084011Z,ch2-upper-edge-narrow-pluto-19f2-20260811T084011Z.json,2026-08-11,pluto-19f2,2,upper,manual,50.0,2500000.0,-7.572978892526848,-8.629548231354825,2,1,0
ch2-upper-edge-narrow-pluto-19f2-20260811T084630Z,ch2-upper-edge-narrow-pluto-19f2-20260811T084630Z.json,2026-08-11,pluto-19f2,2,upper,slow_attack,,2500000.0,-12.369380956039704,-12.492929902353595,3,1,0
ch2-upper-edge-narrow-pluto-19f2-20260811T085043Z,ch2-upper-edge-narrow-pluto-19f2-20260811T085043Z.json,2026-08-11,pluto-19f2,2,upper,slow_attack,,2500000.0,-12.34594585157078,-12.504578322232023,1,1,0
ch2-upper-edge-narrow-pluto-19f2-20260811T085658Z,ch2-upper-edge-narrow-pluto-19f2-20260811T085658Z.json,2026-08-11,pluto-19f2,2,upper,manual,50.0,2500000.0,-7.527787000976357,-8.479334811234429,3,0,0
ch2-upper-edge-narrow-pluto-19f2-20260811T090520Z,ch2-upper-edge-narrow-pluto-19f2-20260811T090520Z.json,2026-08-11,pluto-19f2,2,upper,slow_attack,,2500000.0,-12.48845539535763,-12.84957238303953,0,0,0
ch2-upper-edge-narrow-pluto-19f2-20260811T090933Z,ch2-upper-edge-narrow-pluto-19f2-20260811T090933Z.json,2026-08-11,pluto-19f2,2,upper,manual,50.0,2500000.0,-7.8647667185299035,-8.92617856544521,0,0,0
ch2-upper-edge-narrow-pluto-19f2-20260811T100401Z,ch2-upper-edge-narrow-pluto-19f2-20260811T100401Z.json,2026-08-11,pluto-19f2,2,upper,manual,50.0,2500000.0,-7.893867968892273,-8.951930069605966,0,0,0
ch2-upper-edge-narrow-pluto-19f2-20260811T102659Z,ch2-upper-edge-narrow-pluto-19f2-20260811T102659Z.json,2026-08-11,pluto-19f2,2,upper,slow_attack,,2500000.0,-12.013517232876838,-12.049952871972804,1,0,0
ch2-upper-edge-narrow-pluto-19f2-20260811T104545Z,ch2-upper-edge-narrow-pluto-19f2-20260811T104545Z.json,2026-08-11,pluto-19f2,2,upper,slow_attack,,2500000.0,-12.508569221270939,-12.79852446656977,1,0,0
ch2-upper-edge-narrow-pluto-19f2-20260811T104958Z,ch2-upper-edge-narrow-pluto-19f2-20260811T104958Z.json,2026-08-11,pluto-19f2,2,upper,slow_attack,,2500000.0,-12.48881935971485,-12.590184889540396,3,0,0
ch2-upper-edge-narrow-pluto-19f2-20260811T111048Z,ch2-upper-edge-narrow-pluto-19f2-20260811T111048Z.json,2026-08-11,pluto-19f2,2,upper,slow_attack,,2500000.0,-12.412427555791085,-12.66162296057079,2,2,0
ch2-upper-edge-narrow-pluto-19f2-20260811T111707Z,ch2-upper-edge-narrow-pluto-19f2-20260811T111707Z.json,2026-08-11,pluto-19f2,2,upper,manual,50.0,2500000.0,-7.1669849126518415,-8.101695529492023,4,3,0
ch2-upper-edge-narrow-pluto-19f2-20260811T112531Z,ch2-upper-edge-narrow-pluto-19f2-20260811T112531Z.json,2026-08-11,pluto-19f2,2,upper,manual,50.0,2500000.0,-7.309089630569794,-8.250173653773038,5,0,0
ch2-upper-edge-narrow-pluto-19f2-20260811T114421Z,ch2-upper-edge-narrow-pluto-19f2-20260811T114421Z.json,2026-08-11,pluto-19f2,2,upper,manual,50.0,2500000.0,-7.772767684037923,-8.83096369495499,1,0,0
ch2-upper-edge-narrow-pluto-19f2-20260811T114832Z,ch2-upper-edge-narrow-pluto-19f2-20260811T114832Z.json,2026-08-11,pluto-19f2,2,upper,manual,50.0,2500000.0,-7.565347064259152,-8.656309231655278,3,0,0
ch2-upper-edge-narrow-pluto-19f2-20260811T120726Z,ch2-upper-edge-narrow-pluto-19f2-20260811T120726Z.json,2026-08-11,pluto-19f2,2,upper,manual,50.0,2500000.0,-7.521265519151999,-8.483223358373612,6,0,0
ch2-upper-edge-narrow-pluto-19f2-20260811T125734Z,ch2-upper-edge-narrow-pluto-19f2-20260811T125734Z.json,2026-08-11,pluto-19f2,2,upper,slow_attack,,2500000.0,-12.178487831026159,-12.265892383453131,3,1,0
ch2-upper-edge-narrow-pluto-19f2-20260811T130558Z,ch2-upper-edge-narrow-pluto-19f2-20260811T130558Z.json,2026-08-11,pluto-19f2,2,upper,slow_attack,,2500000.0,-12.236028500561725,-12.550014833106314,2,0,0
ch2-upper-edge-narrow-pluto-19f2-20260811T131831Z,ch2-upper-edge-narrow-pluto-19f2-20260811T131831Z.json,2026-08-11,pluto-19f2,2,upper,slow_attack,,2500000.0,-12.448591823148526,-12.655420549774481,2,1,0
ch2-upper-edge-narrow-pluto-19f2-20260811T135453Z,ch2-upper-edge-narrow-pluto-19f2-20260811T135453Z.json,2026-08-11,pluto-19f2,2,upper,manual,50.0,2500000.0,-7.29588640269372,-8.18419389051037,3,2,0
ch2-upper-edge-narrow-pluto-19f2-20260811T140108Z,ch2-upper-edge-narrow-pluto-19f2-20260811T140108Z.json,2026-08-11,pluto-19f2,2,upper,manual,50.0,2500000.0,-7.663671772783341,-8.71380787777177,2,0,0
ch2-upper-edge-narrow-pluto-19f2-20260811T141133Z,ch2-upper-edge-narrow-pluto-19f2-20260811T141133Z.json,2026-08-11,pluto-19f2,2,upper,slow_attack,,2500000.0,-12.367552251308274,-12.583350204649298,5,0,0
ch2-upper-edge-narrow-pluto-19f2-20260811T142816Z,ch2-upper-edge-narrow-pluto-19f2-20260811T142816Z.json,2026-08-11,pluto-19f2,2,upper,manual,50.0,2500000.0,-7.443510684263296,-8.441207932367048,2,1,0
ch2-upper-edge-narrow-pluto-19f2-20260811T143638Z,ch2-upper-edge-narrow-pluto-19f2-20260811T143638Z.json,2026-08-11,pluto-19f2,2,upper,manual,50.0,2500000.0,-7.284421705336229,-8.20829267609,6,0,0
ch2-upper-edge-narrow-pluto-19f2-20260811T145132Z,ch2-upper-edge-narrow-pluto-19f2-20260811T145132Z.json,2026-08-11,pluto-19f2,2,upper,manual,50.0,2500000.0,-7.339994579806385,-8.364567877726818,3,0,0
ch2-upper-edge-narrow-pluto-19f2-20260811T145550Z,ch2-upper-edge-narrow-pluto-19f2-20260811T145550Z.json,2026-08-11,pluto-19f2,2,upper,manual,50.0,2500000.0,-7.539365542231009,-8.569852784479242,3,0,0
ch2-upper-edge-narrow-pluto-19f2-20260811T150629Z,ch2-upper-edge-narrow-pluto-19f2-20260811T150629Z.json,2026-08-11,pluto-19f2,2,upper,slow_attack,,2500000.0,-12.100531148934753,-12.376011274103503,1,1,0
ch2-upper-edge-narrow-pluto-19f2-20260811T152733Z,ch2-upper-edge-narrow-pluto-19f2-20260811T152733Z.json,2026-08-11,pluto-19f2,2,upper,manual,50.0,2500000.0,-6.680644677997629,-7.507470871386368,8,2,0
ch2-upper-edge-narrow-pluto-19f2-20260811T155046Z,ch2-upper-edge-narrow-pluto-19f2-20260811T155046Z.json,2026-08-11,pluto-19f2,2,upper,slow_attack,,2500000.0,-12.459884693452102,-12.535044106276201,4,2,0
ch2-upper-edge-narrow-pluto-19f2-20260811T162337Z,ch2-upper-edge-narrow-pluto-19f2-20260811T162337Z.json,2026-08-11,pluto-19f2,2,upper,slow_attack,,2500000.0,-12.00000420239288,-12.018945872921435,0,0,0
ch2-upper-edge-narrow-pluto-19f2-20260811T163356Z,ch2-upper-edge-narrow-pluto-19f2-20260811T163356Z.json,2026-08-11,pluto-19f2,2,upper,manual,50.0,2500000.0,-7.688553972810467,-8.65765443849163,2,0,0
ch2-upper-edge-narrow-pluto-19f2-20260811T165452Z,ch2-upper-edge-narrow-pluto-19f2-20260811T165452Z.json,2026-08-11,pluto-19f2,2,upper,slow_attack,,2500000.0,-12.237685716919097,-12.205982444644441,0,0,0
ch2-upper-edge-narrow-pluto-19f2-20260811T174408Z,ch2-upper-edge-narrow-pluto-19f2-20260811T174408Z.json,2026-08-11,pluto-19f2,2,upper,manual,50.0,2500000.0,-7.142642936694651,-8.409169285174281,1,0,0
ch2-upper-edge-narrow-pluto-19f2-20260811T175021Z,ch2-upper-edge-narrow-pluto-19f2-20260811T175021Z.json,2026-08-11,pluto-19f2,2,upper,slow_attack,,2500000.0,-12.30569546520375,-12.499260252538683,2,0,0
ch2-upper-edge-narrow-pluto-19f2-20260811T180306Z,ch2-upper-edge-narrow-pluto-19f2-20260811T180306Z.json,2026-08-11,pluto-19f2,2,upper,slow_attack,,2500000.0,-12.464061576466703,-12.474369071436964,2,1,0
ch2-upper-edge-narrow-pluto-19f2-20260811T182039Z,ch2-upper-edge-narrow-pluto-19f2-20260811T182039Z.json,2026-08-11,pluto-19f2,2,upper,slow_attack,,2500000.0,-12.54039621889529,-12.425999411099614,1,0,0
ch2-upper-edge-narrow-pluto-19f2-20260811T184447Z,ch2-upper-edge-narrow-pluto-19f2-20260811T184447Z.json,2026-08-11,pluto-19f2,2,upper,slow_attack,,2500000.0,-12.06723536067824,-12.106788538233832,2,1,0
ch2-upper-edge-narrow-pluto-19f2-20260811T185349Z,ch2-upper-edge-narrow-pluto-19f2-20260811T185349Z.json,2026-08-11,pluto-19f2,2,upper,slow_attack,,2500000.0,-12.438756445118653,-12.69466142224836,1,0,0
ch2-upper-edge-narrow-pluto-19f2-20260811T190829Z,ch2-upper-edge-narrow-pluto-19f2-20260811T190829Z.json,2026-08-11,pluto-19f2,2,upper,slow_attack,,2500000.0,-12.420994317911049,-12.709792617068798,0,0,0
ch2-upper-edge-narrow-pluto-19f2-20260811T200326Z,ch2-upper-edge-narrow-pluto-19f2-20260811T200326Z.json,2026-08-11,pluto-19f2,2,upper,slow_attack,,2500000.0,-12.240567983333026,-12.381178071349161,2,0,0
ch2-upper-edge-narrow-pluto-19f2-20260811T211303Z,ch2-upper-edge-narrow-pluto-19f2-20260811T211303Z.json,2026-08-11,pluto-19f2,2,upper,slow_attack,,2500000.0,-12.349114181291075,-12.587983123882312,1,0,0
ch2-upper-edge-narrow-pluto-19f2-20260811T211649Z,ch2-upper-edge-narrow-pluto-19f2-20260811T211649Z.json,2026-08-11,pluto-19f2,2,upper,slow_attack,,2500000.0,-12.216783628601146,-12.474076127708855,2,0,0
ch2-upper-edge-narrow-pluto-19f2-20260811T215353Z,ch2-upper-edge-narrow-pluto-19f2-20260811T215353Z.json,2026-08-11,pluto-19f2,2,upper,manual,50.0,2500000.0,-7.260910283553855,-8.339474640209374,3,0,0
ch2-upper-edge-narrow-pluto-19f2-20260811T232019Z,ch2-upper-edge-narrow-pluto-19f2-20260811T232019Z.json,2026-08-11,pluto-19f2,2,upper,manual,50.0,2500000.0,-7.1707568687240375,-8.292549755349764,2,0,0
ch2-upper-edge-narrow-pluto-19f2-20260811T234649Z,ch2-upper-edge-narrow-pluto-19f2-20260811T234649Z.json,2026-08-11,pluto-19f2,2,upper,slow_attack,,2500000.0,-12.918578867266682,-12.728105255283362,3,0,0
ch2-upper-edge-narrow-pluto-19f2-20260812T002033Z,ch2-upper-edge-narrow-pluto-19f2-20260812T002033Z.json,2026-08-12,pluto-19f2,2,upper,slow_attack,,2500000.0,-12.531446537183928,-12.460263512897908,1,0,0
ch2-upper-edge-narrow-pluto-19f2-20260812T003201Z,ch2-upper-edge-narrow-pluto-19f2-20260812T003201Z.json,2026-08-12,pluto-19f2,2,upper,manual,50.0,2500000.0,-7.011138513576815,-8.125058474079168,2,0,0
ch2-upper-edge-narrow-pluto-19f2-20260812T003545Z,ch2-upper-edge-narrow-pluto-19f2-20260812T003545Z.json,2026-08-12,pluto-19f2,2,upper,manual,50.0,2500000.0,-6.812321897691815,-7.860832058676262,4,0,0
ch2-upper-edge-narrow-pluto-19f2-20260812T005433Z,ch2-upper-edge-narrow-pluto-19f2-20260812T005433Z.json,2026-08-12,pluto-19f2,2,upper,manual,50.0,2500000.0,-7.052489188631394,-8.172856250585967,1,0,0
ch2-upper-edge-narrow-pluto-19f2-20260812T010935Z,ch2-upper-edge-narrow-pluto-19f2-20260812T010935Z.json,2026-08-12,pluto-19f2,2,upper,slow_attack,,2500000.0,-12.772386983895117,-12.686234826960234,4,0,0
ch2-upper-edge-narrow-pluto-19f2-20260812T011321Z,ch2-upper-edge-narrow-pluto-19f2-20260812T011321Z.json,2026-08-12,pluto-19f2,2,upper,slow_attack,,2500000.0,-12.597947342217793,-12.485879127780809,1,0,0
ch2-upper-edge-narrow-pluto-19f2-20260812T011707Z,ch2-upper-edge-narrow-pluto-19f2-20260812T011707Z.json,2026-08-12,pluto-19f2,2,upper,manual,50.0,2500000.0,-6.769189372153149,-7.824140014857589,3,0,0
ch2-upper-edge-narrow-pluto-19f2-20260812T013955Z,ch2-upper-edge-narrow-pluto-19f2-20260812T013955Z.json,2026-08-12,pluto-19f2,2,upper,manual,50.0,2500000.0,-6.917165454736141,-7.99355240860134,4,0,0
ch2-upper-edge-narrow-pluto-19f2-20260812T015114Z,ch2-upper-edge-narrow-pluto-19f2-20260812T015114Z.json,2026-08-12,pluto-19f2,2,upper,manual,50.0,2500000.0,-6.998765921990719,-8.100700359858784,1,0,0
ch2-upper-edge-narrow-pluto-19f2-20260812T025849Z,ch2-upper-edge-narrow-pluto-19f2-20260812T025849Z.json,2026-08-12,pluto-19f2,2,upper,manual,50.0,2500000.0,-6.820007925734107,-7.896414791080689,3,0,0
ch2-upper-edge-narrow-pluto-19f2-20260812T033235Z,ch2-upper-edge-narrow-pluto-19f2-20260812T033235Z.json,2026-08-12,pluto-19f2,2,upper,slow_attack,,2500000.0,-12.710771029970275,-12.658029262635505,3,0,0
ch2-upper-edge-narrow-pluto-19f2-20260812T042127Z,ch2-upper-edge-narrow-pluto-19f2-20260812T042127Z.json,2026-08-12,pluto-19f2,2,upper,slow_attack,,2500000.0,-12.66417982002708,-12.661191825895603,3,0,0
ch2-upper-edge-narrow-pluto-19f2-20260812T045907Z,ch2-upper-edge-narrow-pluto-19f2-20260812T045907Z.json,2026-08-12,pluto-19f2,2,upper,slow_attack,,2500000.0,-12.742767490576481,-12.337468295883077,6,0,0
ch2-upper-edge-narrow-pluto-19f2-20260812T052150Z,ch2-upper-edge-narrow-pluto-19f2-20260812T052150Z.json,2026-08-12,pluto-19f2,2,upper,slow_attack,,2500000.0,-12.800278019244068,-12.733061369721979,1,0,0
ch2-upper-edge-narrow-pluto-19f2-20260812T053659Z,ch2-upper-edge-narrow-pluto-19f2-20260812T053659Z.json,2026-08-12,pluto-19f2,2,upper,manual,50.0,2500000.0,-6.607648200485199,-7.5980322690764375,5,0,0
ch2-upper-edge-narrow-pluto-19f2-20260812T054433Z,ch2-upper-edge-narrow-pluto-19f2-20260812T054433Z.json,2026-08-12,pluto-19f2,2,upper,manual,50.0,2500000.0,-6.8140493940198255,-7.83383928497785,2,0,0
ch2-upper-edge-narrow-pluto-19f2-20260812T055943Z,ch2-upper-edge-narrow-pluto-19f2-20260812T055943Z.json,2026-08-12,pluto-19f2,2,upper,slow_attack,,2500000.0,-13.060830859147174,-12.345152765335968,2,0,0
ch2-upper-edge-narrow-pluto-19f2-20260812T063738Z,ch2-upper-edge-narrow-pluto-19f2-20260812T063738Z.json,2026-08-12,pluto-19f2,2,upper,manual,50.0,2500000.0,-7.287621947712346,-8.300928829278007,7,0,0
ch2-upper-edge-narrow-pluto-19f2-20260812T074929Z,ch2-upper-edge-narrow-pluto-19f2-20260812T074929Z.json,2026-08-12,pluto-19f2,2,upper,manual,50.0,2500000.0,-7.346770499402591,-8.371989007051502,5,0,0
ch2-upper-edge-narrow-pluto-19f2-20260812T084623Z,ch2-upper-edge-narrow-pluto-19f2-20260812T084623Z.json,2026-08-12,pluto-19f2,2,upper,manual,50.0,2500000.0,-7.204904543619865,-8.201171172944552,4,0,0
ch2-upper-edge-narrow-pluto-19f2-20260812T090905Z,ch2-upper-edge-narrow-pluto-19f2-20260812T090905Z.json,2026-08-12,pluto-19f2,2,upper,slow_attack,,2500000.0,-12.198821967420967,-12.530803217584214,1,0,0
ch2-upper-edge-narrow-pluto-19f2-20260812T092027Z,ch2-upper-edge-narrow-pluto-19f2-20260812T092027Z.json,2026-08-12,pluto-19f2,2,upper,slow_attack,,2500000.0,-12.227382104083397,-12.474999637105423,2,0,0
ch2-upper-edge-narrow-pluto-19f2-20260812T094655Z,ch2-upper-edge-narrow-pluto-19f2-20260812T094655Z.json,2026-08-12,pluto-19f2,2,upper,slow_attack,,2500000.0,-12.23009311462594,-12.427447198848325,3,0,0
ch2-upper-edge-narrow-pluto-19f2-20260812T102107Z,ch2-upper-edge-narrow-pluto-19f2-20260812T102107Z.json,2026-08-12,pluto-19f2,2,upper,slow_attack,,2500000.0,-12.942071306196826,-12.407225233215014,2,0,0
ch2-upper-edge-narrow-pluto-19f2-20260812T104738Z,ch2-upper-edge-narrow-pluto-19f2-20260812T104738Z.json,2026-08-12,pluto-19f2,2,upper,manual,50.0,2500000.0,-7.439291645715286,-8.555506309205409,1,0,0
ch2-upper-edge-narrow-pluto-19f2-20260812T112134Z,ch2-upper-edge-narrow-pluto-19f2-20260812T112134Z.json,2026-08-12,pluto-19f2,2,upper,manual,50.0,2500000.0,-7.530471094622881,-8.655603986929414,1,0,0
ch2-upper-edge-narrow-pluto-19f2-20260812T113643Z,ch2-upper-edge-narrow-pluto-19f2-20260812T113643Z.json,2026-08-12,pluto-19f2,2,upper,manual,50.0,2500000.0,-7.260667972486051,-8.364203691400414,5,0,0
ch2-upper-edge-narrow-pluto-19f2-20260812T114029Z,ch2-upper-edge-narrow-pluto-19f2-20260812T114029Z.json,2026-08-12,pluto-19f2,2,upper,slow_attack,,2500000.0,-12.408104104354587,-12.600121094984825,5,1,0
ch2-upper-edge-narrow-pluto-19f2-20260812T115927Z,ch2-upper-edge-narrow-pluto-19f2-20260812T115927Z.json,2026-08-12,pluto-19f2,2,upper,slow_attack,,2500000.0,-12.293322278331289,-12.537682766109386,1,0,0
ch2-upper-edge-narrow-pluto-19f2-20260812T123335Z,ch2-upper-edge-narrow-pluto-19f2-20260812T123335Z.json,2026-08-12,pluto-19f2,2,upper,manual,50.0,2500000.0,-7.325359174672959,-8.417188563411344,3,0,0
ch2-upper-edge-narrow-pluto-19f2-20260812T131132Z,ch2-upper-edge-narrow-pluto-19f2-20260812T131132Z.json,2026-08-12,pluto-19f2,2,upper,manual,50.0,2500000.0,-7.452165195629911,-8.573323222266698,0,0,0
ch2-upper-edge-narrow-pluto-19f2-20260812T131906Z,ch2-upper-edge-narrow-pluto-19f2-20260812T131906Z.json,2026-08-12,pluto-19f2,2,upper,slow_attack,,2500000.0,-12.177223884696932,-12.43514284936986,2,0,0
ch2-upper-edge-narrow-pluto-19f2-20260812T132641Z,ch2-upper-edge-narrow-pluto-19f2-20260812T132641Z.json,2026-08-12,pluto-19f2,2,upper,slow_attack,,2500000.0,-12.221254853132494,-12.590402432148231,4,0,0
ch2-upper-edge-narrow-pluto-19f2-20260812T140043Z,ch2-upper-edge-narrow-pluto-19f2-20260812T140043Z.json,2026-08-12,pluto-19f2,2,upper,slow_attack,,2500000.0,-12.299004267838411,-12.629300533905912,1,0,0
ch2-upper-edge-narrow-pluto-19f2-20260812T141206Z,ch2-upper-edge-narrow-pluto-19f2-20260812T141206Z.json,2026-08-12,pluto-19f2,2,upper,slow_attack,,2500000.0,-12.403953920233972,-12.721942290426572,0,0,0
ch2-upper-edge-narrow-pluto-19f2-20260812T143458Z,ch2-upper-edge-narrow-pluto-19f2-20260812T143458Z.json,2026-08-12,pluto-19f2,2,upper,slow_attack,,2500000.0,-12.333298988461067,-12.62084126292791,2,0,0
ch2-upper-edge-narrow-pluto-19f2-20260812T145007Z,ch2-upper-edge-narrow-pluto-19f2-20260812T145007Z.json,2026-08-12,pluto-19f2,2,upper,manual,50.0,2500000.0,-7.620508765922409,-8.70982953662306,1,0,0
ch2-upper-edge-narrow-pluto-19f2-20260812T150130Z,ch2-upper-edge-narrow-pluto-19f2-20260812T150130Z.json,2026-08-12,pluto-19f2,2,upper,slow_attack,,2500000.0,-12.165666991926582,-12.225792761221461,4,0,0
ch2-upper-edge-narrow-pluto-19f2-20260812T151252Z,ch2-upper-edge-narrow-pluto-19f2-20260812T151252Z.json,2026-08-12,pluto-19f2,2,upper,slow_attack,,2500000.0,-12.281753344381144,-12.339213174478758,7,0,0
ch2-upper-edge-narrow-pluto-19f2-20260812T152417Z,ch2-upper-edge-narrow-pluto-19f2-20260812T152417Z.json,2026-08-12,pluto-19f2,2,upper,slow_attack,,2500000.0,-12.242404905727856,-12.4316304660981,3,0,0
ch2-upper-edge-narrow-pluto-19f2-20260812T153150Z,ch2-upper-edge-narrow-pluto-19f2-20260812T153150Z.json,2026-08-12,pluto-19f2,2,upper,manual,50.0,2500000.0,-7.529298123945372,-8.543682998322877,4,0,0
ch2-upper-edge-narrow-pluto-19f2-20260812T165200Z,ch2-upper-edge-narrow-pluto-19f2-20260812T165200Z.json,2026-08-12,pluto-19f2,2,upper,manual,50.0,2500000.0,-7.874809433687448,-8.916558043193435,3,0,0
ch2-upper-edge-narrow-pluto-19f2-20260812T172253Z,ch2-upper-edge-narrow-pluto-19f2-20260812T172253Z.json,2026-08-12,pluto-19f2,2,upper,manual,50.0,2500000.0,-8.057195363909376,-9.12207324349843,5,0,0
ch2-upper-edge-narrow-pluto-19f2-20260812T173820Z,ch2-upper-edge-narrow-pluto-19f2-20260812T173820Z.json,2026-08-12,pluto-19f2,2,upper,slow_attack,,2500000.0,-12.32249268744128,-12.475736121369792,0,0,0
ch2-upper-edge-narrow-pluto-19f2-20260812T181712Z,ch2-upper-edge-narrow-pluto-19f2-20260812T181712Z.json,2026-08-12,pluto-19f2,2,upper,manual,50.0,2500000.0,-7.236800960608689,-8.285675638575691,4,0,0
ch2-upper-edge-narrow-pluto-19f2-20260812T184414Z,ch2-upper-edge-narrow-pluto-19f2-20260812T184414Z.json,2026-08-12,pluto-19f2,2,upper,manual,50.0,2500000.0,-7.360458332141344,-8.375843959739216,3,0,0
ch2-upper-edge-narrow-pluto-19f2-20260812T195037Z,ch2-upper-edge-narrow-pluto-19f2-20260812T195037Z.json,2026-08-12,pluto-19f2,2,upper,manual,50.0,2500000.0,-7.381251172818457,-8.438049361448952,1,0,0
ch2-upper-edge-narrow-pluto-19f2-20260812T195824Z,ch2-upper-edge-narrow-pluto-19f2-20260812T195824Z.json,2026-08-12,pluto-19f2,2,upper,manual,50.0,2500000.0,-7.294093003426546,-8.3515270684677,2,0,0
ch2-upper-edge-narrow-pluto-19f2-20260812T220558Z,ch2-upper-edge-narrow-pluto-19f2-20260812T220558Z.json,2026-08-12,pluto-19f2,2,upper,manual,50.0,2500000.0,-7.095670711965413,-8.068752419217514,7,0,0
ch2-upper-edge-narrow-pluto-19f2-20260812T222128Z,ch2-upper-edge-narrow-pluto-19f2-20260812T222128Z.json,2026-08-12,pluto-19f2,2,upper,slow_attack,,2500000.0,-12.238912008612363,-12.369272175941559,1,0,0
ch2-upper-edge-narrow-pluto-19f2-20260813T021211Z,ch2-upper-edge-narrow-pluto-19f2-20260813T021211Z.json,2026-08-13,pluto-19f2,2,upper,slow_attack,,2500000.0,-12.669046580272775,-12.495016798058092,5,0,0
ch2-upper-edge-narrow-pluto-19f2-20260813T023941Z,ch2-upper-edge-narrow-pluto-19f2-20260813T023941Z.json,2026-08-13,pluto-19f2,2,upper,manual,50.0,2500000.0,-6.726399053890503,-7.690896757827263,7,0,0
ch2-upper-edge-narrow-pluto-19f2-20260813T025131Z,ch2-upper-edge-narrow-pluto-19f2-20260813T025131Z.json,2026-08-13,pluto-19f2,2,upper,manual,50.0,2500000.0,-6.679351626058461,-7.61551965672931,4,1,0
ch2-upper-edge-narrow-pluto-19f2-20260813T030327Z,ch2-upper-edge-narrow-pluto-19f2-20260813T030327Z.json,2026-08-13,pluto-19f2,2,upper,manual,50.0,2500000.0,-6.7260835219498984,-7.711519779683487,2,0,0
ch2-upper-edge-narrow-pluto-19f2-20260813T032725Z,ch2-upper-edge-narrow-pluto-19f2-20260813T032725Z.json,2026-08-13,pluto-19f2,2,upper,slow_attack,,2500000.0,-12.578042121126146,-12.37724138444593,2,0,0
ch2-upper-edge-narrow-pluto-19f2-20260813T041428Z,ch2-upper-edge-narrow-pluto-19f2-20260813T041428Z.json,2026-08-13,pluto-19f2,2,upper,manual,50.0,2500000.0,-6.927460814501845,-7.881145695268997,2,1,0
ch2-upper-edge-narrow-pluto-19f2-20260813T044620Z,ch2-upper-edge-narrow-pluto-19f2-20260813T044620Z.json,2026-08-13,pluto-19f2,2,upper,slow_attack,,2500000.0,-12.638979585533573,-12.889957734573256,1,0,0
ch2-upper-edge-narrow-pluto-19f2-20260813T054604Z,ch2-upper-edge-narrow-pluto-19f2-20260813T054604Z.json,2026-08-13,pluto-19f2,2,upper,manual,50.0,2500000.0,-6.86425101558815,-10.765417215860335,5,0,0
ch2-upper-edge-narrow-pluto-19f2-20260813T054955Z,ch2-upper-edge-narrow-pluto-19f2-20260813T054955Z.json,2026-08-13,pluto-19f2,2,upper,manual,50.0,2500000.0,-6.9923935674402244,-10.916743604385669,3,0,0
ch2-upper-edge-narrow-pluto-19f2-20260813T064846Z,ch2-upper-edge-narrow-pluto-19f2-20260813T064846Z.json,2026-08-13,pluto-19f2,2,upper,slow_attack,,2500000.0,-12.620595714041148,-12.310442208292118,7,0,0
ch2-upper-edge-narrow-pluto-19f2-20260813T070035Z,ch2-upper-edge-narrow-pluto-19f2-20260813T070035Z.json,2026-08-13,pluto-19f2,2,upper,manual,50.0,2500000.0,-7.033368120964932,-11.024014001207918,3,0,0
ch2-upper-edge-narrow-pluto-19f2-20260813T072009Z,ch2-upper-edge-narrow-pluto-19f2-20260813T072009Z.json,2026-08-13,pluto-19f2,2,upper,manual,50.0,2500000.0,-6.943554301507855,-10.913718212325143,4,0,0
ch2-upper-edge-narrow-pluto-19f2-20260813T085929Z,ch2-upper-edge-narrow-pluto-19f2-20260813T085929Z.json,2026-08-13,pluto-19f2,2,upper,slow_attack,,2500000.0,-12.78552218993221,-12.288212209119202,4,0,0
ch2-upper-edge-narrow-pluto-19f2-20260813T093033Z,ch2-upper-edge-narrow-pluto-19f2-20260813T093033Z.json,2026-08-13,pluto-19f2,2,upper,manual,50.0,2500000.0,-6.681941622207031,-10.725321321619974,4,0,0
ch2-upper-edge-narrow-pluto-19f2-20260813T093427Z,ch2-upper-edge-narrow-pluto-19f2-20260813T093427Z.json,2026-08-13,pluto-19f2,2,upper,slow_attack,,2500000.0,-12.587513088772242,-12.3033196853426,3,0,0
ch2-upper-edge-narrow-pluto-19f2-20260813T093823Z,ch2-upper-edge-narrow-pluto-19f2-20260813T093823Z.json,2026-08-13,pluto-19f2,2,upper,manual,50.0,2500000.0,-6.632498681741971,-10.681835611875561,8,0,0
ch2-upper-edge-narrow-pluto-19f2-20260813T103749Z,ch2-upper-edge-narrow-pluto-19f2-20260813T103749Z.json,2026-08-13,pluto-19f2,2,upper,manual,50.0,2500000.0,-7.0492769193513265,-11.00361041933732,2,0,0
ch2-upper-edge-narrow-pluto-19f2-20260813T120832Z,ch2-upper-edge-narrow-pluto-19f2-20260813T120832Z.json,2026-08-13,pluto-19f2,2,upper,slow_attack,,2500000.0,-12.740910220252665,-12.209152179848905,5,0,0
ch2-upper-edge-narrow-pluto-19f2-20260813T133157Z,ch2-upper-edge-narrow-pluto-19f2-20260813T133157Z.json,2026-08-13,pluto-19f2,2,upper,manual,50.0,2500000.0,-6.76688746176091,-10.96212121726313,1,0,0
ch2-upper-edge-narrow-pluto-19f2-20260813T134331Z,ch2-upper-edge-narrow-pluto-19f2-20260813T134331Z.json,2026-08-13,pluto-19f2,2,upper,slow_attack,,2500000.0,-12.673099777269544,-12.228836419954298,1,0,0
ch2-upper-edge-narrow-pluto-19f2-20260813T143811Z,ch2-upper-edge-narrow-pluto-19f2-20260813T143811Z.json,2026-08-13,pluto-19f2,2,upper,manual,50.0,2500000.0,-6.704980144653563,-10.715447379387314,2,0,0
ch2-upper-edge-narrow-pluto-19f2-20260813T151713Z,ch2-upper-edge-narrow-pluto-19f2-20260813T151713Z.json,2026-08-13,pluto-19f2,2,upper,manual,50.0,2500000.0,-6.804712627093153,-10.86936500237428,3,0,0
ch2-upper-edge-narrow-pluto-19f2-20260813T154444Z,ch2-upper-edge-narrow-pluto-19f2-20260813T154444Z.json,2026-08-13,pluto-19f2,2,upper,manual,50.0,2500000.0,-6.909245235217422,-10.982580378959849,2,0,0
ch2-upper-edge-narrow-pluto-19f2-20260813T155648Z,ch2-upper-edge-narrow-pluto-19f2-20260813T155648Z.json,2026-08-13,pluto-19f2,2,upper,slow_attack,,2500000.0,-12.82724359800284,-12.322959711482808,3,0,0
ch2-upper-edge-narrow-pluto-19f2-20260813T162836Z,ch2-upper-edge-narrow-pluto-19f2-20260813T162836Z.json,2026-08-13,pluto-19f2,2,upper,slow_attack,,2500000.0,-12.803994419781667,-12.425411059332124,0,0,0
ch2-upper-edge-narrow-pluto-19f2-20260813T163233Z,ch2-upper-edge-narrow-pluto-19f2-20260813T163233Z.json,2026-08-13,pluto-19f2,2,upper,slow_attack,,2500000.0,-12.881030769825657,-12.240631316270438,3,0,0
ch2-upper-edge-narrow-pluto-19f2-20260813T170427Z,ch2-upper-edge-narrow-pluto-19f2-20260813T170427Z.json,2026-08-13,pluto-19f2,2,upper,manual,50.0,2500000.0,-6.820220502068235,-10.620713186408112,4,0,0
ch2-upper-edge-narrow-pluto-19f2-20260813T174325Z,ch2-upper-edge-narrow-pluto-19f2-20260813T174325Z.json,2026-08-13,pluto-19f2,2,upper,manual,50.0,2500000.0,-7.003803817359433,-10.849260099815467,6,0,0
ch2-upper-edge-narrow-pluto-19f2-20260813T175510Z,ch2-upper-edge-narrow-pluto-19f2-20260813T175510Z.json,2026-08-13,pluto-19f2,2,upper,manual,50.0,2500000.0,-7.077031494081654,-11.039158656217083,6,0,0
ch2-upper-edge-narrow-pluto-19f2-20260813T180650Z,ch2-upper-edge-narrow-pluto-19f2-20260813T180650Z.json,2026-08-13,pluto-19f2,2,upper,slow_attack,,2500000.0,-12.718950651036657,-12.295981713414932,4,0,0
ch2-upper-edge-narrow-pluto-19f2-20260813T191444Z,ch2-upper-edge-narrow-pluto-19f2-20260813T191444Z.json,2026-08-13,pluto-19f2,2,upper,manual,50.0,2500000.0,-7.389762996435318,-11.684539867818323,4,0,0
ch2-upper-edge-narrow-pluto-19f2-20260813T192625Z,ch2-upper-edge-narrow-pluto-19f2-20260813T192625Z.json,2026-08-13,pluto-19f2,2,upper,manual,50.0,2500000.0,-7.39982372979815,-11.47561448971917,4,0,0
ch2-upper-edge-narrow-pluto-19f2-20260813T193420Z,ch2-upper-edge-narrow-pluto-19f2-20260813T193420Z.json,2026-08-13,pluto-19f2,2,upper,slow_attack,,2500000.0,-12.243474109509787,-12.46911231573301,3,0,0
ch2-upper-edge-narrow-pluto-19f2-20260813T194958Z,ch2-upper-edge-narrow-pluto-19f2-20260813T194958Z.json,2026-08-13,pluto-19f2,2,upper,manual,50.0,2500000.0,-7.184226887374596,-11.38792132562693,4,0,0
ch2-upper-edge-narrow-pluto-19f2-20260813T195752Z,ch2-upper-edge-narrow-pluto-19f2-20260813T195752Z.json,2026-08-13,pluto-19f2,2,upper,manual,50.0,2500000.0,-7.196779334117,-11.375385571202749,3,0,0
ch2-upper-edge-narrow-pluto-19f2-20260813T214737Z,ch2-upper-edge-narrow-pluto-19f2-20260813T214737Z.json,2026-08-13,pluto-19f2,2,upper,manual,50.0,2500000.0,-7.4403564959139,-11.719846448258215,2,0,0
ch2-upper-edge-narrow-pluto-19f2-20260813T220708Z,ch2-upper-edge-narrow-pluto-19f2-20260813T220708Z.json,2026-08-13,pluto-19f2,2,upper,slow_attack,,2500000.0,-12.280768941089239,-12.720787711563657,4,0,0
ch2-upper-edge-narrow-pluto-5d4d-20260811T060124Z,ch2-upper-edge-narrow-pluto-5d4d-20260811T060124Z.json,2026-08-11,pluto-5d4d,2,upper,manual,50.0,2500000.0,-25.75642810824477,-30.08624533368064,1,1,1
ch2-upper-edge-narrow-pluto-5d4d-20260811T060329Z,ch2-upper-edge-narrow-pluto-5d4d-20260811T060329Z.json,2026-08-11,pluto-5d4d,2,upper,manual,50.0,2500000.0,-25.337014959987435,-29.613823335949142,2,2,2
ch2-upper-edge-narrow-pluto-5d4d-20260811T061636Z,ch2-upper-edge-narrow-pluto-5d4d-20260811T061636Z.json,2026-08-11,pluto-5d4d,2,upper,manual,50.0,2500000.0,-26.042263823593803,-30.345942080121446,0,0,0
ch2-upper-edge-narrow-pluto-5d4d-20260811T061841Z,ch2-upper-edge-narrow-pluto-5d4d-20260811T061841Z.json,2026-08-11,pluto-5d4d,2,upper,slow_attack,,2500000.0,-12.322627902239384,-12.494284911957738,0,0,0
ch2-upper-edge-narrow-pluto-5d4d-20260811T062255Z,ch2-upper-edge-narrow-pluto-5d4d-20260811T062255Z.json,2026-08-11,pluto-5d4d,2,upper,manual,50.0,2500000.0,-25.926794922394777,-30.252946307265944,1,1,1
ch2-upper-edge-narrow-pluto-5d4d-20260811T071806Z,ch2-upper-edge-narrow-pluto-5d4d-20260811T071806Z.json,2026-08-11,pluto-5d4d,2,upper,manual,50.0,2500000.0,-25.66912235781297,-30.02286135852526,2,2,2
ch2-upper-edge-narrow-pluto-5d4d-20260811T072627Z,ch2-upper-edge-narrow-pluto-5d4d-20260811T072627Z.json,2026-08-11,pluto-5d4d,2,upper,manual,50.0,2500000.0,-25.94230802589359,-30.247015782760307,0,0,0
ch2-upper-edge-narrow-pluto-5d4d-20260811T080751Z,ch2-upper-edge-narrow-pluto-5d4d-20260811T080751Z.json,2026-08-11,pluto-5d4d,2,upper,manual,50.0,2500000.0,-25.96745247811077,-30.274876108465385,2,2,2
ch2-upper-edge-narrow-pluto-5d4d-20260811T082551Z,ch2-upper-edge-narrow-pluto-5d4d-20260811T082551Z.json,2026-08-11,pluto-5d4d,2,upper,slow_attack,,2500000.0,-12.435254148138073,-12.484319148942562,2,2,2
ch2-upper-edge-narrow-pluto-5d4d-20260811T083002Z,ch2-upper-edge-narrow-pluto-5d4d-20260811T083002Z.json,2026-08-11,pluto-5d4d,2,upper,manual,50.0,2500000.0,-26.00707409958552,-30.31853013288928,1,1,1
ch2-upper-edge-narrow-pluto-5d4d-20260811T083207Z,ch2-upper-edge-narrow-pluto-5d4d-20260811T083207Z.json,2026-08-11,pluto-5d4d,2,upper,slow_attack,,2500000.0,-12.457597572394025,-12.323042278147362,2,2,2
ch2-upper-edge-narrow-pluto-5d4d-20260811T084030Z,ch2-upper-edge-narrow-pluto-5d4d-20260811T084030Z.json,2026-08-11,pluto-5d4d,2,upper,slow_attack,,2500000.0,-12.417958220206328,-12.373518301919653,2,2,2
ch2-upper-edge-narrow-pluto-5d4d-20260811T090511Z,ch2-upper-edge-narrow-pluto-5d4d-20260811T090511Z.json,2026-08-11,pluto-5d4d,2,upper,manual,50.0,2500000.0,-26.065906636659946,-30.35305085711466,0,0,0
ch2-upper-edge-narrow-pluto-5d4d-20260811T091622Z,ch2-upper-edge-narrow-pluto-5d4d-20260811T091622Z.json,2026-08-11,pluto-5d4d,2,upper,slow_attack,,2500000.0,-12.372120814667564,-12.436910207796226,4,4,3
ch2-upper-edge-narrow-pluto-5d4d-20260811T092034Z,ch2-upper-edge-narrow-pluto-5d4d-20260811T092034Z.json,2026-08-11,pluto-5d4d,2,upper,slow_attack,,2500000.0,-12.386671778987953,-12.438401894518424,2,2,2
ch2-upper-edge-narrow-pluto-5d4d-20260811T092933Z,ch2-upper-edge-narrow-pluto-5d4d-20260811T092933Z.json,2026-08-11,pluto-5d4d,2,upper,manual,50.0,2500000.0,-25.912093191937885,-30.240309971226708,1,1,1
ch2-upper-edge-narrow-pluto-5d4d-20260811T093343Z,ch2-upper-edge-narrow-pluto-5d4d-20260811T093343Z.json,2026-08-11,pluto-5d4d,2,upper,manual,50.0,2500000.0,-26.149500341991455,-30.41611280543227,0,0,0
ch2-upper-edge-narrow-pluto-5d4d-20260811T094002Z,ch2-upper-edge-narrow-pluto-5d4d-20260811T094002Z.json,2026-08-11,pluto-5d4d,2,upper,manual,50.0,2500000.0,-25.944464151579723,-30.235087345706432,2,2,2
ch2-upper-edge-narrow-pluto-5d4d-20260811T095140Z,ch2-upper-edge-narrow-pluto-5d4d-20260811T095140Z.json,2026-08-11,pluto-5d4d,2,upper,slow_attack,,2500000.0,-12.256050010989988,-12.357477373863617,2,2,2
ch2-upper-edge-narrow-pluto-5d4d-20260811T095347Z,ch2-upper-edge-narrow-pluto-5d4d-20260811T095347Z.json,2026-08-11,pluto-5d4d,2,upper,slow_attack,,2500000.0,-12.264158160119155,-12.388176686901645,1,1,1
ch2-upper-edge-narrow-pluto-5d4d-20260811T100419Z,ch2-upper-edge-narrow-pluto-5d4d-20260811T100419Z.json,2026-08-11,pluto-5d4d,2,upper,manual,50.0,2500000.0,-26.202650775235156,-30.465807832328604,0,0,0
ch2-upper-edge-narrow-pluto-5d4d-20260811T100623Z,ch2-upper-edge-narrow-pluto-5d4d-20260811T100623Z.json,2026-08-11,pluto-5d4d,2,upper,slow_attack,,2500000.0,-12.317001568974412,-12.274454115525511,2,2,2
ch2-upper-edge-narrow-pluto-5d4d-20260811T100831Z,ch2-upper-edge-narrow-pluto-5d4d-20260811T100831Z.json,2026-08-11,pluto-5d4d,2,upper,slow_attack,,2500000.0,-12.338730552678047,-12.50365299440189,2,2,2
ch2-upper-edge-narrow-pluto-5d4d-20260811T101313Z,ch2-upper-edge-narrow-pluto-5d4d-20260811T101313Z.json,2026-08-11,pluto-5d4d,2,upper,slow_attack,,2500000.0,-12.276962093657026,-12.144435084908437,2,2,2
ch2-upper-edge-narrow-pluto-5d4d-20260811T102217Z,ch2-upper-edge-narrow-pluto-5d4d-20260811T102217Z.json,2026-08-11,pluto-5d4d,2,upper,manual,50.0,2500000.0,-25.97602241527097,-30.33426539637796,2,2,2
ch2-upper-edge-narrow-pluto-5d4d-20260811T103523Z,ch2-upper-edge-narrow-pluto-5d4d-20260811T103523Z.json,2026-08-11,pluto-5d4d,2,upper,slow_attack,,2500000.0,-12.420420129535463,-12.38756094452004,1,1,1
ch2-upper-edge-narrow-pluto-5d4d-20260811T104342Z,ch2-upper-edge-narrow-pluto-5d4d-20260811T104342Z.json,2026-08-11,pluto-5d4d,2,upper,manual,50.0,2500000.0,-25.81573845890059,-30.218432684609333,4,4,2
ch2-upper-edge-narrow-pluto-5d4d-20260811T104956Z,ch2-upper-edge-narrow-pluto-5d4d-20260811T104956Z.json,2026-08-11,pluto-5d4d,2,upper,manual,50.0,2500000.0,-25.703656357026894,-29.96758759420058,2,2,2
ch2-upper-edge-narrow-pluto-5d4d-20260811T111846Z,ch2-upper-edge-narrow-pluto-5d4d-20260811T111846Z.json,2026-08-11,pluto-5d4d,2,upper,manual,50.0,2500000.0,-25.712262402073538,-29.92684719344399,1,1,1
ch2-upper-edge-narrow-pluto-5d4d-20260811T113605Z,ch2-upper-edge-narrow-pluto-5d4d-20260811T113605Z.json,2026-08-11,pluto-5d4d,2,upper,manual,50.0,2500000.0,-26.16488806862986,-30.433690411204832,0,0,0
ch2-upper-edge-narrow-pluto-5d4d-20260811T114701Z,ch2-upper-edge-narrow-pluto-5d4d-20260811T114701Z.json,2026-08-11,pluto-5d4d,2,upper,slow_attack,,2500000.0,-12.273581532485693,-12.46380279142673,1,1,1
ch2-upper-edge-narrow-pluto-5d4d-20260811T115317Z,ch2-upper-edge-narrow-pluto-5d4d-20260811T115317Z.json,2026-08-11,pluto-5d4d,2,upper,slow_attack,,2500000.0,-12.207027660885716,-12.36660511180585,2,2,2
ch2-upper-edge-narrow-pluto-5d4d-20260811T120252Z,ch2-upper-edge-narrow-pluto-5d4d-20260811T120252Z.json,2026-08-11,pluto-5d4d,2,upper,manual,50.0,2500000.0,-25.45308692711265,-29.848659314471107,2,2,2
ch2-upper-edge-narrow-pluto-5d4d-20260811T120905Z,ch2-upper-edge-narrow-pluto-5d4d-20260811T120905Z.json,2026-08-11,pluto-5d4d,2,upper,manual,50.0,2500000.0,-26.104342529399574,-30.351398674412742,2,2,2
ch2-upper-edge-narrow-pluto-5d4d-20260811T122417Z,ch2-upper-edge-narrow-pluto-5d4d-20260811T122417Z.json,2026-08-11,pluto-5d4d,2,upper,slow_attack,,2500000.0,-12.185421591368526,-12.46061798137601,1,1,1
ch2-upper-edge-narrow-pluto-5d4d-20260811T123739Z,ch2-upper-edge-narrow-pluto-5d4d-20260811T123739Z.json,2026-08-11,pluto-5d4d,2,upper,slow_attack,,2500000.0,-12.36618387795178,-12.448548532316002,2,2,2
ch2-upper-edge-narrow-pluto-5d4d-20260811T130624Z,ch2-upper-edge-narrow-pluto-5d4d-20260811T130624Z.json,2026-08-11,pluto-5d4d,2,upper,manual,50.0,2500000.0,-25.80579779443916,-30.21570121346467,3,3,3
ch2-upper-edge-narrow-pluto-5d4d-20260811T132750Z,ch2-upper-edge-narrow-pluto-5d4d-20260811T132750Z.json,2026-08-11,pluto-5d4d,2,upper,manual,50.0,2500000.0,-25.74040961878143,-30.02133886251063,3,3,3
ch2-upper-edge-narrow-pluto-5d4d-20260811T134304Z,ch2-upper-edge-narrow-pluto-5d4d-20260811T134304Z.json,2026-08-11,pluto-5d4d,2,upper,slow_attack,,2500000.0,-12.28432323086535,-12.33194549006045,2,2,2
ch2-upper-edge-narrow-pluto-5d4d-20260811T135609Z,ch2-upper-edge-narrow-pluto-5d4d-20260811T135609Z.json,2026-08-11,pluto-5d4d,2,upper,slow_attack,,2500000.0,-12.396370442147916,-12.261717853991467,1,1,1
ch2-upper-edge-narrow-pluto-5d4d-20260811T140431Z,ch2-upper-edge-narrow-pluto-5d4d-20260811T140431Z.json,2026-08-11,pluto-5d4d,2,upper,manual,50.0,2500000.0,-25.878018701572078,-30.107598166653492,2,2,2
ch2-upper-edge-narrow-pluto-5d4d-20260811T140841Z,ch2-upper-edge-narrow-pluto-5d4d-20260811T140841Z.json,2026-08-11,pluto-5d4d,2,upper,manual,50.0,2500000.0,-25.799501237611384,-30.135139934061016,2,2,2
ch2-upper-edge-narrow-pluto-5d4d-20260811T141604Z,ch2-upper-edge-narrow-pluto-5d4d-20260811T141604Z.json,2026-08-11,pluto-5d4d,2,upper,slow_attack,,2500000.0,-12.461972718119904,-12.413516210197011,1,1,1
ch2-upper-edge-narrow-pluto-5d4d-20260811T144636Z,ch2-upper-edge-narrow-pluto-5d4d-20260811T144636Z.json,2026-08-11,pluto-5d4d,2,upper,slow_attack,,2500000.0,-12.320461617210587,-12.092716377461157,4,4,4
ch2-upper-edge-narrow-pluto-5d4d-20260811T150113Z,ch2-upper-edge-narrow-pluto-5d4d-20260811T150113Z.json,2026-08-11,pluto-5d4d,2,upper,manual,50.0,2500000.0,-25.918791566512933,-30.147210560751645,0,0,0
ch2-upper-edge-narrow-pluto-5d4d-20260811T155201Z,ch2-upper-edge-narrow-pluto-5d4d-20260811T155201Z.json,2026-08-11,pluto-5d4d,2,upper,manual,50.0,2500000.0,-26.10975842118591,-30.263535726138706,1,1,1
ch2-upper-edge-narrow-pluto-5d4d-20260811T155407Z,ch2-upper-edge-narrow-pluto-5d4d-20260811T155407Z.json,2026-08-11,pluto-5d4d,2,upper,slow_attack,,2500000.0,-12.430857283951013,-12.42118141826789,4,4,4
ch2-upper-edge-narrow-pluto-5d4d-20260811T155615Z,ch2-upper-edge-narrow-pluto-5d4d-20260811T155615Z.json,2026-08-11,pluto-5d4d,2,upper,manual,50.0,2500000.0,-25.97729170153214,-30.158404399009704,3,3,2
ch2-upper-edge-narrow-pluto-5d4d-20260811T160449Z,ch2-upper-edge-narrow-pluto-5d4d-20260811T160449Z.json,2026-08-11,pluto-5d4d,2,upper,slow_attack,,2500000.0,-12.333666634487878,-12.416194629938822,3,3,3
ch2-upper-edge-narrow-pluto-5d4d-20260811T161315Z,ch2-upper-edge-narrow-pluto-5d4d-20260811T161315Z.json,2026-08-11,pluto-5d4d,2,upper,manual,50.0,2500000.0,-26.12128185843654,-30.31610065796293,2,2,2
ch2-upper-edge-narrow-pluto-5d4d-20260811T164958Z,ch2-upper-edge-narrow-pluto-5d4d-20260811T164958Z.json,2026-08-11,pluto-5d4d,2,upper,slow_attack,,2500000.0,-12.733232443339183,-12.609521622226335,2,2,2
ch2-upper-edge-narrow-pluto-5d4d-20260811T165850Z,ch2-upper-edge-narrow-pluto-5d4d-20260811T165850Z.json,2026-08-11,pluto-5d4d,2,upper,manual,50.0,2500000.0,-26.568828415174323,-30.623423780274038,1,1,1
ch2-upper-edge-narrow-pluto-5d4d-20260811T181947Z,ch2-upper-edge-narrow-pluto-5d4d-20260811T181947Z.json,2026-08-11,pluto-5d4d,2,upper,manual,50.0,2500000.0,-26.117478130429017,-30.017701363254538,2,2,2
ch2-upper-edge-narrow-pluto-5d4d-20260811T182802Z,ch2-upper-edge-narrow-pluto-5d4d-20260811T182802Z.json,2026-08-11,pluto-5d4d,2,upper,slow_attack,,2500000.0,-12.614417795224586,-12.308673813305848,0,0,0
ch2-upper-edge-narrow-pluto-5d4d-20260811T190245Z,ch2-upper-edge-narrow-pluto-5d4d-20260811T190245Z.json,2026-08-11,pluto-5d4d,2,upper,manual,50.0,2500000.0,-26.454066875875867,-30.357094523988195,0,0,0
ch2-upper-edge-narrow-pluto-5d4d-20260811T190449Z,ch2-upper-edge-narrow-pluto-5d4d-20260811T190449Z.json,2026-08-11,pluto-5d4d,2,upper,manual,50.0,2500000.0,-26.181275015994533,-30.119277510773948,0,0,0
ch2-upper-edge-narrow-pluto-5d4d-20260811T200424Z,ch2-upper-edge-narrow-pluto-5d4d-20260811T200424Z.json,2026-08-11,pluto-5d4d,2,upper,manual,50.0,2500000.0,-25.897126175851074,-29.673216630242614,4,4,3
ch2-upper-edge-narrow-pluto-5d4d-20260811T201530Z,ch2-upper-edge-narrow-pluto-5d4d-20260811T201530Z.json,2026-08-11,pluto-5d4d,2,upper,slow_attack,,2500000.0,-12.474961688049211,-12.568907281209317,4,4,3
ch2-upper-edge-narrow-pluto-5d4d-20260811T202626Z,ch2-upper-edge-narrow-pluto-5d4d-20260811T202626Z.json,2026-08-11,pluto-5d4d,2,upper,manual,50.0,2500000.0,-26.324379391388412,-30.06652606377582,1,0,0
ch2-upper-edge-narrow-pluto-5d4d-20260811T202830Z,ch2-upper-edge-narrow-pluto-5d4d-20260811T202830Z.json,2026-08-11,pluto-5d4d,2,upper,slow_attack,,2500000.0,-12.401177812577693,-12.848235682956634,3,3,3
ch2-upper-edge-narrow-pluto-5d4d-20260811T204412Z,ch2-upper-edge-narrow-pluto-5d4d-20260811T204412Z.json,2026-08-11,pluto-5d4d,2,upper,slow_attack,,2500000.0,-12.398973639748847,-12.071682720515387,1,0,0
ch2-upper-edge-narrow-pluto-5d4d-20260811T210530Z,ch2-upper-edge-narrow-pluto-5d4d-20260811T210530Z.json,2026-08-11,pluto-5d4d,2,upper,slow_attack,,2500000.0,-12.237028840300521,-12.110400369242647,1,1,1
ch2-upper-edge-narrow-pluto-5d4d-20260811T211423Z,ch2-upper-edge-narrow-pluto-5d4d-20260811T211423Z.json,2026-08-11,pluto-5d4d,2,upper,slow_attack,,2500000.0,-12.304799470889954,-12.880595999135727,4,4,3
ch2-upper-edge-narrow-pluto-5d4d-20260811T214022Z,ch2-upper-edge-narrow-pluto-5d4d-20260811T214022Z.json,2026-08-11,pluto-5d4d,2,upper,manual,50.0,2500000.0,-25.94830952779224,-29.88503308412899,4,4,2
ch2-upper-edge-narrow-pluto-5d4d-20260811T214638Z,ch2-upper-edge-narrow-pluto-5d4d-20260811T214638Z.json,2026-08-11,pluto-5d4d,2,upper,manual,50.0,2500000.0,-25.85515966919347,-29.790160225012762,0,0,0
ch2-upper-edge-narrow-pluto-5d4d-20260811T215527Z,ch2-upper-edge-narrow-pluto-5d4d-20260811T215527Z.json,2026-08-11,pluto-5d4d,2,upper,slow_attack,,2500000.0,-12.599020596200871,-12.458970106499345,4,4,4
ch2-upper-edge-narrow-pluto-5d4d-20260811T215733Z,ch2-upper-edge-narrow-pluto-5d4d-20260811T215733Z.json,2026-08-11,pluto-5d4d,2,upper,manual,50.0,2500000.0,-25.756447313760805,-29.752312316679582,0,0,0
ch2-upper-edge-narrow-pluto-5d4d-20260811T223200Z,ch2-upper-edge-narrow-pluto-5d4d-20260811T223200Z.json,2026-08-11,pluto-5d4d,2,upper,manual,50.0,2500000.0,-25.205328807361916,-29.302876763844292,3,3,3
ch2-upper-edge-narrow-pluto-5d4d-20260811T224908Z,ch2-upper-edge-narrow-pluto-5d4d-20260811T224908Z.json,2026-08-11,pluto-5d4d,2,upper,slow_attack,,2500000.0,-12.823034264658945,-12.683713870626276,2,2,2
ch2-upper-edge-narrow-pluto-5d4d-20260811T233625Z,ch2-upper-edge-narrow-pluto-5d4d-20260811T233625Z.json,2026-08-11,pluto-5d4d,2,upper,manual,50.0,2500000.0,-25.456131983012114,-29.592274380776868,0,0,0
ch2-upper-edge-narrow-pluto-5d4d-20260811T235221Z,ch2-upper-edge-narrow-pluto-5d4d-20260811T235221Z.json,2026-08-11,pluto-5d4d,2,upper,manual,50.0,2500000.0,-25.34017128532055,-29.485886884338445,2,2,2
ch2-upper-edge-narrow-pluto-5d4d-20260812T000519Z,ch2-upper-edge-narrow-pluto-5d4d-20260812T000519Z.json,2026-08-12,pluto-5d4d,2,upper,slow_attack,,2500000.0,-12.834908540521663,-12.76534172666707,1,1,1
ch2-upper-edge-narrow-pluto-5d4d-20260812T003745Z,ch2-upper-edge-narrow-pluto-5d4d-20260812T003745Z.json,2026-08-12,pluto-5d4d,2,upper,slow_attack,,2500000.0,-12.570097554601777,-12.520187902682029,1,1,1
ch2-upper-edge-narrow-pluto-5d4d-20260812T004358Z,ch2-upper-edge-narrow-pluto-5d4d-20260812T004358Z.json,2026-08-12,pluto-5d4d,2,upper,slow_attack,,2500000.0,-12.392360224771888,-12.461429937004329,2,2,1
ch2-upper-edge-narrow-pluto-5d4d-20260812T005040Z,ch2-upper-edge-narrow-pluto-5d4d-20260812T005040Z.json,2026-08-12,pluto-5d4d,2,upper,slow_attack,,2500000.0,-12.53026877347255,-12.51193180666598,0,0,0
ch2-upper-edge-narrow-pluto-5d4d-20260812T011444Z,ch2-upper-edge-narrow-pluto-5d4d-20260812T011444Z.json,2026-08-12,pluto-5d4d,2,upper,manual,50.0,2500000.0,-25.289473971439158,-29.4932396426465,1,1,1
ch2-upper-edge-narrow-pluto-5d4d-20260812T012711Z,ch2-upper-edge-narrow-pluto-5d4d-20260812T012711Z.json,2026-08-12,pluto-5d4d,2,upper,slow_attack,,2500000.0,-12.369393828997113,-12.411116655213593,1,1,1
ch2-upper-edge-narrow-pluto-5d4d-20260812T014511Z,ch2-upper-edge-narrow-pluto-5d4d-20260812T014511Z.json,2026-08-12,pluto-5d4d,2,upper,manual,50.0,2500000.0,-25.02214256829099,-29.30698222909912,1,1,1
ch2-upper-edge-narrow-pluto-5d4d-20260812T015157Z,ch2-upper-edge-narrow-pluto-5d4d-20260812T015157Z.json,2026-08-12,pluto-5d4d,2,upper,slow_attack,,2500000.0,-12.574328026521682,-12.588659549709593,0,0,0
ch2-upper-edge-narrow-pluto-5d4d-20260812T020016Z,ch2-upper-edge-narrow-pluto-5d4d-20260812T020016Z.json,2026-08-12,pluto-5d4d,2,upper,manual,50.0,2500000.0,-25.179867024465956,-29.424976610246773,0,0,0
ch2-upper-edge-narrow-pluto-5d4d-20260812T020258Z,ch2-upper-edge-narrow-pluto-5d4d-20260812T020258Z.json,2026-08-12,pluto-5d4d,2,upper,slow_attack,,2500000.0,-12.518776033388338,-12.567665049458608,1,1,1
ch2-upper-edge-narrow-pluto-5d4d-20260812T020505Z,ch2-upper-edge-narrow-pluto-5d4d-20260812T020505Z.json,2026-08-12,pluto-5d4d,2,upper,slow_attack,,2500000.0,-12.326808283678854,-12.427499700363242,1,1,1
ch2-upper-edge-narrow-pluto-5d4d-20260812T021804Z,ch2-upper-edge-narrow-pluto-5d4d-20260812T021804Z.json,2026-08-12,pluto-5d4d,2,upper,slow_attack,,2500000.0,-12.428367152913943,-12.422803523937546,0,0,0
ch2-upper-edge-narrow-pluto-5d4d-20260812T022009Z,ch2-upper-edge-narrow-pluto-5d4d-20260812T022009Z.json,2026-08-12,pluto-5d4d,2,upper,manual,50.0,2500000.0,-25.04308933239364,-29.31734045469551,0,0,0
ch2-upper-edge-narrow-pluto-5d4d-20260812T023031Z,ch2-upper-edge-narrow-pluto-5d4d-20260812T023031Z.json,2026-08-12,pluto-5d4d,2,upper,manual,50.0,2500000.0,-24.644040429117297,-28.970199223384054,3,3,3
ch2-upper-edge-narrow-pluto-5d4d-20260812T023754Z,ch2-upper-edge-narrow-pluto-5d4d-20260812T023754Z.json,2026-08-12,pluto-5d4d,2,upper,slow_attack,,2500000.0,-12.347302124772302,-12.322621449005899,2,2,2
ch2-upper-edge-narrow-pluto-5d4d-20260812T031012Z,ch2-upper-edge-narrow-pluto-5d4d-20260812T031012Z.json,2026-08-12,pluto-5d4d,2,upper,manual,50.0,2500000.0,-24.826741584701804,-29.12132520332068,3,3,1
ch2-upper-edge-narrow-pluto-5d4d-20260812T032105Z,ch2-upper-edge-narrow-pluto-5d4d-20260812T032105Z.json,2026-08-12,pluto-5d4d,2,upper,slow_attack,,2500000.0,-12.365742352769383,-12.483926772467555,1,1,1
ch2-upper-edge-narrow-pluto-5d4d-20260812T034300Z,ch2-upper-edge-narrow-pluto-5d4d-20260812T034300Z.json,2026-08-12,pluto-5d4d,2,upper,manual,50.0,2500000.0,-24.781212059418788,-29.112281536743197,2,2,2
ch2-upper-edge-narrow-pluto-5d4d-20260812T041920Z,ch2-upper-edge-narrow-pluto-5d4d-20260812T041920Z.json,2026-08-12,pluto-5d4d,2,upper,slow_attack,,2500000.0,-12.413363413757112,-12.496354397664726,1,0,0
ch2-upper-edge-narrow-pluto-5d4d-20260812T062859Z,ch2-upper-edge-narrow-pluto-5d4d-20260812T062859Z.json,2026-08-12,pluto-5d4d,2,upper,manual,50.0,2500000.0,-25.39490729454284,-29.743791063577337,5,5,3
ch2-upper-edge-narrow-pluto-5d4d-20260812T064840Z,ch2-upper-edge-narrow-pluto-5d4d-20260812T064840Z.json,2026-08-12,pluto-5d4d,2,upper,manual,50.0,2500000.0,-25.64455223967238,-29.951238080908986,2,2,1
ch2-upper-edge-narrow-pluto-5d4d-20260812T070817Z,ch2-upper-edge-narrow-pluto-5d4d-20260812T070817Z.json,2026-08-12,pluto-5d4d,2,upper,slow_attack,,2500000.0,-12.274414381853049,-12.323752761574955,3,3,3
ch2-upper-edge-narrow-pluto-5d4d-20260812T071551Z,ch2-upper-edge-narrow-pluto-5d4d-20260812T071551Z.json,2026-08-12,pluto-5d4d,2,upper,manual,50.0,2500000.0,-25.580266053467756,-29.89930237592163,3,3,3
ch2-upper-edge-narrow-pluto-5d4d-20260812T080301Z,ch2-upper-edge-narrow-pluto-5d4d-20260812T080301Z.json,2026-08-12,pluto-5d4d,2,upper,slow_attack,,2500000.0,-12.287164904539836,-12.3820764618263,3,3,1
ch2-upper-edge-narrow-pluto-5d4d-20260812T084229Z,ch2-upper-edge-narrow-pluto-5d4d-20260812T084229Z.json,2026-08-12,pluto-5d4d,2,upper,manual,50.0,2500000.0,-25.893414444114736,-30.17478023101184,0,0,0
ch2-upper-edge-narrow-pluto-5d4d-20260812T084621Z,ch2-upper-edge-narrow-pluto-5d4d-20260812T084621Z.json,2026-08-12,pluto-5d4d,2,upper,slow_attack,,2500000.0,-12.545649503429333,-12.390090722035335,4,4,3
ch2-upper-edge-narrow-pluto-5d4d-20260812T092505Z,ch2-upper-edge-narrow-pluto-5d4d-20260812T092505Z.json,2026-08-12,pluto-5d4d,2,upper,slow_attack,,2500000.0,-12.108644636047043,-12.249900518210925,1,1,1
ch2-upper-edge-narrow-pluto-5d4d-20260812T101258Z,ch2-upper-edge-narrow-pluto-5d4d-20260812T101258Z.json,2026-08-12,pluto-5d4d,2,upper,slow_attack,,2500000.0,-12.145884744010637,-12.284831021546896,1,0,0
ch2-upper-edge-narrow-pluto-5d4d-20260812T104019Z,ch2-upper-edge-narrow-pluto-5d4d-20260812T104019Z.json,2026-08-12,pluto-5d4d,2,upper,manual,50.0,2500000.0,-25.696868969435233,-29.965443242800713,3,3,3
ch2-upper-edge-narrow-pluto-5d4d-20260812T105226Z,ch2-upper-edge-narrow-pluto-5d4d-20260812T105226Z.json,2026-08-12,pluto-5d4d,2,upper,manual,50.0,2500000.0,-25.596822678047644,-29.875279461401327,3,3,2
ch2-upper-edge-narrow-pluto-5d4d-20260812T114657Z,ch2-upper-edge-narrow-pluto-5d4d-20260812T114657Z.json,2026-08-12,pluto-5d4d,2,upper,manual,50.0,2500000.0,-25.959194871131853,-30.23085596308072,2,2,2
ch2-upper-edge-narrow-pluto-5d4d-20260812T115817Z,ch2-upper-edge-narrow-pluto-5d4d-20260812T115817Z.json,2026-08-12,pluto-5d4d,2,upper,slow_attack,,2500000.0,-12.356004179686593,-12.428508022481404,2,2,2
ch2-upper-edge-narrow-pluto-5d4d-20260812T125726Z,ch2-upper-edge-narrow-pluto-5d4d-20260812T125726Z.json,2026-08-12,pluto-5d4d,2,upper,slow_attack,,2500000.0,-12.187897546818881,-12.328305163095195,2,2,2
ch2-upper-edge-narrow-pluto-5d4d-20260812T132355Z,ch2-upper-edge-narrow-pluto-5d4d-20260812T132355Z.json,2026-08-12,pluto-5d4d,2,upper,slow_attack,,2500000.0,-12.208090147767807,-12.249187053888429,2,2,1
ch2-upper-edge-narrow-pluto-5d4d-20260812T134427Z,ch2-upper-edge-narrow-pluto-5d4d-20260812T134427Z.json,2026-08-12,pluto-5d4d,2,upper,slow_attack,,2500000.0,-12.343977100697765,-12.469147380116878,4,4,3
ch2-upper-edge-narrow-pluto-5d4d-20260812T135547Z,ch2-upper-edge-narrow-pluto-5d4d-20260812T135547Z.json,2026-08-12,pluto-5d4d,2,upper,manual,50.0,2500000.0,-25.947676656549437,-30.188646788421146,1,1,1
ch2-upper-edge-narrow-pluto-5d4d-20260812T143521Z,ch2-upper-edge-narrow-pluto-5d4d-20260812T143521Z.json,2026-08-12,pluto-5d4d,2,upper,manual,50.0,2500000.0,-25.963015197837194,-30.169782067274134,3,3,3
ch2-upper-edge-narrow-pluto-5d4d-20260812T145114Z,ch2-upper-edge-narrow-pluto-5d4d-20260812T145114Z.json,2026-08-12,pluto-5d4d,2,upper,manual,50.0,2500000.0,-26.18842083567143,-30.362786078730203,1,1,1
ch2-upper-edge-narrow-pluto-5d4d-20260812T172126Z,ch2-upper-edge-narrow-pluto-5d4d-20260812T172126Z.json,2026-08-12,pluto-5d4d,2,upper,manual,50.0,2500000.0,-27.570205765490854,-31.25334057047635,2,2,1
ch2-upper-edge-narrow-pluto-5d4d-20260812T180517Z,ch2-upper-edge-narrow-pluto-5d4d-20260812T180517Z.json,2026-08-12,pluto-5d4d,2,upper,manual,50.0,2500000.0,-26.748004871895418,-30.452562738063396,1,0,0
ch2-upper-edge-narrow-pluto-5d4d-20260812T184506Z,ch2-upper-edge-narrow-pluto-5d4d-20260812T184506Z.json,2026-08-12,pluto-5d4d,2,upper,manual,50.0,2500000.0,-26.20349872961265,-29.99240562729128,6,6,4
ch2-upper-edge-narrow-pluto-5d4d-20260812T212040Z,ch2-upper-edge-narrow-pluto-5d4d-20260812T212040Z.json,2026-08-12,pluto-5d4d,2,upper,manual,50.0,2500000.0,-26.169785692749052,-30.025262474281902,1,1,1
ch2-upper-edge-narrow-pluto-5d4d-20260813T003223Z,ch2-upper-edge-narrow-pluto-5d4d-20260813T003223Z.json,2026-08-13,pluto-5d4d,2,upper,slow_attack,,2500000.0,-12.881369689844382,-12.745068442060457,1,0,0
ch2-upper-edge-narrow-pluto-5d4d-20260813T010826Z,ch2-upper-edge-narrow-pluto-5d4d-20260813T010826Z.json,2026-08-13,pluto-5d4d,2,upper,manual,50.0,2500000.0,-25.34469456227651,-29.439047759595564,3,3,2
ch2-upper-edge-narrow-pluto-5d4d-20260813T021157Z,ch2-upper-edge-narrow-pluto-5d4d-20260813T021157Z.json,2026-08-13,pluto-5d4d,2,upper,slow_attack,,2500000.0,-12.484157269822774,-12.475936891641384,3,3,3
ch2-upper-edge-narrow-pluto-5d4d-20260813T022830Z,ch2-upper-edge-narrow-pluto-5d4d-20260813T022830Z.json,2026-08-13,pluto-5d4d,2,upper,manual,50.0,2500000.0,-25.09028237075288,-29.29590974137394,2,2,2
ch2-upper-edge-narrow-pluto-5d4d-20260813T032145Z,ch2-upper-edge-narrow-pluto-5d4d-20260813T032145Z.json,2026-08-13,pluto-5d4d,2,upper,manual,50.0,2500000.0,-25.05769054053119,-29.260665936280787,3,3,2
ch2-upper-edge-narrow-pluto-5d4d-20260813T034653Z,ch2-upper-edge-narrow-pluto-5d4d-20260813T034653Z.json,2026-08-13,pluto-5d4d,2,upper,manual,50.0,2500000.0,-25.258206883397115,-29.45843124631199,0,0,0
ch2-upper-edge-narrow-pluto-5d4d-20260813T044248Z,ch2-upper-edge-narrow-pluto-5d4d-20260813T044248Z.json,2026-08-13,pluto-5d4d,2,upper,manual,50.0,2500000.0,-25.092300815210287,-29.326576884198158,3,3,2
ch2-upper-edge-narrow-pluto-5d4d-20260813T051717Z,ch2-upper-edge-narrow-pluto-5d4d-20260813T051717Z.json,2026-08-13,pluto-5d4d,2,upper,manual,50.0,2500000.0,-52.42713840386006,-29.171449892441768,2,0,0
ch2-upper-edge-narrow-pluto-5d4d-20260813T054518Z,ch2-upper-edge-narrow-pluto-5d4d-20260813T054518Z.json,2026-08-13,pluto-5d4d,2,upper,slow_attack,,2500000.0,-31.92032029573175,-12.533083091868367,2,0,0
ch2-upper-edge-narrow-pluto-5d4d-20260813T061717Z,ch2-upper-edge-narrow-pluto-5d4d-20260813T061717Z.json,2026-08-13,pluto-5d4d,2,upper,slow_attack,,2500000.0,-31.96654108504972,-12.660146960411879,1,0,0
ch2-upper-edge-narrow-pluto-5d4d-20260813T064941Z,ch2-upper-edge-narrow-pluto-5d4d-20260813T064941Z.json,2026-08-13,pluto-5d4d,2,upper,slow_attack,,2500000.0,-31.943848742245407,-12.292189325415737,5,0,0
ch2-upper-edge-narrow-pluto-5d4d-20260813T075045Z,ch2-upper-edge-narrow-pluto-5d4d-20260813T075045Z.json,2026-08-13,pluto-5d4d,2,upper,slow_attack,,2500000.0,-32.04996232365322,-12.474235443952823,2,0,0
ch2-upper-edge-narrow-pluto-5d4d-20260813T081046Z,ch2-upper-edge-narrow-pluto-5d4d-20260813T081046Z.json,2026-08-13,pluto-5d4d,2,upper,slow_attack,,2500000.0,-32.032715536647004,-12.68244553112023,0,0,0
ch2-upper-edge-narrow-pluto-5d4d-20260813T082339Z,ch2-upper-edge-narrow-pluto-5d4d-20260813T082339Z.json,2026-08-13,pluto-5d4d,2,upper,slow_attack,,2500000.0,-31.955651948562632,-12.660137530101462,1,0,0
ch2-upper-edge-narrow-pluto-5d4d-20260813T085222Z,ch2-upper-edge-narrow-pluto-5d4d-20260813T085222Z.json,2026-08-13,pluto-5d4d,2,upper,manual,50.0,2500000.0,-52.51277062940873,-29.433747747705134,1,0,0
ch2-upper-edge-narrow-pluto-5d4d-20260813T085615Z,ch2-upper-edge-narrow-pluto-5d4d-20260813T085615Z.json,2026-08-13,pluto-5d4d,2,upper,manual,50.0,2500000.0,-52.50712894511638,-29.166361171198297,3,0,0
ch2-upper-edge-narrow-pluto-5d4d-20260813T093207Z,ch2-upper-edge-narrow-pluto-5d4d-20260813T093207Z.json,2026-08-13,pluto-5d4d,2,upper,slow_attack,,2500000.0,-31.956877725953476,-12.371472518679866,3,0,0
ch2-upper-edge-narrow-pluto-5d4d-20260813T095322Z,ch2-upper-edge-narrow-pluto-5d4d-20260813T095322Z.json,2026-08-13,pluto-5d4d,2,upper,manual,50.0,2500000.0,-52.219502410854666,-29.499014221841087,2,0,0
ch2-upper-edge-narrow-pluto-5d4d-20260813T100112Z,ch2-upper-edge-narrow-pluto-5d4d-20260813T100112Z.json,2026-08-13,pluto-5d4d,2,upper,manual,50.0,2500000.0,-52.18807114707383,-29.695970248927004,1,0,0
ch2-upper-edge-narrow-pluto-5d4d-20260813T100504Z,ch2-upper-edge-narrow-pluto-5d4d-20260813T100504Z.json,2026-08-13,pluto-5d4d,2,upper,manual,50.0,2500000.0,-52.07275078543987,-29.5235363508139,2,0,0
ch2-upper-edge-narrow-pluto-5d4d-20260813T110705Z,ch2-upper-edge-narrow-pluto-5d4d-20260813T110705Z.json,2026-08-13,pluto-5d4d,2,upper,slow_attack,,2500000.0,-31.695744971747956,-12.38324729410852,5,0,0
ch2-upper-edge-narrow-pluto-5d4d-20260813T113033Z,ch2-upper-edge-narrow-pluto-5d4d-20260813T113033Z.json,2026-08-13,pluto-5d4d,2,upper,manual,50.0,2500000.0,-52.41152896143934,-29.671131886642637,0,0,0
ch2-upper-edge-narrow-pluto-5d4d-20260813T115930Z,ch2-upper-edge-narrow-pluto-5d4d-20260813T115930Z.json,2026-08-13,pluto-5d4d,2,upper,slow_attack,,2500000.0,-31.96197546427697,-12.611347250388668,1,0,0
ch2-upper-edge-narrow-pluto-5d4d-20260813T125010Z,ch2-upper-edge-narrow-pluto-5d4d-20260813T125010Z.json,2026-08-13,pluto-5d4d,2,upper,manual,50.0,2500000.0,-52.553237980514034,-28.969797890987763,2,0,0
ch2-upper-edge-narrow-pluto-5d4d-20260813T125406Z,ch2-upper-edge-narrow-pluto-5d4d-20260813T125406Z.json,2026-08-13,pluto-5d4d,2,upper,manual,50.0,2500000.0,-52.61671952093941,-29.142472019010775,5,0,0
ch2-upper-edge-narrow-pluto-5d4d-20260813T141758Z,ch2-upper-edge-narrow-pluto-5d4d-20260813T141758Z.json,2026-08-13,pluto-5d4d,2,upper,manual,50.0,2500000.0,-52.61055948364282,-29.32969777967895,2,0,0
ch2-upper-edge-narrow-pluto-5d4d-20260813T142634Z,ch2-upper-edge-narrow-pluto-5d4d-20260813T142634Z.json,2026-08-13,pluto-5d4d,2,upper,slow_attack,,2500000.0,-31.952064534796992,-12.592965370163942,0,0,0
ch2-upper-edge-narrow-pluto-5d4d-20260813T143029Z,ch2-upper-edge-narrow-pluto-5d4d-20260813T143029Z.json,2026-08-13,pluto-5d4d,2,upper,slow_attack,,2500000.0,-31.98991068990725,-12.417078817794094,3,0,0
ch2-upper-edge-narrow-pluto-5d4d-20260813T144216Z,ch2-upper-edge-narrow-pluto-5d4d-20260813T144216Z.json,2026-08-13,pluto-5d4d,2,upper,slow_attack,,2500000.0,-32.07107058630687,-12.420895156702086,4,0,0
ch2-upper-edge-narrow-pluto-5d4d-20260813T150243Z,ch2-upper-edge-narrow-pluto-5d4d-20260813T150243Z.json,2026-08-13,pluto-5d4d,2,upper,manual,50.0,2500000.0,-52.56283211890201,-29.312952296684294,2,0,0
ch2-upper-edge-narrow-pluto-5d4d-20260813T151519Z,ch2-upper-edge-narrow-pluto-5d4d-20260813T151519Z.json,2026-08-13,pluto-5d4d,2,upper,manual,50.0,2500000.0,-52.50281236331929,-29.03096307875343,4,0,0
ch2-upper-edge-narrow-pluto-5d4d-20260813T152713Z,ch2-upper-edge-narrow-pluto-5d4d-20260813T152713Z.json,2026-08-13,pluto-5d4d,2,upper,slow_attack,,2500000.0,-32.024269361772745,-12.327201492378098,2,0,0
ch2-upper-edge-narrow-pluto-5d4d-20260813T154254Z,ch2-upper-edge-narrow-pluto-5d4d-20260813T154254Z.json,2026-08-13,pluto-5d4d,2,upper,slow_attack,,2500000.0,-31.922307399026217,-12.468709499218264,2,0,0
ch2-upper-edge-narrow-pluto-5d4d-20260813T155219Z,ch2-upper-edge-narrow-pluto-5d4d-20260813T155219Z.json,2026-08-13,pluto-5d4d,2,upper,slow_attack,,2500000.0,-31.936838808340283,-12.61565132483663,1,0,0
ch2-upper-edge-narrow-pluto-5d4d-20260813T155621Z,ch2-upper-edge-narrow-pluto-5d4d-20260813T155621Z.json,2026-08-13,pluto-5d4d,2,upper,slow_attack,,2500000.0,-31.96187647040794,-12.643062267211274,2,0,0
ch2-upper-edge-narrow-pluto-5d4d-20260813T163649Z,ch2-upper-edge-narrow-pluto-5d4d-20260813T163649Z.json,2026-08-13,pluto-5d4d,2,upper,slow_attack,,2500000.0,-31.704924879866216,-12.619088985671915,3,0,0
ch2-upper-edge-narrow-pluto-5d4d-20260813T185426Z,ch2-upper-edge-narrow-pluto-5d4d-20260813T185426Z.json,2026-08-13,pluto-5d4d,2,upper,slow_attack,,2500000.0,-12.680687847871525,-12.403392379825842,2,0,0
ch2-upper-edge-narrow-pluto-5d4d-20260813T192244Z,ch2-upper-edge-narrow-pluto-5d4d-20260813T192244Z.json,2026-08-13,pluto-5d4d,2,upper,manual,50.0,2500000.0,-27.704804737921478,-30.102546968842525,3,0,0
ch2-upper-edge-narrow-pluto-5d4d-20260813T194050Z,ch2-upper-edge-narrow-pluto-5d4d-20260813T194050Z.json,2026-08-13,pluto-5d4d,2,upper,slow_attack,,2500000.0,-12.526676104940863,-12.43853316145504,4,0,0
ch2-upper-edge-narrow-pluto-5d4d-20260813T201800Z,ch2-upper-edge-narrow-pluto-5d4d-20260813T201800Z.json,2026-08-13,pluto-5d4d,2,upper,slow_attack,,2500000.0,-12.298360478441184,-12.35514586312673,4,0,0
ch2-upper-edge-narrow-pluto-5d4d-20260813T213803Z,ch2-upper-edge-narrow-pluto-5d4d-20260813T213803Z.json,2026-08-13,pluto-5d4d,2,upper,manual,50.0,2500000.0,-27.439377043354707,-29.83372554798872,6,0,0
ch2-upper-edge-narrow-pluto-5d4d-20260813T214156Z,ch2-upper-edge-narrow-pluto-5d4d-20260813T214156Z.json,2026-08-13,pluto-5d4d,2,upper,slow_attack,,2500000.0,-12.656904666688227,-12.430228822056817,2,0,0
ch2-upper-edge-narrow-pluto-5d4d-20260813T214946Z,ch2-upper-edge-narrow-pluto-5d4d-20260813T214946Z.json,2026-08-13,pluto-5d4d,2,upper,slow_attack,,2500000.0,-12.477506973248019,-12.454471858748528,1,0,0
ch2-upper-edge-narrow-pluto-5d4d-20260813T215823Z,ch2-upper-edge-narrow-pluto-5d4d-20260813T215823Z.json,2026-08-13,pluto-5d4d,2,upper,slow_attack,,2500000.0,-12.307985891502156,-12.430543640014875,1,0,0
ch2-upper-edge-narrow-pluto-5d4d-20260813T223032Z,ch2-upper-edge-narrow-pluto-5d4d-20260813T223032Z.json,2026-08-13,pluto-5d4d,2,upper,slow_attack,,2500000.0,-12.615238585630163,-12.128231256357294,0,0,0
ch3-lower-edge-narrow-20260805T155727Z,ch3-lower-edge-narrow-20260805T155727Z.json,2026-08-08,pluto://ip:192.168.2.1,3,lower,manual,50.0,2500000.0,,,1,1,1
ch3-lower-edge-narrow-pluto-19f2-20260811T045456Z,ch3-lower-edge-narrow-pluto-19f2-20260811T045456Z.json,2026-08-11,pluto-19f2,3,lower,manual,50.0,2500000.0,-7.7147626436952255,-8.740119112625955,3,0,0
ch3-lower-edge-narrow-pluto-19f2-20260811T050010Z,ch3-lower-edge-narrow-pluto-19f2-20260811T050010Z.json,2026-08-11,pluto-19f2,3,lower,slow_attack,,2500000.0,-12.632119031824878,-12.869793545778696,2,1,1
ch3-lower-edge-narrow-pluto-19f2-20260811T050559Z,ch3-lower-edge-narrow-pluto-19f2-20260811T050559Z.json,2026-08-11,pluto-19f2,3,lower,slow_attack,,2500000.0,-12.608881769650676,-12.877785505987827,1,1,1
ch3-lower-edge-narrow-pluto-19f2-20260811T051721Z,ch3-lower-edge-narrow-pluto-19f2-20260811T051721Z.json,2026-08-11,pluto-19f2,3,lower,manual,50.0,2500000.0,-7.703236338978153,-8.768715151503056,6,0,0
ch3-lower-edge-narrow-pluto-19f2-20260811T052657Z,ch3-lower-edge-narrow-pluto-19f2-20260811T052657Z.json,2026-08-11,pluto-19f2,3,lower,manual,50.0,2500000.0,-7.72616439760967,-8.808877503911008,1,1,0
ch3-lower-edge-narrow-pluto-19f2-20260811T053343Z,ch3-lower-edge-narrow-pluto-19f2-20260811T053343Z.json,2026-08-11,pluto-19f2,3,lower,manual,50.0,2500000.0,-8.009788149300359,-9.09765232699753,0,0,0
ch3-lower-edge-narrow-pluto-19f2-20260811T063022Z,ch3-lower-edge-narrow-pluto-19f2-20260811T063022Z.json,2026-08-11,pluto-19f2,3,lower,slow_attack,,2500000.0,-12.320490995340357,-12.351414363724293,1,1,1
ch3-lower-edge-narrow-pluto-19f2-20260811T064050Z,ch3-lower-edge-narrow-pluto-19f2-20260811T064050Z.json,2026-08-11,pluto-19f2,3,lower,manual,50.0,2500000.0,-8.18732217395792,-9.286684002046107,1,0,0
ch3-lower-edge-narrow-pluto-19f2-20260811T064705Z,ch3-lower-edge-narrow-pluto-19f2-20260811T064705Z.json,2026-08-11,pluto-19f2,3,lower,slow_attack,,2500000.0,-12.44202838158323,-12.607975453221389,3,0,0
ch3-lower-edge-narrow-pluto-19f2-20260811T071420Z,ch3-lower-edge-narrow-pluto-19f2-20260811T071420Z.json,2026-08-11,pluto-19f2,3,lower,slow_attack,,2500000.0,-12.915622914014282,-12.467373058294006,1,0,0
ch3-lower-edge-narrow-pluto-19f2-20260811T074541Z,ch3-lower-edge-narrow-pluto-19f2-20260811T074541Z.json,2026-08-11,pluto-19f2,3,lower,manual,50.0,2500000.0,-8.152001594379271,-9.267096189049465,0,0,0
ch3-lower-edge-narrow-pluto-19f2-20260811T075814Z,ch3-lower-edge-narrow-pluto-19f2-20260811T075814Z.json,2026-08-11,pluto-19f2,3,lower,manual,50.0,2500000.0,-8.235761349385017,-9.27780481521473,1,0,0
ch3-lower-edge-narrow-pluto-19f2-20260811T081256Z,ch3-lower-edge-narrow-pluto-19f2-20260811T081256Z.json,2026-08-11,pluto-19f2,3,lower,manual,50.0,2500000.0,-8.180836646117179,-9.28626324954726,1,1,1
ch3-lower-edge-narrow-pluto-19f2-20260811T081501Z,ch3-lower-edge-narrow-pluto-19f2-20260811T081501Z.json,2026-08-11,pluto-19f2,3,lower,slow_attack,,2500000.0,-12.38039003647997,-12.375473509158322,0,0,0
ch3-lower-edge-narrow-pluto-19f2-20260811T082531Z,ch3-lower-edge-narrow-pluto-19f2-20260811T082531Z.json,2026-08-11,pluto-19f2,3,lower,slow_attack,,2500000.0,-12.640455108108808,-12.359929257027577,2,2,0
ch3-lower-edge-narrow-pluto-19f2-20260811T083351Z,ch3-lower-edge-narrow-pluto-19f2-20260811T083351Z.json,2026-08-11,pluto-19f2,3,lower,slow_attack,,2500000.0,-12.396809936510351,-12.51404239288173,5,0,0
ch3-lower-edge-narrow-pluto-19f2-20260811T083805Z,ch3-lower-edge-narrow-pluto-19f2-20260811T083805Z.json,2026-08-11,pluto-19f2,3,lower,slow_attack,,2500000.0,-12.955066080602712,-12.509140799973547,0,0,0
ch3-lower-edge-narrow-pluto-19f2-20260811T084426Z,ch3-lower-edge-narrow-pluto-19f2-20260811T084426Z.json,2026-08-11,pluto-19f2,3,lower,manual,50.0,2500000.0,-8.296273475900312,-9.41756281370101,0,0,0
ch3-lower-edge-narrow-pluto-19f2-20260811T090107Z,ch3-lower-edge-narrow-pluto-19f2-20260811T090107Z.json,2026-08-11,pluto-19f2,3,lower,slow_attack,,2500000.0,-12.374795175445914,-12.327084449841873,3,3,2
ch3-lower-edge-narrow-pluto-19f2-20260811T090314Z,ch3-lower-edge-narrow-pluto-19f2-20260811T090314Z.json,2026-08-11,pluto-19f2,3,lower,slow_attack,,2500000.0,-12.624165063091581,-12.548569229138426,0,0,0
ch3-lower-edge-narrow-pluto-19f2-20260811T095333Z,ch3-lower-edge-narrow-pluto-19f2-20260811T095333Z.json,2026-08-11,pluto-19f2,3,lower,manual,50.0,2500000.0,-8.06730620317673,-9.092810871578457,2,0,0
ch3-lower-edge-narrow-pluto-19f2-20260811T102248Z,ch3-lower-edge-narrow-pluto-19f2-20260811T102248Z.json,2026-08-11,pluto-19f2,3,lower,slow_attack,,2500000.0,-12.350161075228517,-12.365962186532665,0,0,0
ch3-lower-edge-narrow-pluto-19f2-20260811T103520Z,ch3-lower-edge-narrow-pluto-19f2-20260811T103520Z.json,2026-08-11,pluto-19f2,3,lower,slow_attack,,2500000.0,-12.48897404696561,-12.307271695324346,4,0,0
ch3-lower-edge-narrow-pluto-19f2-20260811T110842Z,ch3-lower-edge-narrow-pluto-19f2-20260811T110842Z.json,2026-08-11,pluto-19f2,3,lower,slow_attack,,2500000.0,-12.134149116633864,-12.162728910126813,1,1,0
ch3-lower-edge-narrow-pluto-19f2-20260811T113146Z,ch3-lower-edge-narrow-pluto-19f2-20260811T113146Z.json,2026-08-11,pluto-19f2,3,lower,manual,50.0,2500000.0,-8.336758585244212,-9.444295806968842,0,0,0
ch3-lower-edge-narrow-pluto-19f2-20260811T113350Z,ch3-lower-edge-narrow-pluto-19f2-20260811T113350Z.json,2026-08-11,pluto-19f2,3,lower,slow_attack,,2500000.0,-12.29230277474964,-12.291984354625797,0,0,0
ch3-lower-edge-narrow-pluto-19f2-20260811T115036Z,ch3-lower-edge-narrow-pluto-19f2-20260811T115036Z.json,2026-08-11,pluto-19f2,3,lower,slow_attack,,2500000.0,-12.134562509698805,-12.126176318508557,2,1,0
ch3-lower-edge-narrow-pluto-19f2-20260811T125940Z,ch3-lower-edge-narrow-pluto-19f2-20260811T125940Z.json,2026-08-11,pluto-19f2,3,lower,slow_attack,,2500000.0,-12.552735733104658,-12.556113324081231,2,2,1
ch3-lower-edge-narrow-pluto-19f2-20260811T132037Z,ch3-lower-edge-narrow-pluto-19f2-20260811T132037Z.json,2026-08-11,pluto-19f2,3,lower,slow_attack,,2500000.0,-12.156758162452192,-12.14338456445553,1,0,0
ch3-lower-edge-narrow-pluto-19f2-20260811T133605Z,ch3-lower-edge-narrow-pluto-19f2-20260811T133605Z.json,2026-08-11,pluto-19f2,3,lower,slow_attack,,2500000.0,-12.20027162390071,-12.197389184720803,0,0,0
ch3-lower-edge-narrow-pluto-19f2-20260811T134015Z,ch3-lower-edge-narrow-pluto-19f2-20260811T134015Z.json,2026-08-11,pluto-19f2,3,lower,slow_attack,,2500000.0,-12.067997178101022,-12.418604175812648,3,0,0
ch3-lower-edge-narrow-pluto-19f2-20260811T142200Z,ch3-lower-edge-narrow-pluto-19f2-20260811T142200Z.json,2026-08-11,pluto-19f2,3,lower,manual,50.0,2500000.0,-7.927932152374471,-8.970814482391297,3,0,0
ch3-lower-edge-narrow-pluto-19f2-20260811T143432Z,ch3-lower-edge-narrow-pluto-19f2-20260811T143432Z.json,2026-08-11,pluto-19f2,3,lower,slow_attack,,2500000.0,-12.37374127363503,-12.519093596327107,0,0,0
ch3-lower-edge-narrow-pluto-19f2-20260811T151456Z,ch3-lower-edge-narrow-pluto-19f2-20260811T151456Z.json,2026-08-11,pluto-19f2,3,lower,manual,50.0,2500000.0,-7.68134373226883,-8.649296203246267,0,0,0
ch3-lower-edge-narrow-pluto-19f2-20260811T154218Z,ch3-lower-edge-narrow-pluto-19f2-20260811T154218Z.json,2026-08-11,pluto-19f2,3,lower,manual,50.0,2500000.0,-6.999275321777256,-7.7172305643918735,1,1,1
ch3-lower-edge-narrow-pluto-19f2-20260811T155255Z,ch3-lower-edge-narrow-pluto-19f2-20260811T155255Z.json,2026-08-11,pluto-19f2,3,lower,slow_attack,,2500000.0,-12.471187188894998,-12.355609471884367,1,1,1
ch3-lower-edge-narrow-pluto-19f2-20260811T170723Z,ch3-lower-edge-narrow-pluto-19f2-20260811T170723Z.json,2026-08-11,pluto-19f2,3,lower,manual,50.0,2500000.0,-7.942011072311964,-9.171596481464617,1,1,1
ch3-lower-edge-narrow-pluto-19f2-20260811T173733Z,ch3-lower-edge-narrow-pluto-19f2-20260811T173733Z.json,2026-08-11,pluto-19f2,3,lower,manual,50.0,2500000.0,-7.623383143776641,-8.815693130703968,1,1,1
ch3-lower-edge-narrow-pluto-19f2-20260811T174612Z,ch3-lower-edge-narrow-pluto-19f2-20260811T174612Z.json,2026-08-11,pluto-19f2,3,lower,manual,50.0,2500000.0,-7.693919867997958,-8.931074320357444,3,0,0
ch3-lower-edge-narrow-pluto-19f2-20260811T180059Z,ch3-lower-edge-narrow-pluto-19f2-20260811T180059Z.json,2026-08-11,pluto-19f2,3,lower,manual,50.0,2500000.0,-7.746314418879857,-9.083692397469767,0,0,0
ch3-lower-edge-narrow-pluto-19f2-20260811T190211Z,ch3-lower-edge-narrow-pluto-19f2-20260811T190211Z.json,2026-08-11,pluto-19f2,3,lower,slow_attack,,2500000.0,-12.315317115379028,-12.574971737327175,1,1,0
ch3-lower-edge-narrow-pluto-19f2-20260811T192101Z,ch3-lower-edge-narrow-pluto-19f2-20260811T192101Z.json,2026-08-11,pluto-19f2,3,lower,slow_attack,,2500000.0,-12.239130216770324,-12.472968617869656,1,0,0
ch3-lower-edge-narrow-pluto-19f2-20260811T193625Z,ch3-lower-edge-narrow-pluto-19f2-20260811T193625Z.json,2026-08-11,pluto-19f2,3,lower,manual,50.0,2500000.0,-8.04283570511726,-9.259147785826883,2,0,0
ch3-lower-edge-narrow-pluto-19f2-20260811T194239Z,ch3-lower-edge-narrow-pluto-19f2-20260811T194239Z.json,2026-08-11,pluto-19f2,3,lower,manual,50.0,2500000.0,-8.031813795873834,-9.22822433820026,1,0,0
ch3-lower-edge-narrow-pluto-19f2-20260811T194443Z,ch3-lower-edge-narrow-pluto-19f2-20260811T194443Z.json,2026-08-11,pluto-19f2,3,lower,manual,50.0,2500000.0,-7.8719338306696764,-9.0388560820732,1,1,1
ch3-lower-edge-narrow-pluto-19f2-20260811T201852Z,ch3-lower-edge-narrow-pluto-19f2-20260811T201852Z.json,2026-08-11,pluto-19f2,3,lower,manual,50.0,2500000.0,-8.040668095458008,-9.303421801373716,0,0,0
ch3-lower-edge-narrow-pluto-19f2-20260811T205417Z,ch3-lower-edge-narrow-pluto-19f2-20260811T205417Z.json,2026-08-11,pluto-19f2,3,lower,manual,50.0,2500000.0,-7.85912123817887,-9.043569254603126,3,0,0
ch3-lower-edge-narrow-pluto-19f2-20260811T205801Z,ch3-lower-edge-narrow-pluto-19f2-20260811T205801Z.json,2026-08-11,pluto-19f2,3,lower,slow_attack,,2500000.0,-12.221735623892584,-12.455156774329392,0,0,0
ch3-lower-edge-narrow-pluto-19f2-20260811T215737Z,ch3-lower-edge-narrow-pluto-19f2-20260811T215737Z.json,2026-08-11,pluto-19f2,3,lower,manual,50.0,2500000.0,-7.720657179916691,-8.891078312931763,1,0,0
ch3-lower-edge-narrow-pluto-19f2-20260811T220507Z,ch3-lower-edge-narrow-pluto-19f2-20260811T220507Z.json,2026-08-11,pluto-19f2,3,lower,slow_attack,,2500000.0,-12.264653262591953,-12.433682535191151,1,1,1
ch3-lower-edge-narrow-pluto-19f2-20260811T233517Z,ch3-lower-edge-narrow-pluto-19f2-20260811T233517Z.json,2026-08-11,pluto-19f2,3,lower,manual,50.0,2500000.0,-7.449290713090029,-8.575548334874163,1,1,1
ch3-lower-edge-narrow-pluto-19f2-20260811T233913Z,ch3-lower-edge-narrow-pluto-19f2-20260811T233913Z.json,2026-08-11,pluto-19f2,3,lower,manual,50.0,2500000.0,-7.71440230529691,-8.91175254563237,0,0,0
ch3-lower-edge-narrow-pluto-19f2-20260812T004700Z,ch3-lower-edge-narrow-pluto-19f2-20260812T004700Z.json,2026-08-12,pluto-19f2,3,lower,slow_attack,,2500000.0,-12.349871916067949,-12.694618201874919,1,0,0
ch3-lower-edge-narrow-pluto-19f2-20260812T012819Z,ch3-lower-edge-narrow-pluto-19f2-20260812T012819Z.json,2026-08-12,pluto-19f2,3,lower,slow_attack,,2500000.0,-12.157392799989665,-12.45375041669178,4,0,0
ch3-lower-edge-narrow-pluto-19f2-20260812T015458Z,ch3-lower-edge-narrow-pluto-19f2-20260812T015458Z.json,2026-08-12,pluto-19f2,3,lower,slow_attack,,2500000.0,-12.420215813494666,-12.558731934732531,0,0,0
ch3-lower-edge-narrow-pluto-19f2-20260812T022117Z,ch3-lower-edge-narrow-pluto-19f2-20260812T022117Z.json,2026-08-12,pluto-19f2,3,lower,manual,50.0,2500000.0,-7.128611402497923,-8.267400976651043,2,2,1
ch3-lower-edge-narrow-pluto-19f2-20260812T034737Z,ch3-lower-edge-narrow-pluto-19f2-20260812T034737Z.json,2026-08-12,pluto-19f2,3,lower,manual,50.0,2500000.0,-7.185123795711865,-8.360686524282944,5,0,0
ch3-lower-edge-narrow-pluto-19f2-20260812T043625Z,ch3-lower-edge-narrow-pluto-19f2-20260812T043625Z.json,2026-08-12,pluto-19f2,3,lower,slow_attack,,2500000.0,-12.305713093227308,-12.665584610432244,1,1,1
ch3-lower-edge-narrow-pluto-19f2-20260812T050641Z,ch3-lower-edge-narrow-pluto-19f2-20260812T050641Z.json,2026-08-12,pluto-19f2,3,lower,slow_attack,,2500000.0,-12.378384422972706,-12.440339261411758,1,1,1
ch3-lower-edge-narrow-pluto-19f2-20260812T054045Z,ch3-lower-edge-narrow-pluto-19f2-20260812T054045Z.json,2026-08-12,pluto-19f2,3,lower,slow_attack,,2500000.0,-12.351079616842608,-12.564369124928092,4,0,0
ch3-lower-edge-narrow-pluto-19f2-20260812T061104Z,ch3-lower-edge-narrow-pluto-19f2-20260812T061104Z.json,2026-08-12,pluto-19f2,3,lower,manual,50.0,2500000.0,-7.588546264651409,-8.714317851574503,1,1,1
ch3-lower-edge-narrow-pluto-19f2-20260812T061838Z,ch3-lower-edge-narrow-pluto-19f2-20260812T061838Z.json,2026-08-12,pluto-19f2,3,lower,slow_attack,,2500000.0,-12.28645526776832,-12.558430438926989,1,0,0
ch3-lower-edge-narrow-pluto-19f2-20260812T063352Z,ch3-lower-edge-narrow-pluto-19f2-20260812T063352Z.json,2026-08-12,pluto-19f2,3,lower,manual,50.0,2500000.0,-7.833316529101225,-8.98037119800103,4,0,0
ch3-lower-edge-narrow-pluto-19f2-20260812T064855Z,ch3-lower-edge-narrow-pluto-19f2-20260812T064855Z.json,2026-08-12,pluto-19f2,3,lower,manual,50.0,2500000.0,-7.682154084976931,-8.854688975305722,7,0,0
ch3-lower-edge-narrow-pluto-19f2-20260812T065241Z,ch3-lower-edge-narrow-pluto-19f2-20260812T065241Z.json,2026-08-12,pluto-19f2,3,lower,slow_attack,,2500000.0,-12.508550672616899,-12.854348036477,2,1,1
ch3-lower-edge-narrow-pluto-19f2-20260812T070015Z,ch3-lower-edge-narrow-pluto-19f2-20260812T070015Z.json,2026-08-12,pluto-19f2,3,lower,manual,50.0,2500000.0,-7.88665721415928,-9.047625867788687,2,2,0
ch3-lower-edge-narrow-pluto-19f2-20260812T071133Z,ch3-lower-edge-narrow-pluto-19f2-20260812T071133Z.json,2026-08-12,pluto-19f2,3,lower,manual,50.0,2500000.0,-7.537380195921893,-8.567755086428747,0,0,0
ch3-lower-edge-narrow-pluto-19f2-20260812T081212Z,ch3-lower-edge-narrow-pluto-19f2-20260812T081212Z.json,2026-08-12,pluto-19f2,3,lower,slow_attack,,2500000.0,-12.473761915509552,-12.67881801609656,2,2,2
ch3-lower-edge-narrow-pluto-19f2-20260812T083456Z,ch3-lower-edge-narrow-pluto-19f2-20260812T083456Z.json,2026-08-12,pluto-19f2,3,lower,manual,50.0,2500000.0,-7.943478619082485,-9.145627854350112,0,0,0
ch3-lower-edge-narrow-pluto-19f2-20260812T084230Z,ch3-lower-edge-narrow-pluto-19f2-20260812T084230Z.json,2026-08-12,pluto-19f2,3,lower,slow_attack,,2500000.0,-12.514487979957543,-12.877978411151554,6,0,0
ch3-lower-edge-narrow-pluto-19f2-20260812T092414Z,ch3-lower-edge-narrow-pluto-19f2-20260812T092414Z.json,2026-08-12,pluto-19f2,3,lower,manual,50.0,2500000.0,-7.746012449619686,-8.833911109338207,0,0,0
ch3-lower-edge-narrow-pluto-19f2-20260812T101718Z,ch3-lower-edge-narrow-pluto-19f2-20260812T101718Z.json,2026-08-12,pluto-19f2,3,lower,slow_attack,,2500000.0,-11.949405534548855,-12.147589624255321,1,0,0
ch3-lower-edge-narrow-pluto-19f2-20260812T102841Z,ch3-lower-edge-narrow-pluto-19f2-20260812T102841Z.json,2026-08-12,pluto-19f2,3,lower,slow_attack,,2500000.0,-12.448527580330202,-12.787880943681744,2,2,1
ch3-lower-edge-narrow-pluto-19f2-20260812T105124Z,ch3-lower-edge-narrow-pluto-19f2-20260812T105124Z.json,2026-08-12,pluto-19f2,3,lower,manual,50.0,2500000.0,-7.870541870921547,-8.981772448832814,4,0,0
ch3-lower-edge-narrow-pluto-19f2-20260812T121049Z,ch3-lower-edge-narrow-pluto-19f2-20260812T121049Z.json,2026-08-12,pluto-19f2,3,lower,manual,50.0,2500000.0,-7.928068812368144,-9.061582480918538,1,1,1
ch3-lower-edge-narrow-pluto-19f2-20260812T133805Z,ch3-lower-edge-narrow-pluto-19f2-20260812T133805Z.json,2026-08-12,pluto-19f2,3,lower,slow_attack,,2500000.0,-12.618501947997572,-12.34112395297081,1,1,1
ch3-lower-edge-narrow-pluto-19f2-20260812T145352Z,ch3-lower-edge-narrow-pluto-19f2-20260812T145352Z.json,2026-08-12,pluto-19f2,3,lower,slow_attack,,2500000.0,-12.545404210953459,-12.28995286829835,1,1,1
ch3-lower-edge-narrow-pluto-19f2-20260812T154657Z,ch3-lower-edge-narrow-pluto-19f2-20260812T154657Z.json,2026-08-12,pluto-19f2,3,lower,slow_attack,,2500000.0,-12.263616437159186,-12.332089328436185,1,0,0
ch3-lower-edge-narrow-pluto-19f2-20260812T155822Z,ch3-lower-edge-narrow-pluto-19f2-20260812T155822Z.json,2026-08-12,pluto-19f2,3,lower,slow_attack,,2500000.0,-12.417941595353563,-12.260567298948484,4,0,0
ch3-lower-edge-narrow-pluto-19f2-20260812T161338Z,ch3-lower-edge-narrow-pluto-19f2-20260812T161338Z.json,2026-08-12,pluto-19f2,3,lower,manual,50.0,2500000.0,-8.319050394021144,-9.506793822937835,1,1,1
ch3-lower-edge-narrow-pluto-19f2-20260812T170335Z,ch3-lower-edge-narrow-pluto-19f2-20260812T170335Z.json,2026-08-12,pluto-19f2,3,lower,manual,50.0,2500000.0,-8.56923866903814,-9.704262538272463,2,0,0
ch3-lower-edge-narrow-pluto-19f2-20260812T174609Z,ch3-lower-edge-narrow-pluto-19f2-20260812T174609Z.json,2026-08-12,pluto-19f2,3,lower,slow_attack,,2500000.0,-12.450910677645762,-12.479835313022177,2,0,0
ch3-lower-edge-narrow-pluto-19f2-20260812T183630Z,ch3-lower-edge-narrow-pluto-19f2-20260812T183630Z.json,2026-08-12,pluto-19f2,3,lower,manual,50.0,2500000.0,-7.938480621553239,-9.019179538616829,0,0,0
ch3-lower-edge-narrow-pluto-19f2-20260812T190332Z,ch3-lower-edge-narrow-pluto-19f2-20260812T190332Z.json,2026-08-12,pluto-19f2,3,lower,slow_attack,,2500000.0,-12.189148673679313,-12.168316265477854,4,4,2
ch3-lower-edge-narrow-pluto-19f2-20260812T192647Z,ch3-lower-edge-narrow-pluto-19f2-20260812T192647Z.json,2026-08-12,pluto-19f2,3,lower,slow_attack,,2500000.0,-12.492985684966945,-12.273632395342666,0,0,0
ch3-lower-edge-narrow-pluto-19f2-20260812T222911Z,ch3-lower-edge-narrow-pluto-19f2-20260812T222911Z.json,2026-08-12,pluto-19f2,3,lower,manual,50.0,2500000.0,-7.83507540445807,-8.9249974881385,0,0,0
ch3-lower-edge-narrow-pluto-19f2-20260812T224822Z,ch3-lower-edge-narrow-pluto-19f2-20260812T224822Z.json,2026-08-12,pluto-19f2,3,lower,manual,50.0,2500000.0,-7.797938564667253,-8.872815545056463,3,0,0
ch3-lower-edge-narrow-pluto-19f2-20260812T235125Z,ch3-lower-edge-narrow-pluto-19f2-20260812T235125Z.json,2026-08-12,pluto-19f2,3,lower,manual,50.0,2500000.0,-7.616976745501793,-8.726072076513631,1,0,0
ch3-lower-edge-narrow-pluto-19f2-20260813T015606Z,ch3-lower-edge-narrow-pluto-19f2-20260813T015606Z.json,2026-08-13,pluto-19f2,3,lower,manual,50.0,2500000.0,-7.4645920072206104,-8.514614236941135,2,1,0
ch3-lower-edge-narrow-pluto-19f2-20260813T021617Z,ch3-lower-edge-narrow-pluto-19f2-20260813T021617Z.json,2026-08-13,pluto-19f2,3,lower,slow_attack,,2500000.0,-12.365735673832942,-12.729095738499502,2,0,0
ch3-lower-edge-narrow-pluto-19f2-20260813T034708Z,ch3-lower-edge-narrow-pluto-19f2-20260813T034708Z.json,2026-08-13,pluto-19f2,3,lower,manual,50.0,2500000.0,-7.170426763112097,-8.205590876789586,6,0,0
ch3-lower-edge-narrow-pluto-19f2-20260813T045430Z,ch3-lower-edge-narrow-pluto-19f2-20260813T045430Z.json,2026-08-13,pluto-19f2,3,lower,slow_attack,,2500000.0,-12.222239477352923,-12.425007137377968,1,1,1
ch3-lower-edge-narrow-pluto-19f2-20260813T050701Z,ch3-lower-edge-narrow-pluto-19f2-20260813T050701Z.json,2026-08-13,pluto-19f2,3,lower,slow_attack,,2500000.0,-12.34298462633231,-12.92242038013005,0,0,0
ch3-lower-edge-narrow-pluto-19f2-20260813T061321Z,ch3-lower-edge-narrow-pluto-19f2-20260813T061321Z.json,2026-08-13,pluto-19f2,3,lower,manual,50.0,2500000.0,-7.463043819442956,-11.949486172998373,1,1,1
ch3-lower-edge-narrow-pluto-19f2-20260813T062858Z,ch3-lower-edge-narrow-pluto-19f2-20260813T062858Z.json,2026-08-13,pluto-19f2,3,lower,manual,50.0,2500000.0,-7.445750861855053,-11.968215355871084,1,1,0
ch3-lower-edge-narrow-pluto-19f2-20260813T065642Z,ch3-lower-edge-narrow-pluto-19f2-20260813T065642Z.json,2026-08-13,pluto-19f2,3,lower,slow_attack,,2500000.0,-12.386269149733089,-12.821118784146822,4,0,0
ch3-lower-edge-narrow-pluto-19f2-20260813T070824Z,ch3-lower-edge-narrow-pluto-19f2-20260813T070824Z.json,2026-08-13,pluto-19f2,3,lower,slow_attack,,2500000.0,-12.269386021709801,-12.688817669102445,1,1,1
ch3-lower-edge-narrow-pluto-19f2-20260813T071222Z,ch3-lower-edge-narrow-pluto-19f2-20260813T071222Z.json,2026-08-13,pluto-19f2,3,lower,manual,50.0,2500000.0,-7.552185838061433,-12.05887861999798,3,0,0
ch3-lower-edge-narrow-pluto-19f2-20260813T072359Z,ch3-lower-edge-narrow-pluto-19f2-20260813T072359Z.json,2026-08-13,pluto-19f2,3,lower,slow_attack,,2500000.0,-12.229973412735593,-12.51360215336674,7,0,0
ch3-lower-edge-narrow-pluto-19f2-20260813T073155Z,ch3-lower-edge-narrow-pluto-19f2-20260813T073155Z.json,2026-08-13,pluto-19f2,3,lower,manual,50.0,2500000.0,-7.587502956368114,-12.129959144041571,2,0,0
ch3-lower-edge-narrow-pluto-19f2-20260813T075545Z,ch3-lower-edge-narrow-pluto-19f2-20260813T075545Z.json,2026-08-13,pluto-19f2,3,lower,manual,50.0,2500000.0,-7.4007927249894525,-11.955533618551764,0,0,0
ch3-lower-edge-narrow-pluto-19f2-20260813T091114Z,ch3-lower-edge-narrow-pluto-19f2-20260813T091114Z.json,2026-08-13,pluto-19f2,3,lower,manual,50.0,2500000.0,-7.61104671356052,-12.241206977532658,1,0,0
ch3-lower-edge-narrow-pluto-19f2-20260813T092250Z,ch3-lower-edge-narrow-pluto-19f2-20260813T092250Z.json,2026-08-13,pluto-19f2,3,lower,manual,50.0,2500000.0,-7.398926189191335,-12.045981599240525,0,0,0
ch3-lower-edge-narrow-pluto-19f2-20260813T100602Z,ch3-lower-edge-narrow-pluto-19f2-20260813T100602Z.json,2026-08-13,pluto-19f2,3,lower,manual,50.0,2500000.0,-7.668356480153027,-12.301130462414013,3,0,0
ch3-lower-edge-narrow-pluto-19f2-20260813T102150Z,ch3-lower-edge-narrow-pluto-19f2-20260813T102150Z.json,2026-08-13,pluto-19f2,3,lower,slow_attack,,2500000.0,-12.322823641447043,-12.420759551725386,1,1,1
ch3-lower-edge-narrow-pluto-19f2-20260813T103351Z,ch3-lower-edge-narrow-pluto-19f2-20260813T103351Z.json,2026-08-13,pluto-19f2,3,lower,slow_attack,,2500000.0,-12.254465293557459,-12.394943239698101,4,0,0
ch3-lower-edge-narrow-pluto-19f2-20260813T115633Z,ch3-lower-edge-narrow-pluto-19f2-20260813T115633Z.json,2026-08-13,pluto-19f2,3,lower,slow_attack,,2500000.0,-12.012348794304085,-12.296783809181385,0,0,0
ch3-lower-edge-narrow-pluto-19f2-20260813T123321Z,ch3-lower-edge-narrow-pluto-19f2-20260813T123321Z.json,2026-08-13,pluto-19f2,3,lower,manual,50.0,2500000.0,-7.309828588630724,-11.988952516293455,1,1,0
ch3-lower-edge-narrow-pluto-19f2-20260813T125259Z,ch3-lower-edge-narrow-pluto-19f2-20260813T125259Z.json,2026-08-13,pluto-19f2,3,lower,slow_attack,,2500000.0,-12.720178579889396,-12.502207419715221,1,1,0
ch3-lower-edge-narrow-pluto-19f2-20260813T135907Z,ch3-lower-edge-narrow-pluto-19f2-20260813T135907Z.json,2026-08-13,pluto-19f2,3,lower,manual,50.0,2500000.0,-7.147832814562644,-12.018294795327018,1,1,0
ch3-lower-edge-narrow-pluto-19f2-20260813T143024Z,ch3-lower-edge-narrow-pluto-19f2-20260813T143024Z.json,2026-08-13,pluto-19f2,3,lower,slow_attack,,2500000.0,-12.63239032425429,-12.471199966780926,1,1,0
ch3-lower-edge-narrow-pluto-19f2-20260813T144202Z,ch3-lower-edge-narrow-pluto-19f2-20260813T144202Z.json,2026-08-13,pluto-19f2,3,lower,manual,50.0,2500000.0,-6.91010279916075,-11.404399634162845,2,2,1
ch3-lower-edge-narrow-pluto-19f2-20260813T153258Z,ch3-lower-edge-narrow-pluto-19f2-20260813T153258Z.json,2026-08-13,pluto-19f2,3,lower,manual,50.0,2500000.0,-7.145301660615573,-11.617702587370788,0,0,0
ch3-lower-edge-narrow-pluto-19f2-20260813T164026Z,ch3-lower-edge-narrow-pluto-19f2-20260813T164026Z.json,2026-08-13,pluto-19f2,3,lower,slow_attack,,2500000.0,-12.393609169909833,-12.56694943655711,2,0,0
ch3-lower-edge-narrow-pluto-19f2-20260813T165236Z,ch3-lower-edge-narrow-pluto-19f2-20260813T165236Z.json,2026-08-13,pluto-19f2,3,lower,manual,50.0,2500000.0,-7.16188525150203,-11.74475024109654,2,0,0
ch3-lower-edge-narrow-pluto-19f2-20260813T165635Z,ch3-lower-edge-narrow-pluto-19f2-20260813T165635Z.json,2026-08-13,pluto-19f2,3,lower,slow_attack,,2500000.0,-12.616406884546285,-12.33930312888165,4,4,1
ch3-lower-edge-narrow-pluto-19f2-20260813T175113Z,ch3-lower-edge-narrow-pluto-19f2-20260813T175113Z.json,2026-08-13,pluto-19f2,3,lower,slow_attack,,2500000.0,-12.29893433234504,-12.353932732262521,0,0,0
ch3-lower-edge-narrow-pluto-19f2-20260813T181042Z,ch3-lower-edge-narrow-pluto-19f2-20260813T181042Z.json,2026-08-13,pluto-19f2,3,lower,slow_attack,,2500000.0,-12.244202681871075,-12.32909626082489,4,4,2
ch3-lower-edge-narrow-pluto-19f2-20260813T181830Z,ch3-lower-edge-narrow-pluto-19f2-20260813T181830Z.json,2026-08-13,pluto-19f2,3,lower,manual,50.0,2500000.0,-7.627380862675165,-12.247236990598875,4,0,0
ch3-lower-edge-narrow-pluto-19f2-20260813T182223Z,ch3-lower-edge-narrow-pluto-19f2-20260813T182223Z.json,2026-08-13,pluto-19f2,3,lower,slow_attack,,2500000.0,-12.2010032546008,-12.482754565672678,2,2,0
ch3-lower-edge-narrow-pluto-19f2-20260813T183014Z,ch3-lower-edge-narrow-pluto-19f2-20260813T183014Z.json,2026-08-13,pluto-19f2,3,lower,slow_attack,,2500000.0,-12.243811486607312,-12.433870388789675,4,4,2
ch3-lower-edge-narrow-pluto-19f2-20260813T191043Z,ch3-lower-edge-narrow-pluto-19f2-20260813T191043Z.json,2026-08-13,pluto-19f2,3,lower,slow_attack,,2500000.0,-12.391802566739896,-12.585607296740486,0,0,0
ch3-lower-edge-narrow-pluto-19f2-20260813T194605Z,ch3-lower-edge-narrow-pluto-19f2-20260813T194605Z.json,2026-08-13,pluto-19f2,3,lower,manual,50.0,2500000.0,-7.811620930416603,-12.614435488902807,7,0,0
ch3-lower-edge-narrow-pluto-19f2-20260813T201733Z,ch3-lower-edge-narrow-pluto-19f2-20260813T201733Z.json,2026-08-13,pluto-19f2,3,lower,slow_attack,,2500000.0,-12.475492210547685,-12.732385342801606,4,0,0
ch3-lower-edge-narrow-pluto-19f2-20260813T202527Z,ch3-lower-edge-narrow-pluto-19f2-20260813T202527Z.json,2026-08-13,pluto-19f2,3,lower,slow_attack,,2500000.0,-12.476699696206769,-12.744516470833968,2,0,0
ch3-lower-edge-narrow-pluto-19f2-20260813T210446Z,ch3-lower-edge-narrow-pluto-19f2-20260813T210446Z.json,2026-08-13,pluto-19f2,3,lower,slow_attack,,2500000.0,-12.709129969436512,-12.605238640020968,1,1,1
ch3-lower-edge-narrow-pluto-19f2-20260813T212804Z,ch3-lower-edge-narrow-pluto-19f2-20260813T212804Z.json,2026-08-13,pluto-19f2,3,lower,slow_attack,,2500000.0,-12.400870209730918,-12.52005481873934,2,2,1
ch3-lower-edge-narrow-pluto-19f2-20260813T213554Z,ch3-lower-edge-narrow-pluto-19f2-20260813T213554Z.json,2026-08-13,pluto-19f2,3,lower,slow_attack,,2500000.0,-12.504724652040917,-12.92568154809766,3,3,1
ch3-lower-edge-narrow-pluto-19f2-20260813T222717Z,ch3-lower-edge-narrow-pluto-19f2-20260813T222717Z.json,2026-08-13,pluto-19f2,3,lower,manual,50.0,2500000.0,-7.635160281832761,-12.546951701109775,1,1,1
ch3-lower-edge-narrow-pluto-19f2-20260813T223518Z,ch3-lower-edge-narrow-pluto-19f2-20260813T223518Z.json,2026-08-13,pluto-19f2,3,lower,slow_attack,,2500000.0,-12.273706916947198,-12.51340357982225,4,0,0
ch3-lower-edge-narrow-pluto-19f2-20260813T223917Z,ch3-lower-edge-narrow-pluto-19f2-20260813T223917Z.json,2026-08-13,pluto-19f2,3,lower,manual,50.0,2500000.0,-7.543534994821773,-12.45959519000187,1,1,1
ch3-lower-edge-narrow-pluto-5d4d-20260811T053257Z,ch3-lower-edge-narrow-pluto-5d4d-20260811T053257Z.json,2026-08-11,pluto-5d4d,3,lower,slow_attack,,2500000.0,-12.19218797038482,-12.294448565371717,1,0,0
ch3-lower-edge-narrow-pluto-5d4d-20260811T053711Z,ch3-lower-edge-narrow-pluto-5d4d-20260811T053711Z.json,2026-08-11,pluto-5d4d,3,lower,manual,50.0,2500000.0,-25.917168354680832,-30.228141776085234,1,1,0
ch3-lower-edge-narrow-pluto-5d4d-20260811T053917Z,ch3-lower-edge-narrow-pluto-5d4d-20260811T053917Z.json,2026-08-11,pluto-5d4d,3,lower,manual,50.0,2500000.0,-25.546058854502487,-29.917580174474814,3,3,2
ch3-lower-edge-narrow-pluto-5d4d-20260811T054533Z,ch3-lower-edge-narrow-pluto-5d4d-20260811T054533Z.json,2026-08-11,pluto-5d4d,3,lower,slow_attack,,2500000.0,-12.482104939527684,-12.487246643959107,2,2,2
ch3-lower-edge-narrow-pluto-5d4d-20260811T055019Z,ch3-lower-edge-narrow-pluto-5d4d-20260811T055019Z.json,2026-08-11,pluto-5d4d,3,lower,manual,50.0,2500000.0,-25.82748900199578,-30.177848706172632,1,1,1
ch3-lower-edge-narrow-pluto-5d4d-20260811T061019Z,ch3-lower-edge-narrow-pluto-5d4d-20260811T061019Z.json,2026-08-11,pluto-5d4d,3,lower,slow_attack,,2500000.0,-12.106272798737482,-12.319418011464938,3,3,3
ch3-lower-edge-narrow-pluto-5d4d-20260811T062910Z,ch3-lower-edge-narrow-pluto-5d4d-20260811T062910Z.json,2026-08-11,pluto-5d4d,3,lower,slow_attack,,2500000.0,-12.374880998014618,-12.515364989627747,1,1,1
ch3-lower-edge-narrow-pluto-5d4d-20260811T071324Z,ch3-lower-edge-narrow-pluto-5d4d-20260811T071324Z.json,2026-08-11,pluto-5d4d,3,lower,manual,50.0,2500000.0,-26.079876443475083,-30.359292308911243,2,2,1
ch3-lower-edge-narrow-pluto-5d4d-20260811T072010Z,ch3-lower-edge-narrow-pluto-5d4d-20260811T072010Z.json,2026-08-11,pluto-5d4d,3,lower,slow_attack,,2500000.0,-12.304071438889643,-12.480945945077092,1,1,1
ch3-lower-edge-narrow-pluto-5d4d-20260811T072421Z,ch3-lower-edge-narrow-pluto-5d4d-20260811T072421Z.json,2026-08-11,pluto-5d4d,3,lower,slow_attack,,2500000.0,-12.459371619640645,-12.603617019124592,0,0,0
ch3-lower-edge-narrow-pluto-5d4d-20260811T073243Z,ch3-lower-edge-narrow-pluto-5d4d-20260811T073243Z.json,2026-08-11,pluto-5d4d,3,lower,manual,50.0,2500000.0,-25.095694918839424,-29.42618289809986,5,5,4
ch3-lower-edge-narrow-pluto-5d4d-20260811T075242Z,ch3-lower-edge-narrow-pluto-5d4d-20260811T075242Z.json,2026-08-11,pluto-5d4d,3,lower,slow_attack,,2500000.0,-12.375324145623646,-12.312260187075307,3,3,3
ch3-lower-edge-narrow-pluto-5d4d-20260811T081658Z,ch3-lower-edge-narrow-pluto-5d4d-20260811T081658Z.json,2026-08-11,pluto-5d4d,3,lower,manual,50.0,2500000.0,-26.2669789589256,-30.537470391859195,0,0,0
ch3-lower-edge-narrow-pluto-5d4d-20260811T082140Z,ch3-lower-edge-narrow-pluto-5d4d-20260811T082140Z.json,2026-08-11,pluto-5d4d,3,lower,slow_attack,,2500000.0,-12.420197220029262,-12.439708668126519,3,3,3
ch3-lower-edge-narrow-pluto-5d4d-20260811T085417Z,ch3-lower-edge-narrow-pluto-5d4d-20260811T085417Z.json,2026-08-11,pluto-5d4d,3,lower,manual,50.0,2500000.0,-26.199030392865858,-30.47834583670999,0,0,0
ch3-lower-edge-narrow-pluto-5d4d-20260811T094615Z,ch3-lower-edge-narrow-pluto-5d4d-20260811T094615Z.json,2026-08-11,pluto-5d4d,3,lower,slow_attack,,2500000.0,-12.393445390202206,-12.474385374520011,3,3,2
ch3-lower-edge-narrow-pluto-5d4d-20260811T100215Z,ch3-lower-edge-narrow-pluto-5d4d-20260811T100215Z.json,2026-08-11,pluto-5d4d,3,lower,manual,50.0,2500000.0,-25.304616536292272,-29.772337027361626,8,8,5
ch3-lower-edge-narrow-pluto-5d4d-20260811T103038Z,ch3-lower-edge-narrow-pluto-5d4d-20260811T103038Z.json,2026-08-11,pluto-5d4d,3,lower,manual,50.0,2500000.0,-26.132737460263137,-30.442223471107603,2,2,2
ch3-lower-edge-narrow-pluto-5d4d-20260811T105925Z,ch3-lower-edge-narrow-pluto-5d4d-20260811T105925Z.json,2026-08-11,pluto-5d4d,3,lower,slow_attack,,2500000.0,-12.554928161385305,-12.669746893418896,0,0,0
ch3-lower-edge-narrow-pluto-5d4d-20260811T111402Z,ch3-lower-edge-narrow-pluto-5d4d-20260811T111402Z.json,2026-08-11,pluto-5d4d,3,lower,manual,50.0,2500000.0,-25.748871503817856,-30.113871134025874,3,3,3
ch3-lower-edge-narrow-pluto-5d4d-20260811T112951Z,ch3-lower-edge-narrow-pluto-5d4d-20260811T112951Z.json,2026-08-11,pluto-5d4d,3,lower,manual,50.0,2500000.0,-26.321167599578835,-30.587432290193988,0,0,0
ch3-lower-edge-narrow-pluto-5d4d-20260811T120044Z,ch3-lower-edge-narrow-pluto-5d4d-20260811T120044Z.json,2026-08-11,pluto-5d4d,3,lower,slow_attack,,2500000.0,-12.491700068939608,-12.719952349706872,1,1,1
ch3-lower-edge-narrow-pluto-5d4d-20260811T120456Z,ch3-lower-edge-narrow-pluto-5d4d-20260811T120456Z.json,2026-08-11,pluto-5d4d,3,lower,manual,50.0,2500000.0,-25.735495069516737,-30.18491609823419,4,4,4
ch3-lower-edge-narrow-pluto-5d4d-20260811T123325Z,ch3-lower-edge-narrow-pluto-5d4d-20260811T123325Z.json,2026-08-11,pluto-5d4d,3,lower,slow_attack,,2500000.0,-12.569567509597029,-12.688310022660833,0,0,0
ch3-lower-edge-narrow-pluto-5d4d-20260811T131242Z,ch3-lower-edge-narrow-pluto-5d4d-20260811T131242Z.json,2026-08-11,pluto-5d4d,3,lower,slow_attack,,2500000.0,-12.444105475973943,-12.5961336987589,1,1,1
ch3-lower-edge-narrow-pluto-5d4d-20260811T133404Z,ch3-lower-edge-narrow-pluto-5d4d-20260811T133404Z.json,2026-08-11,pluto-5d4d,3,lower,manual,50.0,2500000.0,-26.2218788990285,-30.48301768755655,1,1,1
ch3-lower-edge-narrow-pluto-5d4d-20260811T135815Z,ch3-lower-edge-narrow-pluto-5d4d-20260811T135815Z.json,2026-08-11,pluto-5d4d,3,lower,slow_attack,,2500000.0,-12.478306122727679,-12.60326894676125,0,0,0
ch3-lower-edge-narrow-pluto-5d4d-20260811T142218Z,ch3-lower-edge-narrow-pluto-5d4d-20260811T142218Z.json,2026-08-11,pluto-5d4d,3,lower,manual,50.0,2500000.0,-25.924720055467965,-30.209265888235436,2,2,2
ch3-lower-edge-narrow-pluto-5d4d-20260811T143521Z,ch3-lower-edge-narrow-pluto-5d4d-20260811T143521Z.json,2026-08-11,pluto-5d4d,3,lower,manual,50.0,2500000.0,-26.06743876310695,-30.33610482413625,0,0,0
ch3-lower-edge-narrow-pluto-5d4d-20260811T143725Z,ch3-lower-edge-narrow-pluto-5d4d-20260811T143725Z.json,2026-08-11,pluto-5d4d,3,lower,slow_attack,,2500000.0,-12.336138968558982,-12.313447934727114,2,2,2
ch3-lower-edge-narrow-pluto-5d4d-20260811T151146Z,ch3-lower-edge-narrow-pluto-5d4d-20260811T151146Z.json,2026-08-11,pluto-5d4d,3,lower,slow_attack,,2500000.0,-12.378618570691613,-12.394361230768354,1,1,1
ch3-lower-edge-narrow-pluto-5d4d-20260811T152538Z,ch3-lower-edge-narrow-pluto-5d4d-20260811T152538Z.json,2026-08-11,pluto-5d4d,3,lower,manual,50.0,2500000.0,-25.81677662631727,-30.043350971070353,3,3,3
ch3-lower-edge-narrow-pluto-5d4d-20260811T160026Z,ch3-lower-edge-narrow-pluto-5d4d-20260811T160026Z.json,2026-08-11,pluto-5d4d,3,lower,manual,50.0,2500000.0,-25.726156236677813,-29.888629635184767,2,2,2
ch3-lower-edge-narrow-pluto-5d4d-20260811T171859Z,ch3-lower-edge-narrow-pluto-5d4d-20260811T171859Z.json,2026-08-11,pluto-5d4d,3,lower,slow_attack,,2500000.0,-12.497667431473909,-12.400669841460399,1,1,1
ch3-lower-edge-narrow-pluto-5d4d-20260811T175314Z,ch3-lower-edge-narrow-pluto-5d4d-20260811T175314Z.json,2026-08-11,pluto-5d4d,3,lower,slow_attack,,2500000.0,-12.446235367666013,-12.29762507987342,0,0,0
ch3-lower-edge-narrow-pluto-5d4d-20260811T175436Z,ch3-lower-edge-narrow-pluto-5d4d-20260811T175436Z.json,2026-08-11,pluto-5d4d,3,lower,manual,50.0,2500000.0,-26.33703023441395,-30.32065513050339,0,0,0
ch3-lower-edge-narrow-pluto-5d4d-20260811T175814Z,ch3-lower-edge-narrow-pluto-5d4d-20260811T175814Z.json,2026-08-11,pluto-5d4d,3,lower,slow_attack,,2500000.0,-12.432095042238592,-12.348698625206582,1,1,1
ch3-lower-edge-narrow-pluto-5d4d-20260811T180502Z,ch3-lower-edge-narrow-pluto-5d4d-20260811T180502Z.json,2026-08-11,pluto-5d4d,3,lower,slow_attack,,2500000.0,-12.516507799712182,-12.316434289655291,1,1,1
ch3-lower-edge-narrow-pluto-5d4d-20260811T195810Z,ch3-lower-edge-narrow-pluto-5d4d-20260811T195810Z.json,2026-08-11,pluto-5d4d,3,lower,manual,50.0,2500000.0,-26.166036435621184,-29.96906035594103,3,3,3
ch3-lower-edge-narrow-pluto-5d4d-20260811T200219Z,ch3-lower-edge-narrow-pluto-5d4d-20260811T200219Z.json,2026-08-11,pluto-5d4d,3,lower,slow_attack,,2500000.0,-12.354334304413683,-12.301157661171182,4,4,4
ch3-lower-edge-narrow-pluto-5d4d-20260811T200914Z,ch3-lower-edge-narrow-pluto-5d4d-20260811T200914Z.json,2026-08-11,pluto-5d4d,3,lower,slow_attack,,2500000.0,-12.551862436585202,-12.348925561738328,2,2,2
ch3-lower-edge-narrow-pluto-5d4d-20260811T210738Z,ch3-lower-edge-narrow-pluto-5d4d-20260811T210738Z.json,2026-08-11,pluto-5d4d,3,lower,slow_attack,,2500000.0,-12.313679568480335,-12.376994428405688,1,1,1
ch3-lower-edge-narrow-pluto-5d4d-20260811T212242Z,ch3-lower-edge-narrow-pluto-5d4d-20260811T212242Z.json,2026-08-11,pluto-5d4d,3,lower,manual,50.0,2500000.0,-25.41363176601937,-29.43219534352743,5,5,5
ch3-lower-edge-narrow-pluto-5d4d-20260811T213125Z,ch3-lower-edge-narrow-pluto-5d4d-20260811T213125Z.json,2026-08-11,pluto-5d4d,3,lower,manual,50.0,2500000.0,-25.613666208031702,-29.574221388315742,4,4,2
ch3-lower-edge-narrow-pluto-5d4d-20260811T222055Z,ch3-lower-edge-narrow-pluto-5d4d-20260811T222055Z.json,2026-08-11,pluto-5d4d,3,lower,slow_attack,,2500000.0,-12.099123506578593,-11.958252637412619,0,0,0
ch3-lower-edge-narrow-pluto-5d4d-20260811T223845Z,ch3-lower-edge-narrow-pluto-5d4d-20260811T223845Z.json,2026-08-11,pluto-5d4d,3,lower,manual,50.0,2500000.0,-25.501848690865927,-29.63140198823329,1,1,1
ch3-lower-edge-narrow-pluto-5d4d-20260811T225631Z,ch3-lower-edge-narrow-pluto-5d4d-20260811T225631Z.json,2026-08-11,pluto-5d4d,3,lower,manual,50.0,2500000.0,-25.682940456462987,-29.77368531264186,2,2,2
ch3-lower-edge-narrow-pluto-5d4d-20260811T230805Z,ch3-lower-edge-narrow-pluto-5d4d-20260811T230805Z.json,2026-08-11,pluto-5d4d,3,lower,manual,50.0,2500000.0,-25.54395414719078,-29.73230416989783,1,1,1
ch3-lower-edge-narrow-pluto-5d4d-20260811T234113Z,ch3-lower-edge-narrow-pluto-5d4d-20260811T234113Z.json,2026-08-11,pluto-5d4d,3,lower,manual,50.0,2500000.0,-25.703943589069205,-29.84496694908205,1,1,1
ch3-lower-edge-narrow-pluto-5d4d-20260811T234318Z,ch3-lower-edge-narrow-pluto-5d4d-20260811T234318Z.json,2026-08-11,pluto-5d4d,3,lower,slow_attack,,2500000.0,-12.41710913225581,-11.896519337889554,0,0,0
ch3-lower-edge-narrow-pluto-5d4d-20260811T235632Z,ch3-lower-edge-narrow-pluto-5d4d-20260811T235632Z.json,2026-08-12,pluto-5d4d,3,lower,manual,50.0,2500000.0,-25.178359446676826,-29.30857388983586,1,1,1
ch3-lower-edge-narrow-pluto-5d4d-20260812T001750Z,ch3-lower-edge-narrow-pluto-5d4d-20260812T001750Z.json,2026-08-12,pluto-5d4d,3,lower,slow_attack,,2500000.0,-12.361023326338366,-12.378247689107607,2,2,2
ch3-lower-edge-narrow-pluto-5d4d-20260812T001955Z,ch3-lower-edge-narrow-pluto-5d4d-20260812T001955Z.json,2026-08-12,pluto-5d4d,3,lower,manual,50.0,2500000.0,-25.546816266298947,-29.716722948034583,0,0,0
ch3-lower-edge-narrow-pluto-5d4d-20260812T004154Z,ch3-lower-edge-narrow-pluto-5d4d-20260812T004154Z.json,2026-08-12,pluto-5d4d,3,lower,manual,50.0,2500000.0,-25.437789792047283,-29.67620451152723,1,1,1
ch3-lower-edge-narrow-pluto-5d4d-20260812T013858Z,ch3-lower-edge-narrow-pluto-5d4d-20260812T013858Z.json,2026-08-12,pluto-5d4d,3,lower,manual,50.0,2500000.0,-25.299584863143657,-29.51882970414852,1,1,1
ch3-lower-edge-narrow-pluto-5d4d-20260812T014305Z,ch3-lower-edge-narrow-pluto-5d4d-20260812T014305Z.json,2026-08-12,pluto-5d4d,3,lower,slow_attack,,2500000.0,-12.722468195341667,-12.696724053915569,2,2,1
ch3-lower-edge-narrow-pluto-5d4d-20260812T015404Z,ch3-lower-edge-narrow-pluto-5d4d-20260812T015404Z.json,2026-08-12,pluto-5d4d,3,lower,manual,50.0,2500000.0,-24.977098135197906,-29.292395596199388,2,2,2
ch3-lower-edge-narrow-pluto-5d4d-20260812T022825Z,ch3-lower-edge-narrow-pluto-5d4d-20260812T022825Z.json,2026-08-12,pluto-5d4d,3,lower,slow_attack,,2500000.0,-12.553086816408134,-12.581725245337903,1,1,1
ch3-lower-edge-narrow-pluto-5d4d-20260812T025023Z,ch3-lower-edge-narrow-pluto-5d4d-20260812T025023Z.json,2026-08-12,pluto-5d4d,3,lower,manual,50.0,2500000.0,-25.094139880695256,-29.408168329430133,1,1,1
ch3-lower-edge-narrow-pluto-5d4d-20260812T025227Z,ch3-lower-edge-narrow-pluto-5d4d-20260812T025227Z.json,2026-08-12,pluto-5d4d,3,lower,manual,50.0,2500000.0,-24.761390025538613,-29.06680875492178,2,2,2
ch3-lower-edge-narrow-pluto-5d4d-20260812T025430Z,ch3-lower-edge-narrow-pluto-5d4d-20260812T025430Z.json,2026-08-12,pluto-5d4d,3,lower,manual,50.0,2500000.0,-25.159877291877486,-29.451384706956848,1,1,1
ch3-lower-edge-narrow-pluto-5d4d-20260812T030524Z,ch3-lower-edge-narrow-pluto-5d4d-20260812T030524Z.json,2026-08-12,pluto-5d4d,3,lower,slow_attack,,2500000.0,-12.399996608549573,-12.494338905771688,2,2,2
ch3-lower-edge-narrow-pluto-5d4d-20260812T031216Z,ch3-lower-edge-narrow-pluto-5d4d-20260812T031216Z.json,2026-08-12,pluto-5d4d,3,lower,slow_attack,,2500000.0,-12.603475098974572,-12.527508286963073,4,4,3
ch3-lower-edge-narrow-pluto-5d4d-20260812T043628Z,ch3-lower-edge-narrow-pluto-5d4d-20260812T043628Z.json,2026-08-12,pluto-5d4d,3,lower,slow_attack,,2500000.0,-12.506885471606795,-12.611878978740222,1,1,1
ch3-lower-edge-narrow-pluto-5d4d-20260812T053221Z,ch3-lower-edge-narrow-pluto-5d4d-20260812T053221Z.json,2026-08-12,pluto-5d4d,3,lower,slow_attack,,2500000.0,-12.491167987284479,-12.588826056366692,1,1,1
ch3-lower-edge-narrow-pluto-5d4d-20260812T054634Z,ch3-lower-edge-narrow-pluto-5d4d-20260812T054634Z.json,2026-08-12,pluto-5d4d,3,lower,manual,50.0,2500000.0,-24.67548738313679,-29.01414929514685,2,2,2
ch3-lower-edge-narrow-pluto-5d4d-20260812T060915Z,ch3-lower-edge-narrow-pluto-5d4d-20260812T060915Z.json,2026-08-12,pluto-5d4d,3,lower,manual,50.0,2500000.0,-25.725228639975334,-30.029857946274934,2,2,2
ch3-lower-edge-narrow-pluto-5d4d-20260812T062511Z,ch3-lower-edge-narrow-pluto-5d4d-20260812T062511Z.json,2026-08-12,pluto-5d4d,3,lower,slow_attack,,2500000.0,-12.238225977266568,-12.282038351496862,4,4,3
ch3-lower-edge-narrow-pluto-5d4d-20260812T082627Z,ch3-lower-edge-narrow-pluto-5d4d-20260812T082627Z.json,2026-08-12,pluto-5d4d,3,lower,manual,50.0,2500000.0,-26.109488695610384,-30.4029723417979,2,2,2
ch3-lower-edge-narrow-pluto-5d4d-20260812T085009Z,ch3-lower-edge-narrow-pluto-5d4d-20260812T085009Z.json,2026-08-12,pluto-5d4d,3,lower,slow_attack,,2500000.0,-12.283944091625527,-12.451075279746826,0,0,0
ch3-lower-edge-narrow-pluto-5d4d-20260812T090219Z,ch3-lower-edge-narrow-pluto-5d4d-20260812T090219Z.json,2026-08-12,pluto-5d4d,3,lower,manual,50.0,2500000.0,-25.90974231116175,-30.17521087256536,1,1,1
ch3-lower-edge-narrow-pluto-5d4d-20260812T091341Z,ch3-lower-edge-narrow-pluto-5d4d-20260812T091341Z.json,2026-08-12,pluto-5d4d,3,lower,manual,50.0,2500000.0,-25.922983269760245,-30.2305888517446,1,1,1
ch3-lower-edge-narrow-pluto-5d4d-20260812T100051Z,ch3-lower-edge-narrow-pluto-5d4d-20260812T100051Z.json,2026-08-12,pluto-5d4d,3,lower,manual,50.0,2500000.0,-25.92172059321546,-30.206231829489624,2,2,1
ch3-lower-edge-narrow-pluto-5d4d-20260812T101646Z,ch3-lower-edge-narrow-pluto-5d4d-20260812T101646Z.json,2026-08-12,pluto-5d4d,3,lower,slow_attack,,2500000.0,-12.288716464287283,-12.42430398717104,0,0,0
ch3-lower-edge-narrow-pluto-5d4d-20260812T102808Z,ch3-lower-edge-narrow-pluto-5d4d-20260812T102808Z.json,2026-08-12,pluto-5d4d,3,lower,manual,50.0,2500000.0,-25.655159092493935,-29.99057449126928,3,3,3
ch3-lower-edge-narrow-pluto-5d4d-20260812T105612Z,ch3-lower-edge-narrow-pluto-5d4d-20260812T105612Z.json,2026-08-12,pluto-5d4d,3,lower,slow_attack,,2500000.0,-12.386282902141586,-12.519490908119664,1,1,1
ch3-lower-edge-narrow-pluto-5d4d-20260812T113150Z,ch3-lower-edge-narrow-pluto-5d4d-20260812T113150Z.json,2026-08-12,pluto-5d4d,3,lower,manual,50.0,2500000.0,-25.44331742481382,-29.905551622257846,4,4,4
ch3-lower-edge-narrow-pluto-5d4d-20260812T120551Z,ch3-lower-edge-narrow-pluto-5d4d-20260812T120551Z.json,2026-08-12,pluto-5d4d,3,lower,slow_attack,,2500000.0,-12.288701252121236,-12.396240166960535,5,5,5
ch3-lower-edge-narrow-pluto-5d4d-20260812T121023Z,ch3-lower-edge-narrow-pluto-5d4d-20260812T121023Z.json,2026-08-12,pluto-5d4d,3,lower,slow_attack,,2500000.0,-12.402929401739,-12.565017257903715,2,2,2
ch3-lower-edge-narrow-pluto-5d4d-20260812T124130Z,ch3-lower-edge-narrow-pluto-5d4d-20260812T124130Z.json,2026-08-12,pluto-5d4d,3,lower,slow_attack,,2500000.0,-12.38122037624716,-12.384113451902197,2,2,2
ch3-lower-edge-narrow-pluto-5d4d-20260812T130500Z,ch3-lower-edge-narrow-pluto-5d4d-20260812T130500Z.json,2026-08-12,pluto-5d4d,3,lower,slow_attack,,2500000.0,-12.443198175343145,-12.536333723158508,2,2,2
ch3-lower-edge-narrow-pluto-5d4d-20260812T133306Z,ch3-lower-edge-narrow-pluto-5d4d-20260812T133306Z.json,2026-08-12,pluto-5d4d,3,lower,slow_attack,,2500000.0,-12.3697657718085,-12.447282515789741,2,2,1
ch3-lower-edge-narrow-pluto-5d4d-20260812T142308Z,ch3-lower-edge-narrow-pluto-5d4d-20260812T142308Z.json,2026-08-12,pluto-5d4d,3,lower,manual,50.0,2500000.0,-26.357069020257594,-30.56759544987446,0,0,0
ch3-lower-edge-narrow-pluto-5d4d-20260812T151007Z,ch3-lower-edge-narrow-pluto-5d4d-20260812T151007Z.json,2026-08-12,pluto-5d4d,3,lower,slow_attack,,2500000.0,-12.693605473543572,-12.361629208501341,1,1,1
ch3-lower-edge-narrow-pluto-5d4d-20260812T152130Z,ch3-lower-edge-narrow-pluto-5d4d-20260812T152130Z.json,2026-08-12,pluto-5d4d,3,lower,slow_attack,,2500000.0,-12.585989280776001,-12.656156456088086,4,4,4
ch3-lower-edge-narrow-pluto-5d4d-20260812T152656Z,ch3-lower-edge-narrow-pluto-5d4d-20260812T152656Z.json,2026-08-12,pluto-5d4d,3,lower,manual,50.0,2500000.0,-26.433347762454915,-30.575791811403953,2,2,2
ch3-lower-edge-narrow-pluto-5d4d-20260812T153431Z,ch3-lower-edge-narrow-pluto-5d4d-20260812T153431Z.json,2026-08-12,pluto-5d4d,3,lower,manual,50.0,2500000.0,-26.08163234736535,-30.240957411385054,4,4,4
ch3-lower-edge-narrow-pluto-5d4d-20260812T165324Z,ch3-lower-edge-narrow-pluto-5d4d-20260812T165324Z.json,2026-08-12,pluto-5d4d,3,lower,slow_attack,,2500000.0,-12.447796551643682,-12.37561809406558,1,1,1
ch3-lower-edge-narrow-pluto-5d4d-20260812T165717Z,ch3-lower-edge-narrow-pluto-5d4d-20260812T165717Z.json,2026-08-12,pluto-5d4d,3,lower,manual,50.0,2500000.0,-27.057775483339984,-30.98149194744201,2,2,2
ch3-lower-edge-narrow-pluto-5d4d-20260812T170940Z,ch3-lower-edge-narrow-pluto-5d4d-20260812T170940Z.json,2026-08-12,pluto-5d4d,3,lower,slow_attack,,2500000.0,-12.971253272802015,-12.801561890067124,2,2,2
ch3-lower-edge-narrow-pluto-5d4d-20260812T171725Z,ch3-lower-edge-narrow-pluto-5d4d-20260812T171725Z.json,2026-08-12,pluto-5d4d,3,lower,manual,50.0,2500000.0,-27.864344054632134,-31.574096444204805,0,0,0
ch3-lower-edge-narrow-pluto-5d4d-20260812T173001Z,ch3-lower-edge-narrow-pluto-5d4d-20260812T173001Z.json,2026-08-12,pluto-5d4d,3,lower,manual,50.0,2500000.0,-27.838954584595474,-31.60395179354078,2,0,0
ch3-lower-edge-narrow-pluto-5d4d-20260812T175341Z,ch3-lower-edge-narrow-pluto-5d4d-20260812T175341Z.json,2026-08-12,pluto-5d4d,3,lower,manual,50.0,2500000.0,-26.899708501936818,-30.723312303482363,3,3,3
ch3-lower-edge-narrow-pluto-5d4d-20260812T185333Z,ch3-lower-edge-narrow-pluto-5d4d-20260812T185333Z.json,2026-08-12,pluto-5d4d,3,lower,slow_attack,,2500000.0,-12.739631411957626,-12.478955159898968,3,3,2
ch3-lower-edge-narrow-pluto-5d4d-20260812T190118Z,ch3-lower-edge-narrow-pluto-5d4d-20260812T190118Z.json,2026-08-12,pluto-5d4d,3,lower,slow_attack,,2500000.0,-12.654391188946422,-12.360216674840563,1,1,1
ch3-lower-edge-narrow-pluto-5d4d-20260812T194044Z,ch3-lower-edge-narrow-pluto-5d4d-20260812T194044Z.json,2026-08-12,pluto-5d4d,3,lower,manual,50.0,2500000.0,-26.047723259941993,-29.919180494371854,3,3,3
ch3-lower-edge-narrow-pluto-5d4d-20260812T205727Z,ch3-lower-edge-narrow-pluto-5d4d-20260812T205727Z.json,2026-08-12,pluto-5d4d,3,lower,slow_attack,,2500000.0,-12.380829419147915,-12.484195929019965,3,3,3
ch3-lower-edge-narrow-pluto-5d4d-20260812T212916Z,ch3-lower-edge-narrow-pluto-5d4d-20260812T212916Z.json,2026-08-12,pluto-5d4d,3,lower,manual,50.0,2500000.0,-26.346265849628324,-30.255688063775295,0,0,0
ch3-lower-edge-narrow-pluto-5d4d-20260812T214046Z,ch3-lower-edge-narrow-pluto-5d4d-20260812T214046Z.json,2026-08-12,pluto-5d4d,3,lower,slow_attack,,2500000.0,-12.40205337539378,-12.409785633493946,4,4,4
ch3-lower-edge-narrow-pluto-5d4d-20260812T220534Z,ch3-lower-edge-narrow-pluto-5d4d-20260812T220534Z.json,2026-08-12,pluto-5d4d,3,lower,slow_attack,,2500000.0,-12.44427756091035,-12.42994720907319,3,3,3
ch3-lower-edge-narrow-pluto-5d4d-20260812T225712Z,ch3-lower-edge-narrow-pluto-5d4d-20260812T225712Z.json,2026-08-12,pluto-5d4d,3,lower,manual,50.0,2500000.0,-26.206707469536,-30.14263312955624,1,1,1
ch3-lower-edge-narrow-pluto-5d4d-20260813T000006Z,ch3-lower-edge-narrow-pluto-5d4d-20260813T000006Z.json,2026-08-13,pluto-5d4d,3,lower,manual,50.0,2500000.0,-25.346280586234606,-29.47238383511868,5,5,5
ch3-lower-edge-narrow-pluto-5d4d-20260813T004443Z,ch3-lower-edge-narrow-pluto-5d4d-20260813T004443Z.json,2026-08-13,pluto-5d4d,3,lower,manual,50.0,2500000.0,-25.4610788236577,-29.55602971263715,1,1,1
ch3-lower-edge-narrow-pluto-5d4d-20260813T005221Z,ch3-lower-edge-narrow-pluto-5d4d-20260813T005221Z.json,2026-08-13,pluto-5d4d,3,lower,slow_attack,,2500000.0,-12.720455133178676,-12.63807539054561,1,1,1
ch3-lower-edge-narrow-pluto-5d4d-20260813T014424Z,ch3-lower-edge-narrow-pluto-5d4d-20260813T014424Z.json,2026-08-13,pluto-5d4d,3,lower,slow_attack,,2500000.0,-12.649423743651333,-12.635679246071474,4,4,4
ch3-lower-edge-narrow-pluto-5d4d-20260813T015948Z,ch3-lower-edge-narrow-pluto-5d4d-20260813T015948Z.json,2026-08-13,pluto-5d4d,3,lower,manual,50.0,2500000.0,-25.05995573512013,-29.3542464268183,5,5,2
ch3-lower-edge-narrow-pluto-5d4d-20260813T020350Z,ch3-lower-edge-narrow-pluto-5d4d-20260813T020350Z.json,2026-08-13,pluto-5d4d,3,lower,slow_attack,,2500000.0,-12.42530345260025,-12.463202347085506,1,1,1
ch3-lower-edge-narrow-pluto-5d4d-20260813T021953Z,ch3-lower-edge-narrow-pluto-5d4d-20260813T021953Z.json,2026-08-13,pluto-5d4d,3,lower,slow_attack,,2500000.0,-12.68863746718626,-12.666938750139451,2,2,2
ch3-lower-edge-narrow-pluto-5d4d-20260813T025654Z,ch3-lower-edge-narrow-pluto-5d4d-20260813T025654Z.json,2026-08-13,pluto-5d4d,3,lower,slow_attack,,2500000.0,-12.5980888476908,-12.636981726523285,5,5,3
ch3-lower-edge-narrow-pluto-5d4d-20260813T041018Z,ch3-lower-edge-narrow-pluto-5d4d-20260813T041018Z.json,2026-08-13,pluto-5d4d,3,lower,manual,50.0,2500000.0,-25.10018648105991,-29.3595121468678,1,1,1
ch3-lower-edge-narrow-pluto-5d4d-20260813T041410Z,ch3-lower-edge-narrow-pluto-5d4d-20260813T041410Z.json,2026-08-13,pluto-5d4d,3,lower,manual,50.0,2500000.0,-25.09980674447275,-29.413029669515474,2,2,2
ch3-lower-edge-narrow-pluto-5d4d-20260813T041804Z,ch3-lower-edge-narrow-pluto-5d4d-20260813T041804Z.json,2026-08-13,pluto-5d4d,3,lower,slow_attack,,2500000.0,-12.668311526940009,-12.707408113707277,1,1,1
ch3-lower-edge-narrow-pluto-5d4d-20260813T045216Z,ch3-lower-edge-narrow-pluto-5d4d-20260813T045216Z.json,2026-08-13,pluto-5d4d,3,lower,slow_attack,,2500000.0,-32.234171360953894,-12.545778901816067,3,0,0
ch3-lower-edge-narrow-pluto-5d4d-20260813T050929Z,ch3-lower-edge-narrow-pluto-5d4d-20260813T050929Z.json,2026-08-13,pluto-5d4d,3,lower,slow_attack,,2500000.0,-32.26193199984741,-12.735439332203837,2,0,0
ch3-lower-edge-narrow-pluto-5d4d-20260813T052859Z,ch3-lower-edge-narrow-pluto-5d4d-20260813T052859Z.json,2026-08-13,pluto-5d4d,3,lower,manual,50.0,2500000.0,-52.87683560693084,-29.53873573474937,1,0,0
ch3-lower-edge-narrow-pluto-5d4d-20260813T054912Z,ch3-lower-edge-narrow-pluto-5d4d-20260813T054912Z.json,2026-08-13,pluto-5d4d,3,lower,manual,50.0,2500000.0,-52.873926556349105,-29.548853528670953,2,0,0
ch3-lower-edge-narrow-pluto-5d4d-20260813T060451Z,ch3-lower-edge-narrow-pluto-5d4d-20260813T060451Z.json,2026-08-13,pluto-5d4d,3,lower,slow_attack,,2500000.0,-32.23401843682173,-12.689350285390367,2,0,0
ch3-lower-edge-narrow-pluto-5d4d-20260813T062110Z,ch3-lower-edge-narrow-pluto-5d4d-20260813T062110Z.json,2026-08-13,pluto-5d4d,3,lower,manual,50.0,2500000.0,-52.877843327128424,-29.49386366339283,2,0,0
ch3-lower-edge-narrow-pluto-5d4d-20260813T063255Z,ch3-lower-edge-narrow-pluto-5d4d-20260813T063255Z.json,2026-08-13,pluto-5d4d,3,lower,slow_attack,,2500000.0,-32.21034187734107,-12.674440209593186,0,0,0
ch3-lower-edge-narrow-pluto-5d4d-20260813T065821Z,ch3-lower-edge-narrow-pluto-5d4d-20260813T065821Z.json,2026-08-13,pluto-5d4d,3,lower,manual,50.0,2500000.0,-52.872724614925545,-29.499167844321484,3,0,0
ch3-lower-edge-narrow-pluto-5d4d-20260813T080648Z,ch3-lower-edge-narrow-pluto-5d4d-20260813T080648Z.json,2026-08-13,pluto-5d4d,3,lower,slow_attack,,2500000.0,-32.20387649353134,-12.386758415627341,4,0,0
ch3-lower-edge-narrow-pluto-5d4d-20260813T102133Z,ch3-lower-edge-narrow-pluto-5d4d-20260813T102133Z.json,2026-08-13,pluto-5d4d,3,lower,slow_attack,,2500000.0,-32.23144383969639,-12.274829794959949,1,0,0
ch3-lower-edge-narrow-pluto-5d4d-20260813T105435Z,ch3-lower-edge-narrow-pluto-5d4d-20260813T105435Z.json,2026-08-13,pluto-5d4d,3,lower,slow_attack,,2500000.0,-32.29382158421855,-12.368785864520909,3,0,0
ch3-lower-edge-narrow-pluto-5d4d-20260813T113426Z,ch3-lower-edge-narrow-pluto-5d4d-20260813T113426Z.json,2026-08-13,pluto-5d4d,3,lower,manual,50.0,2500000.0,-52.83098339984845,-29.755841880805537,1,0,0
ch3-lower-edge-narrow-pluto-5d4d-20260813T120334Z,ch3-lower-edge-narrow-pluto-5d4d-20260813T120334Z.json,2026-08-13,pluto-5d4d,3,lower,slow_attack,,2500000.0,-32.27074750611115,-12.701443248015568,1,0,0
ch3-lower-edge-narrow-pluto-5d4d-20260813T123729Z,ch3-lower-edge-narrow-pluto-5d4d-20260813T123729Z.json,2026-08-13,pluto-5d4d,3,lower,slow_attack,,2500000.0,-32.20864682863927,-12.276776897712235,0,0,0
ch3-lower-edge-narrow-pluto-5d4d-20260813T132554Z,ch3-lower-edge-narrow-pluto-5d4d-20260813T132554Z.json,2026-08-13,pluto-5d4d,3,lower,manual,50.0,2500000.0,-52.86985780371546,-29.478518918269366,2,0,0
ch3-lower-edge-narrow-pluto-5d4d-20260813T133344Z,ch3-lower-edge-narrow-pluto-5d4d-20260813T133344Z.json,2026-08-13,pluto-5d4d,3,lower,slow_attack,,2500000.0,-32.17298670144995,-12.612800105157106,4,0,0
ch3-lower-edge-narrow-pluto-5d4d-20260813T151117Z,ch3-lower-edge-narrow-pluto-5d4d-20260813T151117Z.json,2026-08-13,pluto-5d4d,3,lower,manual,50.0,2500000.0,-52.882975580698144,-29.086479657876385,4,0,0
ch3-lower-edge-narrow-pluto-5d4d-20260813T170558Z,ch3-lower-edge-narrow-pluto-5d4d-20260813T170558Z.json,2026-08-13,pluto-5d4d,3,lower,manual,50.0,2500000.0,-52.86473081751032,-29.762895212373905,4,0,0
ch3-lower-edge-narrow-pluto-5d4d-20260813T172612Z,ch3-lower-edge-narrow-pluto-5d4d-20260813T172612Z.json,2026-08-13,pluto-5d4d,3,lower,manual,50.0,2500000.0,-52.82777077950218,-29.90004348403655,1,0,0
ch3-lower-edge-narrow-pluto-5d4d-20260813T174146Z,ch3-lower-edge-narrow-pluto-5d4d-20260813T174146Z.json,2026-08-13,pluto-5d4d,3,lower,manual,50.0,2500000.0,-52.83916270682572,-30.17456082422571,1,0,0
ch3-lower-edge-narrow-pluto-5d4d-20260813T180235Z,ch3-lower-edge-narrow-pluto-5d4d-20260813T180235Z.json,2026-08-13,pluto-5d4d,3,lower,slow_attack,,2500000.0,-32.34900390452714,-12.640630030235059,3,0,0
ch3-lower-edge-narrow-pluto-5d4d-20260813T183027Z,ch3-lower-edge-narrow-pluto-5d4d-20260813T183027Z.json,2026-08-13,pluto-5d4d,3,lower,slow_attack,,2500000.0,-32.40546462550232,-12.508056318764995,5,0,0
ch3-lower-edge-narrow-pluto-5d4d-20260813T190256Z,ch3-lower-edge-narrow-pluto-5d4d-20260813T190256Z.json,2026-08-13,pluto-5d4d,3,lower,slow_attack,,2500000.0,-12.45362801884314,-12.36699831526402,4,0,0
ch3-lower-edge-narrow-pluto-5d4d-20260813T191450Z,ch3-lower-edge-narrow-pluto-5d4d-20260813T191450Z.json,2026-08-13,pluto-5d4d,3,lower,slow_attack,,2500000.0,-12.65456095051892,-12.516632380807838,4,1,0
ch3-lower-edge-narrow-pluto-5d4d-20260813T200131Z,ch3-lower-edge-narrow-pluto-5d4d-20260813T200131Z.json,2026-08-13,pluto-5d4d,3,lower,manual,50.0,2500000.0,-27.27280779317381,-30.29852896775473,1,0,0
ch3-lower-edge-narrow-pluto-5d4d-20260813T204125Z,ch3-lower-edge-narrow-pluto-5d4d-20260813T204125Z.json,2026-08-13,pluto-5d4d,3,lower,manual,50.0,2500000.0,-27.353273572106733,-30.364041028301706,2,0,0
ch3-lower-edge-narrow-pluto-5d4d-20260813T204515Z,ch3-lower-edge-narrow-pluto-5d4d-20260813T204515Z.json,2026-08-13,pluto-5d4d,3,lower,slow_attack,,2500000.0,-12.673334907120086,-12.564578723411888,1,0,0
ch3-lower-edge-narrow-pluto-5d4d-20260813T210226Z,ch3-lower-edge-narrow-pluto-5d4d-20260813T210226Z.json,2026-08-13,pluto-5d4d,3,lower,slow_attack,,2500000.0,-12.756435905963638,-12.732182871792542,2,2,1
ch3-lower-edge-narrow-pluto-5d4d-20260813T211758Z,ch3-lower-edge-narrow-pluto-5d4d-20260813T211758Z.json,2026-08-13,pluto-5d4d,3,lower,slow_attack,,2500000.0,-12.755040779347455,-12.708770249781772,2,0,0
ch3-lower-edge-narrow-pluto-5d4d-20260813T214552Z,ch3-lower-edge-narrow-pluto-5d4d-20260813T214552Z.json,2026-08-13,pluto-5d4d,3,lower,slow_attack,,2500000.0,-12.420310945950224,-12.296496479253891,0,0,0
ch3-lower-edge-narrow-pluto-5d4d-20260813T225936Z,ch3-lower-edge-narrow-pluto-5d4d-20260813T225936Z.json,2026-08-13,pluto-5d4d,3,lower,manual,50.0,2500000.0,-27.02251179365982,-30.149051352489032,4,0,0
ch3-upper-edge-narrow-20260805T153240Z,ch3-upper-edge-narrow-20260805T153240Z.json,2026-08-10,pluto://ip:192.168.2.1,3,upper,manual,50.0,2500000.0,,,4,4,3
ch3-upper-edge-narrow-pluto-19f2-20260811T051055Z,ch3-upper-edge-narrow-pluto-19f2-20260811T051055Z.json,2026-08-11,pluto-19f2,3,upper,slow_attack,,2500000.0,-12.398816259826464,-12.379246462845519,2,0,0
ch3-upper-edge-narrow-pluto-19f2-20260811T061538Z,ch3-upper-edge-narrow-pluto-19f2-20260811T061538Z.json,2026-08-11,pluto-19f2,3,upper,slow_attack,,2500000.0,-12.27856847097193,-12.430868022275776,3,1,0
ch3-upper-edge-narrow-pluto-19f2-20260811T062159Z,ch3-upper-edge-narrow-pluto-19f2-20260811T062159Z.json,2026-08-11,pluto-19f2,3,upper,slow_attack,,2500000.0,-12.560454808411034,-12.619638273806776,1,0,0
ch3-upper-edge-narrow-pluto-19f2-20260811T062405Z,ch3-upper-edge-narrow-pluto-19f2-20260811T062405Z.json,2026-08-11,pluto-19f2,3,upper,manual,50.0,2500000.0,-9.329722787334582,-9.537902873231918,2,0,0
ch3-upper-edge-narrow-pluto-19f2-20260811T063844Z,ch3-upper-edge-narrow-pluto-19f2-20260811T063844Z.json,2026-08-11,pluto-19f2,3,upper,slow_attack,,2500000.0,-12.405896624792206,-12.44945993046832,4,0,0
ch3-upper-edge-narrow-pluto-19f2-20260811T065326Z,ch3-upper-edge-narrow-pluto-19f2-20260811T065326Z.json,2026-08-11,pluto-19f2,3,upper,manual,50.0,2500000.0,-9.567543916346494,-9.802165500858312,0,0,0
ch3-upper-edge-narrow-pluto-19f2-20260811T065532Z,ch3-upper-edge-narrow-pluto-19f2-20260811T065532Z.json,2026-08-11,pluto-19f2,3,upper,slow_attack,,2500000.0,-12.494282173864477,-12.522270561211052,1,0,0
ch3-upper-edge-narrow-pluto-19f2-20260811T071216Z,ch3-upper-edge-narrow-pluto-19f2-20260811T071216Z.json,2026-08-11,pluto-19f2,3,upper,manual,50.0,2500000.0,-9.444133514436848,-9.623484716514204,1,0,0
ch3-upper-edge-narrow-pluto-19f2-20260811T071626Z,ch3-upper-edge-narrow-pluto-19f2-20260811T071626Z.json,2026-08-11,pluto-19f2,3,upper,manual,50.0,2500000.0,-9.379908090371503,-9.54361468736922,3,0,0
ch3-upper-edge-narrow-pluto-19f2-20260811T072448Z,ch3-upper-edge-narrow-pluto-19f2-20260811T072448Z.json,2026-08-11,pluto-19f2,3,upper,manual,50.0,2500000.0,-9.563424750604833,-9.78722028767434,0,0,0
ch3-upper-edge-narrow-pluto-19f2-20260811T072653Z,ch3-upper-edge-narrow-pluto-19f2-20260811T072653Z.json,2026-08-11,pluto-19f2,3,upper,slow_attack,,2500000.0,-12.475118685445414,-12.517201445468375,1,0,0
ch3-upper-edge-narrow-pluto-19f2-20260811T075403Z,ch3-upper-edge-narrow-pluto-19f2-20260811T075403Z.json,2026-08-11,pluto-19f2,3,upper,slow_attack,,2500000.0,-12.537403680210453,-12.531896636696324,1,0,0
ch3-upper-edge-narrow-pluto-19f2-20260811T082942Z,ch3-upper-edge-narrow-pluto-19f2-20260811T082942Z.json,2026-08-11,pluto-19f2,3,upper,manual,50.0,2500000.0,-9.727229042271976,-9.9401773399956,0,0,0
ch3-upper-edge-narrow-pluto-19f2-20260811T085249Z,ch3-upper-edge-narrow-pluto-19f2-20260811T085249Z.json,2026-08-11,pluto-19f2,3,upper,manual,50.0,2500000.0,-9.508270442060383,-9.714834824129525,0,0,0
ch3-upper-edge-narrow-pluto-19f2-20260811T092825Z,ch3-upper-edge-narrow-pluto-19f2-20260811T092825Z.json,2026-08-11,pluto-19f2,3,upper,manual,50.0,2500000.0,-9.450472973213984,-9.702015120394838,2,0,0
ch3-upper-edge-narrow-pluto-19f2-20260811T093852Z,ch3-upper-edge-narrow-pluto-19f2-20260811T093852Z.json,2026-08-11,pluto-19f2,3,upper,slow_attack,,2500000.0,-12.282666218640701,-12.252703443116523,0,0,0
ch3-upper-edge-narrow-pluto-19f2-20260811T094303Z,ch3-upper-edge-narrow-pluto-19f2-20260811T094303Z.json,2026-08-11,pluto-19f2,3,upper,manual,50.0,2500000.0,-9.702482950947003,-9.944597199052774,0,0,0
ch3-upper-edge-narrow-pluto-19f2-20260811T095537Z,ch3-upper-edge-narrow-pluto-19f2-20260811T095537Z.json,2026-08-11,pluto-19f2,3,upper,slow_attack,,2500000.0,-12.613366933287633,-12.60829719252975,2,0,0
ch3-upper-edge-narrow-pluto-19f2-20260811T095953Z,ch3-upper-edge-narrow-pluto-19f2-20260811T095953Z.json,2026-08-11,pluto-19f2,3,upper,manual,50.0,2500000.0,-9.397126613579875,-9.610943950736353,2,0,0
ch3-upper-edge-narrow-pluto-19f2-20260811T101836Z,ch3-upper-edge-narrow-pluto-19f2-20260811T101836Z.json,2026-08-11,pluto-19f2,3,upper,slow_attack,,2500000.0,-12.488609020914172,-12.453177310362433,1,0,0
ch3-upper-edge-narrow-pluto-19f2-20260811T103111Z,ch3-upper-edge-narrow-pluto-19f2-20260811T103111Z.json,2026-08-11,pluto-19f2,3,upper,manual,50.0,2500000.0,-9.662049004986153,-9.852810888122562,0,0,0
ch3-upper-edge-narrow-pluto-19f2-20260811T110021Z,ch3-upper-edge-narrow-pluto-19f2-20260811T110021Z.json,2026-08-11,pluto-19f2,3,upper,manual,50.0,2500000.0,-9.401807039017712,-9.62993892510747,3,0,0
ch3-upper-edge-narrow-pluto-19f2-20260811T111501Z,ch3-upper-edge-narrow-pluto-19f2-20260811T111501Z.json,2026-08-11,pluto-19f2,3,upper,slow_attack,,2500000.0,-12.285483811638919,-12.34175902997002,4,1,0
ch3-upper-edge-narrow-pluto-19f2-20260811T112119Z,ch3-upper-edge-narrow-pluto-19f2-20260811T112119Z.json,2026-08-11,pluto-19f2,3,upper,slow_attack,,2500000.0,-12.38328488182865,-12.574276429552977,3,1,0
ch3-upper-edge-narrow-pluto-19f2-20260811T112735Z,ch3-upper-edge-narrow-pluto-19f2-20260811T112735Z.json,2026-08-11,pluto-19f2,3,upper,slow_attack,,2500000.0,-12.328537956406947,-12.247184213115737,2,1,0
ch3-upper-edge-narrow-pluto-19f2-20260811T115243Z,ch3-upper-edge-narrow-pluto-19f2-20260811T115243Z.json,2026-08-11,pluto-19f2,3,upper,slow_attack,,2500000.0,-12.626592839687182,-12.64985392134361,3,0,0
ch3-upper-edge-narrow-pluto-19f2-20260811T120315Z,ch3-upper-edge-narrow-pluto-19f2-20260811T120315Z.json,2026-08-11,pluto-19f2,3,upper,slow_attack,,2500000.0,-12.40730949958557,-12.515209706578608,3,0,0
ch3-upper-edge-narrow-pluto-19f2-20260811T123023Z,ch3-upper-edge-narrow-pluto-19f2-20260811T123023Z.json,2026-08-11,pluto-19f2,3,upper,slow_attack,,2500000.0,-12.2917844312623,-11.75034072931346,0,0,0
ch3-upper-edge-narrow-pluto-19f2-20260811T123434Z,ch3-upper-edge-narrow-pluto-19f2-20260811T123434Z.json,2026-08-11,pluto-19f2,3,upper,slow_attack,,2500000.0,-12.04124262052969,-12.063117790790471,2,0,0
ch3-upper-edge-narrow-pluto-19f2-20260811T124913Z,ch3-upper-edge-narrow-pluto-19f2-20260811T124913Z.json,2026-08-11,pluto-19f2,3,upper,manual,50.0,2500000.0,-9.457081972477175,-9.672391246898243,2,0,0
ch3-upper-edge-narrow-pluto-19f2-20260811T125322Z,ch3-upper-edge-narrow-pluto-19f2-20260811T125322Z.json,2026-08-11,pluto-19f2,3,upper,manual,50.0,2500000.0,-9.438997310255468,-9.645972930848764,2,0,0
ch3-upper-edge-narrow-pluto-19f2-20260811T130147Z,ch3-upper-edge-narrow-pluto-19f2-20260811T130147Z.json,2026-08-11,pluto-19f2,3,upper,slow_attack,,2500000.0,-12.40082576903019,-12.402667441922596,1,0,0
ch3-upper-edge-narrow-pluto-19f2-20260811T131009Z,ch3-upper-edge-narrow-pluto-19f2-20260811T131009Z.json,2026-08-11,pluto-19f2,3,upper,slow_attack,,2500000.0,-12.51482939803417,-12.489968808958734,1,0,0
ch3-upper-edge-narrow-pluto-19f2-20260811T131624Z,ch3-upper-edge-narrow-pluto-19f2-20260811T131624Z.json,2026-08-11,pluto-19f2,3,upper,slow_attack,,2500000.0,-12.471436933875868,-12.043917797955473,1,0,0
ch3-upper-edge-narrow-pluto-19f2-20260811T133359Z,ch3-upper-edge-narrow-pluto-19f2-20260811T133359Z.json,2026-08-11,pluto-19f2,3,upper,slow_attack,,2500000.0,-12.612168765947828,-12.63587178064891,0,0,0
ch3-upper-edge-narrow-pluto-19f2-20260811T134428Z,ch3-upper-edge-narrow-pluto-19f2-20260811T134428Z.json,2026-08-11,pluto-19f2,3,upper,slow_attack,,2500000.0,-12.409280741035136,-12.404542102738844,1,0,0
ch3-upper-edge-narrow-pluto-19f2-20260811T135042Z,ch3-upper-edge-narrow-pluto-19f2-20260811T135042Z.json,2026-08-11,pluto-19f2,3,upper,manual,50.0,2500000.0,-9.267541965057898,-9.454484904983698,2,0,0
ch3-upper-edge-narrow-pluto-19f2-20260811T141340Z,ch3-upper-edge-narrow-pluto-19f2-20260811T141340Z.json,2026-08-11,pluto-19f2,3,upper,slow_attack,,2500000.0,-12.20296630901858,-12.092862826769757,2,0,0
ch3-upper-edge-narrow-pluto-19f2-20260811T143842Z,ch3-upper-edge-narrow-pluto-19f2-20260811T143842Z.json,2026-08-11,pluto-19f2,3,upper,slow_attack,,2500000.0,-12.308169860570883,-12.249619823891083,5,0,0
ch3-upper-edge-narrow-pluto-19f2-20260811T144257Z,ch3-upper-edge-narrow-pluto-19f2-20260811T144257Z.json,2026-08-11,pluto-19f2,3,upper,slow_attack,,2500000.0,-12.500549029473774,-12.435662555105635,4,0,0
ch3-upper-edge-narrow-pluto-19f2-20260811T145337Z,ch3-upper-edge-narrow-pluto-19f2-20260811T145337Z.json,2026-08-11,pluto-19f2,3,upper,slow_attack,,2500000.0,-12.45651898040377,-12.492122341101519,1,0,0
ch3-upper-edge-narrow-pluto-19f2-20260811T150216Z,ch3-upper-edge-narrow-pluto-19f2-20260811T150216Z.json,2026-08-11,pluto-19f2,3,upper,slow_attack,,2500000.0,-12.228930980827613,-12.182493490689485,3,0,0
ch3-upper-edge-narrow-pluto-19f2-20260811T152526Z,ch3-upper-edge-narrow-pluto-19f2-20260811T152526Z.json,2026-08-11,pluto-19f2,3,upper,slow_attack,,2500000.0,-12.394154227693413,-12.564001618323939,2,0,0
ch3-upper-edge-narrow-pluto-19f2-20260811T152937Z,ch3-upper-edge-narrow-pluto-19f2-20260811T152937Z.json,2026-08-11,pluto-19f2,3,upper,manual,50.0,2500000.0,-9.249188673279665,-9.360187561532964,2,0,0
ch3-upper-edge-narrow-pluto-19f2-20260811T154423Z,ch3-upper-edge-narrow-pluto-19f2-20260811T154423Z.json,2026-08-11,pluto-19f2,3,upper,slow_attack,,2500000.0,-12.52821083107148,-12.49328480468725,3,0,0
ch3-upper-edge-narrow-pluto-19f2-20260811T162543Z,ch3-upper-edge-narrow-pluto-19f2-20260811T162543Z.json,2026-08-11,pluto-19f2,3,upper,slow_attack,,2500000.0,-12.583816905169705,-12.572563237673087,1,1,0
ch3-upper-edge-narrow-pluto-19f2-20260811T164014Z,ch3-upper-edge-narrow-pluto-19f2-20260811T164014Z.json,2026-08-11,pluto-19f2,3,upper,slow_attack,,2500000.0,-12.385870225814838,-12.466948785716161,3,1,0
ch3-upper-edge-narrow-pluto-19f2-20260811T164427Z,ch3-upper-edge-narrow-pluto-19f2-20260811T164427Z.json,2026-08-11,pluto-19f2,3,upper,manual,50.0,2500000.0,-9.645217997247059,-9.770550938059602,4,0,0
ch3-upper-edge-narrow-pluto-19f2-20260811T164631Z,ch3-upper-edge-narrow-pluto-19f2-20260811T164631Z.json,2026-08-11,pluto-19f2,3,upper,slow_attack,,2500000.0,-12.73222313819738,-12.724685231388351,4,0,0
ch3-upper-edge-narrow-pluto-19f2-20260811T172844Z,ch3-upper-edge-narrow-pluto-19f2-20260811T172844Z.json,2026-08-11,pluto-19f2,3,upper,slow_attack,,2500000.0,-12.56072850494366,-12.46268506259356,4,0,0
ch3-upper-edge-narrow-pluto-19f2-20260811T173309Z,ch3-upper-edge-narrow-pluto-19f2-20260811T173309Z.json,2026-08-11,pluto-19f2,3,upper,slow_attack,,2500000.0,-12.19857005307184,-12.3508125484918,0,0,0
ch3-upper-edge-narrow-pluto-19f2-20260811T174819Z,ch3-upper-edge-narrow-pluto-19f2-20260811T174819Z.json,2026-08-11,pluto-19f2,3,upper,manual,50.0,2500000.0,-9.108494124909853,-9.418442470554638,2,0,0
ch3-upper-edge-narrow-pluto-19f2-20260811T181358Z,ch3-upper-edge-narrow-pluto-19f2-20260811T181358Z.json,2026-08-11,pluto-19f2,3,upper,manual,50.0,2500000.0,-8.898221815956632,-9.170399358805465,5,0,0
ch3-upper-edge-narrow-pluto-19f2-20260811T191035Z,ch3-upper-edge-narrow-pluto-19f2-20260811T191035Z.json,2026-08-11,pluto-19f2,3,upper,manual,50.0,2500000.0,-9.22496899095682,-9.591823037238804,2,0,0
ch3-upper-edge-narrow-pluto-19f2-20260811T191238Z,ch3-upper-edge-narrow-pluto-19f2-20260811T191238Z.json,2026-08-11,pluto-19f2,3,upper,slow_attack,,2500000.0,-12.361769493234478,-12.573284427608284,0,0,0
ch3-upper-edge-narrow-pluto-19f2-20260811T220121Z,ch3-upper-edge-narrow-pluto-19f2-20260811T220121Z.json,2026-08-11,pluto-19f2,3,upper,slow_attack,,2500000.0,-12.801014041143588,-12.27147403485209,2,0,0
ch3-upper-edge-narrow-pluto-19f2-20260811T221239Z,ch3-upper-edge-narrow-pluto-19f2-20260811T221239Z.json,2026-08-11,pluto-19f2,3,upper,slow_attack,,2500000.0,-12.84427154387451,-12.19905107781907,3,0,0
ch3-upper-edge-narrow-pluto-19f2-20260811T225401Z,ch3-upper-edge-narrow-pluto-19f2-20260811T225401Z.json,2026-08-11,pluto-19f2,3,upper,slow_attack,,2500000.0,-12.612220974143645,-12.473766842249121,3,0,0
ch3-upper-edge-narrow-pluto-19f2-20260811T231633Z,ch3-upper-edge-narrow-pluto-19f2-20260811T231633Z.json,2026-08-11,pluto-19f2,3,upper,manual,50.0,2500000.0,-8.80211129924353,-9.005139549975986,2,0,0
ch3-upper-edge-narrow-pluto-19f2-20260811T232403Z,ch3-upper-edge-narrow-pluto-19f2-20260811T232403Z.json,2026-08-11,pluto-19f2,3,upper,manual,50.0,2500000.0,-8.914256796847846,-9.158590973266845,1,0,0
ch3-upper-edge-narrow-pluto-19f2-20260811T235807Z,ch3-upper-edge-narrow-pluto-19f2-20260811T235807Z.json,2026-08-12,pluto-19f2,3,upper,manual,50.0,2500000.0,-8.911215579876474,-9.130781427538373,2,0,0
ch3-upper-edge-narrow-pluto-19f2-20260812T000535Z,ch3-upper-edge-narrow-pluto-19f2-20260812T000535Z.json,2026-08-12,pluto-19f2,3,upper,manual,50.0,2500000.0,-8.935282384449268,-9.163359660148341,3,0,0
ch3-upper-edge-narrow-pluto-19f2-20260812T003929Z,ch3-upper-edge-narrow-pluto-19f2-20260812T003929Z.json,2026-08-12,pluto-19f2,3,upper,slow_attack,,2500000.0,-12.850840439588076,-12.914258557621274,2,0,0
ch3-upper-edge-narrow-pluto-19f2-20260812T005047Z,ch3-upper-edge-narrow-pluto-19f2-20260812T005047Z.json,2026-08-12,pluto-19f2,3,upper,slow_attack,,2500000.0,-12.580494474466914,-12.620734991652565,0,0,0
ch3-upper-edge-narrow-pluto-19f2-20260812T005817Z,ch3-upper-edge-narrow-pluto-19f2-20260812T005817Z.json,2026-08-12,pluto-19f2,3,upper,slow_attack,,2500000.0,-12.442106807253584,-12.118588441221261,0,0,0
ch3-upper-edge-narrow-pluto-19f2-20260812T010204Z,ch3-upper-edge-narrow-pluto-19f2-20260812T010204Z.json,2026-08-12,pluto-19f2,3,upper,slow_attack,,2500000.0,-12.681970666190894,-12.744477895912521,4,0,0
ch3-upper-edge-narrow-pluto-19f2-20260812T013607Z,ch3-upper-edge-narrow-pluto-19f2-20260812T013607Z.json,2026-08-12,pluto-19f2,3,upper,slow_attack,,2500000.0,-12.444900297736432,-12.495025003259437,3,0,0
ch3-upper-edge-narrow-pluto-19f2-20260812T020617Z,ch3-upper-edge-narrow-pluto-19f2-20260812T020617Z.json,2026-08-12,pluto-19f2,3,upper,slow_attack,,2500000.0,-12.753991491355501,-12.84912302805063,1,0,0
ch3-upper-edge-narrow-pluto-19f2-20260812T023234Z,ch3-upper-edge-narrow-pluto-19f2-20260812T023234Z.json,2026-08-12,pluto-19f2,3,upper,manual,50.0,2500000.0,-8.580879184828806,-8.831608665668814,2,0,0
ch3-upper-edge-narrow-pluto-19f2-20260812T024735Z,ch3-upper-edge-narrow-pluto-19f2-20260812T024735Z.json,2026-08-12,pluto-19f2,3,upper,slow_attack,,2500000.0,-12.509364793556097,-12.574225796452229,3,0,0
ch3-upper-edge-narrow-pluto-19f2-20260812T033621Z,ch3-upper-edge-narrow-pluto-19f2-20260812T033621Z.json,2026-08-12,pluto-19f2,3,upper,manual,50.0,2500000.0,-8.727083322140407,-9.046121434185393,0,0,0
ch3-upper-edge-narrow-pluto-19f2-20260812T040625Z,ch3-upper-edge-narrow-pluto-19f2-20260812T040625Z.json,2026-08-12,pluto-19f2,3,upper,manual,50.0,2500000.0,-8.622433747105166,-8.926029348290868,4,0,0
ch3-upper-edge-narrow-pluto-19f2-20260812T045128Z,ch3-upper-edge-narrow-pluto-19f2-20260812T045128Z.json,2026-08-12,pluto-19f2,3,upper,slow_attack,,2500000.0,-12.699462531724315,-12.788173413557118,1,0,0
ch3-upper-edge-narrow-pluto-19f2-20260812T050255Z,ch3-upper-edge-narrow-pluto-19f2-20260812T050255Z.json,2026-08-12,pluto-19f2,3,upper,manual,50.0,2500000.0,-8.67311246292423,-8.978708354611591,0,0,0
ch3-upper-edge-narrow-pluto-19f2-20260812T060331Z,ch3-upper-edge-narrow-pluto-19f2-20260812T060331Z.json,2026-08-12,pluto-19f2,3,upper,manual,50.0,2500000.0,-9.078744489211683,-9.372450093539962,0,0,0
ch3-upper-edge-narrow-pluto-19f2-20260812T064509Z,ch3-upper-edge-narrow-pluto-19f2-20260812T064509Z.json,2026-08-12,pluto-19f2,3,upper,manual,50.0,2500000.0,-9.246646612205623,-9.4958757542496,2,0,0
ch3-upper-edge-narrow-pluto-19f2-20260812T072258Z,ch3-upper-edge-narrow-pluto-19f2-20260812T072258Z.json,2026-08-12,pluto-19f2,3,upper,manual,50.0,2500000.0,-9.219168532950116,-9.486183314349507,4,0,0
ch3-upper-edge-narrow-pluto-19f2-20260812T085355Z,ch3-upper-edge-narrow-pluto-19f2-20260812T085355Z.json,2026-08-12,pluto-19f2,3,upper,slow_attack,,2500000.0,-12.363833055077386,-12.469883191154786,0,0,0
ch3-upper-edge-narrow-pluto-19f2-20260812T095820Z,ch3-upper-edge-narrow-pluto-19f2-20260812T095820Z.json,2026-08-12,pluto-19f2,3,upper,manual,50.0,2500000.0,-9.179872206431376,-9.430679347985155,1,0,0
ch3-upper-edge-narrow-pluto-19f2-20260812T105510Z,ch3-upper-edge-narrow-pluto-19f2-20260812T105510Z.json,2026-08-12,pluto-19f2,3,upper,slow_attack,,2500000.0,-12.434222985789354,-12.514059129055825,3,0,0
ch3-upper-edge-narrow-pluto-19f2-20260812T110630Z,ch3-upper-edge-narrow-pluto-19f2-20260812T110630Z.json,2026-08-12,pluto-19f2,3,upper,manual,50.0,2500000.0,-9.096279145843235,-9.336035465488955,1,0,0
ch3-upper-edge-narrow-pluto-19f2-20260812T113257Z,ch3-upper-edge-narrow-pluto-19f2-20260812T113257Z.json,2026-08-12,pluto-19f2,3,upper,manual,50.0,2500000.0,-9.131331881368032,-9.387150462543927,3,0,0
ch3-upper-edge-narrow-pluto-19f2-20260812T115153Z,ch3-upper-edge-narrow-pluto-19f2-20260812T115153Z.json,2026-08-12,pluto-19f2,3,upper,manual,50.0,2500000.0,-9.453882566052895,-9.722297127140799,0,0,0
ch3-upper-edge-narrow-pluto-19f2-20260812T121824Z,ch3-upper-edge-narrow-pluto-19f2-20260812T121824Z.json,2026-08-12,pluto-19f2,3,upper,slow_attack,,2500000.0,-12.31979108310023,-12.356420284002873,4,0,0
ch3-upper-edge-narrow-pluto-19f2-20260812T124108Z,ch3-upper-edge-narrow-pluto-19f2-20260812T124108Z.json,2026-08-12,pluto-19f2,3,upper,slow_attack,,2500000.0,-12.331015226759662,-12.4288878008484,2,0,0
ch3-upper-edge-narrow-pluto-19f2-20260812T130008Z,ch3-upper-edge-narrow-pluto-19f2-20260812T130008Z.json,2026-08-12,pluto-19f2,3,upper,slow_attack,,2500000.0,-12.414607966073714,-12.513337676555023,0,0,0
ch3-upper-edge-narrow-pluto-19f2-20260812T134539Z,ch3-upper-edge-narrow-pluto-19f2-20260812T134539Z.json,2026-08-12,pluto-19f2,3,upper,manual,50.0,2500000.0,-9.170826008825548,-9.418498366868244,4,0,0
ch3-upper-edge-narrow-pluto-19f2-20260812T145741Z,ch3-upper-edge-narrow-pluto-19f2-20260812T145741Z.json,2026-08-12,pluto-19f2,3,upper,slow_attack,,2500000.0,-12.450064256100825,-12.4875972889722,2,0,0
ch3-upper-edge-narrow-pluto-19f2-20260812T155432Z,ch3-upper-edge-narrow-pluto-19f2-20260812T155432Z.json,2026-08-12,pluto-19f2,3,upper,slow_attack,,2500000.0,-12.519760147542955,-12.586664598579748,1,0,0
ch3-upper-edge-narrow-pluto-19f2-20260812T160212Z,ch3-upper-edge-narrow-pluto-19f2-20260812T160212Z.json,2026-08-12,pluto-19f2,3,upper,manual,50.0,2500000.0,-9.438380401342663,-9.660480185228646,3,0,0
ch3-upper-edge-narrow-pluto-19f2-20260812T162502Z,ch3-upper-edge-narrow-pluto-19f2-20260812T162502Z.json,2026-08-12,pluto-19f2,3,upper,manual,50.0,2500000.0,-9.71274820149196,-9.913026539302223,4,0,0
ch3-upper-edge-narrow-pluto-19f2-20260812T162852Z,ch3-upper-edge-narrow-pluto-19f2-20260812T162852Z.json,2026-08-12,pluto-19f2,3,upper,slow_attack,,2500000.0,-12.561015130642625,-12.631900501261722,3,0,0
ch3-upper-edge-narrow-pluto-19f2-20260812T164022Z,ch3-upper-edge-narrow-pluto-19f2-20260812T164022Z.json,2026-08-12,pluto-19f2,3,upper,slow_attack,,2500000.0,-12.696083161221969,-12.65322815072863,3,0,0
ch3-upper-edge-narrow-pluto-19f2-20260812T165944Z,ch3-upper-edge-narrow-pluto-19f2-20260812T165944Z.json,2026-08-12,pluto-19f2,3,upper,manual,50.0,2500000.0,-9.972822060465901,-10.134475556596074,1,0,0
ch3-upper-edge-narrow-pluto-19f2-20260812T171117Z,ch3-upper-edge-narrow-pluto-19f2-20260812T171117Z.json,2026-08-12,pluto-19f2,3,upper,manual,50.0,2500000.0,-10.086651419657374,-10.18453039255482,2,0,0
ch3-upper-edge-narrow-pluto-19f2-20260812T175749Z,ch3-upper-edge-narrow-pluto-19f2-20260812T175749Z.json,2026-08-12,pluto-19f2,3,upper,slow_attack,,2500000.0,-12.435941546808634,-12.422792612931229,2,0,0
ch3-upper-edge-narrow-pluto-19f2-20260812T191509Z,ch3-upper-edge-narrow-pluto-19f2-20260812T191509Z.json,2026-08-12,pluto-19f2,3,upper,slow_attack,,2500000.0,-12.304436263053244,-12.396139390127106,4,0,0
ch3-upper-edge-narrow-pluto-19f2-20260812T192254Z,ch3-upper-edge-narrow-pluto-19f2-20260812T192254Z.json,2026-08-12,pluto-19f2,3,upper,slow_attack,,2500000.0,-12.619730313654859,-12.50264803991177,0,0,0
ch3-upper-edge-narrow-pluto-19f2-20260812T201747Z,ch3-upper-edge-narrow-pluto-19f2-20260812T201747Z.json,2026-08-12,pluto-19f2,3,upper,manual,50.0,2500000.0,-9.101322658744284,-9.010088314021791,2,0,0
ch3-upper-edge-narrow-pluto-19f2-20260812T202526Z,ch3-upper-edge-narrow-pluto-19f2-20260812T202526Z.json,2026-08-12,pluto-19f2,3,upper,manual,50.0,2500000.0,-9.302710149223392,-9.292756203120529,4,0,0
ch3-upper-edge-narrow-pluto-19f2-20260812T203304Z,ch3-upper-edge-narrow-pluto-19f2-20260812T203304Z.json,2026-08-12,pluto-19f2,3,upper,slow_attack,,2500000.0,-12.58378404010147,-12.438250582670081,0,0,0
ch3-upper-edge-narrow-pluto-19f2-20260812T204044Z,ch3-upper-edge-narrow-pluto-19f2-20260812T204044Z.json,2026-08-12,pluto-19f2,3,upper,slow_attack,,2500000.0,-12.44430058933178,-12.289893782350418,1,0,0
ch3-upper-edge-narrow-pluto-19f2-20260812T205226Z,ch3-upper-edge-narrow-pluto-19f2-20260812T205226Z.json,2026-08-12,pluto-19f2,3,upper,slow_attack,,2500000.0,-12.388225915361254,-12.237967425857729,1,0,0
ch3-upper-edge-narrow-pluto-19f2-20260812T211934Z,ch3-upper-edge-narrow-pluto-19f2-20260812T211934Z.json,2026-08-12,pluto-19f2,3,upper,manual,50.0,2500000.0,-9.36176752954736,-9.367511379814806,1,0,0
ch3-upper-edge-narrow-pluto-19f2-20260812T212719Z,ch3-upper-edge-narrow-pluto-19f2-20260812T212719Z.json,2026-08-12,pluto-19f2,3,upper,manual,50.0,2500000.0,-9.318576381653788,-9.31470729257086,2,0,0
ch3-upper-edge-narrow-pluto-19f2-20260812T213505Z,ch3-upper-edge-narrow-pluto-19f2-20260812T213505Z.json,2026-08-12,pluto-19f2,3,upper,slow_attack,,2500000.0,-12.431615810232623,-12.371430061559908,1,0,0
ch3-upper-edge-narrow-pluto-19f2-20260812T224431Z,ch3-upper-edge-narrow-pluto-19f2-20260812T224431Z.json,2026-08-12,pluto-19f2,3,upper,slow_attack,,2500000.0,-12.388660675023491,-12.472960113344886,4,0,0
ch3-upper-edge-narrow-pluto-19f2-20260812T225213Z,ch3-upper-edge-narrow-pluto-19f2-20260812T225213Z.json,2026-08-12,pluto-19f2,3,upper,slow_attack,,2500000.0,-12.385192962176333,-12.282826968638116,1,0,0
ch3-upper-edge-narrow-pluto-19f2-20260813T004325Z,ch3-upper-edge-narrow-pluto-19f2-20260813T004325Z.json,2026-08-13,pluto-19f2,3,upper,manual,50.0,2500000.0,-8.786991231866702,-8.746585790921813,4,0,0
ch3-upper-edge-narrow-pluto-19f2-20260813T005841Z,ch3-upper-edge-narrow-pluto-19f2-20260813T005841Z.json,2026-08-13,pluto-19f2,3,upper,slow_attack,,2500000.0,-12.259420347716983,-12.148738225154839,0,0,0
ch3-upper-edge-narrow-pluto-19f2-20260813T011010Z,ch3-upper-edge-narrow-pluto-19f2-20260813T011010Z.json,2026-08-13,pluto-19f2,3,upper,manual,50.0,2500000.0,-9.073173285314143,-9.140899365269568,0,0,0
ch3-upper-edge-narrow-pluto-19f2-20260813T012915Z,ch3-upper-edge-narrow-pluto-19f2-20260813T012915Z.json,2026-08-13,pluto-19f2,3,upper,slow_attack,,2500000.0,-13.118685149965115,-13.0210841476345,1,0,0
ch3-upper-edge-narrow-pluto-19f2-20260813T014043Z,ch3-upper-edge-narrow-pluto-19f2-20260813T014043Z.json,2026-08-13,pluto-19f2,3,upper,slow_attack,,2500000.0,-12.494662511780145,-12.394612259802289,1,0,0
ch3-upper-edge-narrow-pluto-19f2-20260813T025923Z,ch3-upper-edge-narrow-pluto-19f2-20260813T025923Z.json,2026-08-13,pluto-19f2,3,upper,slow_attack,,2500000.0,-12.095588971533697,-12.592004505599526,2,0,0
ch3-upper-edge-narrow-pluto-19f2-20260813T031135Z,ch3-upper-edge-narrow-pluto-19f2-20260813T031135Z.json,2026-08-13,pluto-19f2,3,upper,manual,50.0,2500000.0,-8.571410830827574,-8.626803481238744,4,0,0
ch3-upper-edge-narrow-pluto-19f2-20260813T033913Z,ch3-upper-edge-narrow-pluto-19f2-20260813T033913Z.json,2026-08-13,pluto-19f2,3,upper,slow_attack,,2500000.0,-12.883907884633778,-12.8245592087292,1,0,0
ch3-upper-edge-narrow-pluto-19f2-20260813T050253Z,ch3-upper-edge-narrow-pluto-19f2-20260813T050253Z.json,2026-08-13,pluto-19f2,3,upper,slow_attack,,2500000.0,-12.56060864100887,-12.251121873717668,2,0,0
ch3-upper-edge-narrow-pluto-19f2-20260813T052242Z,ch3-upper-edge-narrow-pluto-19f2-20260813T052242Z.json,2026-08-13,pluto-19f2,3,upper,slow_attack,,2500000.0,-12.888620290284987,-12.270153682132591,5,0,0
ch3-upper-edge-narrow-pluto-19f2-20260813T060536Z,ch3-upper-edge-narrow-pluto-19f2-20260813T060536Z.json,2026-08-13,pluto-19f2,3,upper,manual,50.0,2500000.0,-8.883357469291349,-11.878117144270666,3,0,0
ch3-upper-edge-narrow-pluto-19f2-20260813T062108Z,ch3-upper-edge-narrow-pluto-19f2-20260813T062108Z.json,2026-08-13,pluto-19f2,3,upper,slow_attack,,2500000.0,-12.8101154629739,-12.90546491703699,4,0,0
ch3-upper-edge-narrow-pluto-19f2-20260813T063253Z,ch3-upper-edge-narrow-pluto-19f2-20260813T063253Z.json,2026-08-13,pluto-19f2,3,upper,manual,50.0,2500000.0,-8.904084880060779,-11.92402375505361,2,0,0
ch3-upper-edge-narrow-pluto-19f2-20260813T064050Z,ch3-upper-edge-narrow-pluto-19f2-20260813T064050Z.json,2026-08-13,pluto-19f2,3,upper,slow_attack,,2500000.0,-12.769790723789026,-12.418914394001439,1,0,0
ch3-upper-edge-narrow-pluto-19f2-20260813T072753Z,ch3-upper-edge-narrow-pluto-19f2-20260813T072753Z.json,2026-08-13,pluto-19f2,3,upper,slow_attack,,2500000.0,-12.890040686974626,-12.406157269127164,1,0,0
ch3-upper-edge-narrow-pluto-19f2-20260813T075944Z,ch3-upper-edge-narrow-pluto-19f2-20260813T075944Z.json,2026-08-13,pluto-19f2,3,upper,manual,50.0,2500000.0,-8.756521796914935,-11.698780268697146,3,0,0
ch3-upper-edge-narrow-pluto-19f2-20260813T081941Z,ch3-upper-edge-narrow-pluto-19f2-20260813T081941Z.json,2026-08-13,pluto-19f2,3,upper,slow_attack,,2500000.0,-12.496966230002585,-12.561031324162963,2,0,0
ch3-upper-edge-narrow-pluto-19f2-20260813T083139Z,ch3-upper-edge-narrow-pluto-19f2-20260813T083139Z.json,2026-08-13,pluto-19f2,3,upper,manual,50.0,2500000.0,-8.868881325161958,-11.885816698709043,2,0,0
ch3-upper-edge-narrow-pluto-19f2-20260813T094217Z,ch3-upper-edge-narrow-pluto-19f2-20260813T094217Z.json,2026-08-13,pluto-19f2,3,upper,slow_attack,,2500000.0,-12.517172947307563,-12.275920610005201,2,0,0
ch3-upper-edge-narrow-pluto-19f2-20260813T094614Z,ch3-upper-edge-narrow-pluto-19f2-20260813T094614Z.json,2026-08-13,pluto-19f2,3,upper,manual,50.0,2500000.0,-8.791456892824328,-11.816778035297428,3,0,0
ch3-upper-edge-narrow-pluto-19f2-20260813T095803Z,ch3-upper-edge-narrow-pluto-19f2-20260813T095803Z.json,2026-08-13,pluto-19f2,3,upper,manual,50.0,2500000.0,-8.881036030156013,-11.878665762469929,1,0,0
ch3-upper-edge-narrow-pluto-19f2-20260813T100200Z,ch3-upper-edge-narrow-pluto-19f2-20260813T100200Z.json,2026-08-13,pluto-19f2,3,upper,slow_attack,,2500000.0,-12.795036677504301,-12.342245282446898,3,0,0
ch3-upper-edge-narrow-pluto-19f2-20260813T101352Z,ch3-upper-edge-narrow-pluto-19f2-20260813T101352Z.json,2026-08-13,pluto-19f2,3,upper,slow_attack,,2500000.0,-12.921023850293398,-12.481827331499426,3,0,0
ch3-upper-edge-narrow-pluto-19f2-20260813T110142Z,ch3-upper-edge-narrow-pluto-19f2-20260813T110142Z.json,2026-08-13,pluto-19f2,3,upper,manual,50.0,2500000.0,-8.876536544592856,-11.959880140217162,2,0,0
ch3-upper-edge-narrow-pluto-19f2-20260813T110930Z,ch3-upper-edge-narrow-pluto-19f2-20260813T110930Z.json,2026-08-13,pluto-19f2,3,upper,manual,50.0,2500000.0,-8.932039243815375,-12.00681974156925,3,0,0
ch3-upper-edge-narrow-pluto-19f2-20260813T113301Z,ch3-upper-edge-narrow-pluto-19f2-20260813T113301Z.json,2026-08-13,pluto-19f2,3,upper,slow_attack,,2500000.0,-12.583498509156426,-12.311166519781892,3,0,0
ch3-upper-edge-narrow-pluto-19f2-20260813T120437Z,ch3-upper-edge-narrow-pluto-19f2-20260813T120437Z.json,2026-08-13,pluto-19f2,3,upper,manual,50.0,2500000.0,-8.755935313455918,-11.87101150763975,1,0,0
ch3-upper-edge-narrow-pluto-19f2-20260813T122420Z,ch3-upper-edge-narrow-pluto-19f2-20260813T122420Z.json,2026-08-13,pluto-19f2,3,upper,manual,50.0,2500000.0,-8.590770448108431,-11.726633984191333,4,0,0
ch3-upper-edge-narrow-pluto-19f2-20260813T132800Z,ch3-upper-edge-narrow-pluto-19f2-20260813T132800Z.json,2026-08-13,pluto-19f2,3,upper,slow_attack,,2500000.0,-12.451095597136296,-12.356526460423137,4,0,0
ch3-upper-edge-narrow-pluto-19f2-20260813T140652Z,ch3-upper-edge-narrow-pluto-19f2-20260813T140652Z.json,2026-08-13,pluto-19f2,3,upper,slow_attack,,2500000.0,-12.450506665508492,-12.026900956392472,1,0,0
ch3-upper-edge-narrow-pluto-19f2-20260813T144951Z,ch3-upper-edge-narrow-pluto-19f2-20260813T144951Z.json,2026-08-13,pluto-19f2,3,upper,manual,50.0,2500000.0,-8.466106101444247,-11.464518948051591,6,0,0
ch3-upper-edge-narrow-pluto-19f2-20260813T145734Z,ch3-upper-edge-narrow-pluto-19f2-20260813T145734Z.json,2026-08-13,pluto-19f2,3,upper,slow_attack,,2500000.0,-12.398020319532957,-12.230653326146015,3,0,0
ch3-upper-edge-narrow-pluto-19f2-20260813T160052Z,ch3-upper-edge-narrow-pluto-19f2-20260813T160052Z.json,2026-08-13,pluto-19f2,3,upper,slow_attack,,2500000.0,-12.429490002352953,-12.502146197611575,5,0,0
ch3-upper-edge-narrow-pluto-19f2-20260813T160447Z,ch3-upper-edge-narrow-pluto-19f2-20260813T160447Z.json,2026-08-13,pluto-19f2,3,upper,manual,50.0,2500000.0,-8.361664327948708,-11.376550718393005,3,0,0
ch3-upper-edge-narrow-pluto-19f2-20260813T172001Z,ch3-upper-edge-narrow-pluto-19f2-20260813T172001Z.json,2026-08-13,pluto-19f2,3,upper,slow_attack,,2500000.0,-12.647033748264127,-12.104375103330607,2,0,0
ch3-upper-edge-narrow-pluto-19f2-20260813T172355Z,ch3-upper-edge-narrow-pluto-19f2-20260813T172355Z.json,2026-08-13,pluto-19f2,3,upper,manual,50.0,2500000.0,-8.61481631277031,-11.722789034407546,1,0,0
ch3-upper-edge-narrow-pluto-19f2-20260813T175902Z,ch3-upper-edge-narrow-pluto-19f2-20260813T175902Z.json,2026-08-13,pluto-19f2,3,upper,slow_attack,,2500000.0,-13.020409144084457,-12.541926380151505,4,0,0
ch3-upper-edge-narrow-pluto-19f2-20260813T181437Z,ch3-upper-edge-narrow-pluto-19f2-20260813T181437Z.json,2026-08-13,pluto-19f2,3,upper,slow_attack,,2500000.0,-12.59219845436266,-12.306202019403614,6,0,0
ch3-upper-edge-narrow-pluto-19f2-20260813T211620Z,ch3-upper-edge-narrow-pluto-19f2-20260813T211620Z.json,2026-08-13,pluto-19f2,3,upper,slow_attack,,2500000.0,-12.596393877476096,-12.70300419664566,2,0,0
ch3-upper-edge-narrow-pluto-19f2-20260813T220311Z,ch3-upper-edge-narrow-pluto-19f2-20260813T220311Z.json,2026-08-13,pluto-19f2,3,upper,slow_attack,,2500000.0,-12.387953128380023,-12.573622020784667,3,0,0
ch3-upper-edge-narrow-pluto-19f2-20260813T224710Z,ch3-upper-edge-narrow-pluto-19f2-20260813T224710Z.json,2026-08-13,pluto-19f2,3,upper,slow_attack,,2500000.0,-12.804068841051135,-12.520163018903723,4,0,0
ch3-upper-edge-narrow-pluto-19f2-20260813T230250Z,ch3-upper-edge-narrow-pluto-19f2-20260813T230250Z.json,2026-08-13,pluto-19f2,3,upper,slow_attack,,2500000.0,-12.807239198360278,-12.666625758313003,4,0,0
ch3-upper-edge-narrow-pluto-19f2-20260813T231043Z,ch3-upper-edge-narrow-pluto-19f2-20260813T231043Z.json,2026-08-13,pluto-19f2,3,upper,slow_attack,,2500000.0,-12.52899554806537,-12.80795565816308,2,0,0
ch3-upper-edge-narrow-pluto-5d4d-20260811T054328Z,ch3-upper-edge-narrow-pluto-5d4d-20260811T054328Z.json,2026-08-11,pluto-5d4d,3,upper,manual,50.0,2500000.0,-26.81650058166188,-31.76834962141582,4,4,4
ch3-upper-edge-narrow-pluto-5d4d-20260811T060534Z,ch3-upper-edge-narrow-pluto-5d4d-20260811T060534Z.json,2026-08-11,pluto-5d4d,3,upper,slow_attack,,2500000.0,-12.445507062405976,-12.327721180750363,0,0,0
ch3-upper-edge-narrow-pluto-5d4d-20260811T061225Z,ch3-upper-edge-narrow-pluto-5d4d-20260811T061225Z.json,2026-08-11,pluto-5d4d,3,upper,manual,50.0,2500000.0,-27.20843779878486,-32.14139558624734,1,1,1
ch3-upper-edge-narrow-pluto-5d4d-20260811T063433Z,ch3-upper-edge-narrow-pluto-5d4d-20260811T063433Z.json,2026-08-11,pluto-5d4d,3,upper,manual,50.0,2500000.0,-27.358232810429833,-32.1933988744514,1,1,1
ch3-upper-edge-narrow-pluto-5d4d-20260811T064458Z,ch3-upper-edge-narrow-pluto-5d4d-20260811T064458Z.json,2026-08-11,pluto-5d4d,3,upper,slow_attack,,2500000.0,-12.411397729457343,-12.33870617891548,1,1,1
ch3-upper-edge-narrow-pluto-5d4d-20260811T065116Z,ch3-upper-edge-narrow-pluto-5d4d-20260811T065116Z.json,2026-08-11,pluto-5d4d,3,upper,manual,50.0,2500000.0,-27.088676364878644,-31.967706849359494,2,2,2
ch3-upper-edge-narrow-pluto-5d4d-20260811T065805Z,ch3-upper-edge-narrow-pluto-5d4d-20260811T065805Z.json,2026-08-11,pluto-5d4d,3,upper,manual,50.0,2500000.0,-27.325051554390264,-32.20124776685185,0,0,0
ch3-upper-edge-narrow-pluto-5d4d-20260811T070213Z,ch3-upper-edge-narrow-pluto-5d4d-20260811T070213Z.json,2026-08-11,pluto-5d4d,3,upper,slow_attack,,2500000.0,-12.63023859251054,-12.47186968341174,0,0,0
ch3-upper-edge-narrow-pluto-5d4d-20260811T074007Z,ch3-upper-edge-narrow-pluto-5d4d-20260811T074007Z.json,2026-08-11,pluto-5d4d,3,upper,slow_attack,,2500000.0,-12.592931649103944,-12.434170480612345,2,2,1
ch3-upper-edge-narrow-pluto-5d4d-20260811T083413Z,ch3-upper-edge-narrow-pluto-5d4d-20260811T083413Z.json,2026-08-11,pluto-5d4d,3,upper,manual,50.0,2500000.0,-27.200873959753395,-32.103684697243665,4,4,4
ch3-upper-edge-narrow-pluto-5d4d-20260811T083618Z,ch3-upper-edge-narrow-pluto-5d4d-20260811T083618Z.json,2026-08-11,pluto-5d4d,3,upper,manual,50.0,2500000.0,-27.184667006204638,-32.0933239872952,1,1,1
ch3-upper-edge-narrow-pluto-5d4d-20260811T091128Z,ch3-upper-edge-narrow-pluto-5d4d-20260811T091128Z.json,2026-08-11,pluto-5d4d,3,upper,manual,50.0,2500000.0,-27.359152361494836,-32.15968956315197,1,1,1
ch3-upper-edge-narrow-pluto-5d4d-20260811T091334Z,ch3-upper-edge-narrow-pluto-5d4d-20260811T091334Z.json,2026-08-11,pluto-5d4d,3,upper,slow_attack,,2500000.0,-12.402593227690183,-12.35739358931333,2,2,2
ch3-upper-edge-narrow-pluto-5d4d-20260811T091830Z,ch3-upper-edge-narrow-pluto-5d4d-20260811T091830Z.json,2026-08-11,pluto-5d4d,3,upper,manual,50.0,2500000.0,-27.366003465878368,-32.18918004320892,1,1,1
ch3-upper-edge-narrow-pluto-5d4d-20260811T092445Z,ch3-upper-edge-narrow-pluto-5d4d-20260811T092445Z.json,2026-08-11,pluto-5d4d,3,upper,slow_attack,,2500000.0,-12.786606954629338,-12.626535036765302,2,2,2
ch3-upper-edge-narrow-pluto-5d4d-20260811T092726Z,ch3-upper-edge-narrow-pluto-5d4d-20260811T092726Z.json,2026-08-11,pluto-5d4d,3,upper,slow_attack,,2500000.0,-12.439293960954794,-12.413547014588218,3,3,3
ch3-upper-edge-narrow-pluto-5d4d-20260811T094933Z,ch3-upper-edge-narrow-pluto-5d4d-20260811T094933Z.json,2026-08-11,pluto-5d4d,3,upper,slow_attack,,2500000.0,-12.66757603052672,-12.496159085986445,2,0,0
ch3-upper-edge-narrow-pluto-5d4d-20260811T095800Z,ch3-upper-edge-narrow-pluto-5d4d-20260811T095800Z.json,2026-08-11,pluto-5d4d,3,upper,slow_attack,,2500000.0,-12.388677815657978,-12.555552174166163,1,1,1
ch3-upper-edge-narrow-pluto-5d4d-20260811T100009Z,ch3-upper-edge-narrow-pluto-5d4d-20260811T100009Z.json,2026-08-11,pluto-5d4d,3,upper,slow_attack,,2500000.0,-12.533896776025568,-12.407106093637008,2,2,2
ch3-upper-edge-narrow-pluto-5d4d-20260811T101520Z,ch3-upper-edge-narrow-pluto-5d4d-20260811T101520Z.json,2026-08-11,pluto-5d4d,3,upper,manual,50.0,2500000.0,-26.973565322080475,-31.876215257081917,5,5,5
ch3-upper-edge-narrow-pluto-5d4d-20260811T104752Z,ch3-upper-edge-narrow-pluto-5d4d-20260811T104752Z.json,2026-08-11,pluto-5d4d,3,upper,manual,50.0,2500000.0,-27.259111119111967,-32.166316368943754,1,1,1
ch3-upper-edge-narrow-pluto-5d4d-20260811T112050Z,ch3-upper-edge-narrow-pluto-5d4d-20260811T112050Z.json,2026-08-11,pluto-5d4d,3,upper,slow_attack,,2500000.0,-12.356495070351487,-12.329599860230463,3,3,3
ch3-upper-edge-narrow-pluto-5d4d-20260811T113359Z,ch3-upper-edge-narrow-pluto-5d4d-20260811T113359Z.json,2026-08-11,pluto-5d4d,3,upper,slow_attack,,2500000.0,-12.805828115512405,-12.618598101244496,0,0,0
ch3-upper-edge-narrow-pluto-5d4d-20260811T114045Z,ch3-upper-edge-narrow-pluto-5d4d-20260811T114045Z.json,2026-08-11,pluto-5d4d,3,upper,manual,50.0,2500000.0,-27.620776652908994,-32.425255816307285,0,0,0
ch3-upper-edge-narrow-pluto-5d4d-20260811T124150Z,ch3-upper-edge-narrow-pluto-5d4d-20260811T124150Z.json,2026-08-11,pluto-5d4d,3,upper,manual,50.0,2500000.0,-27.510630977578366,-32.33618837502306,1,0,0
ch3-upper-edge-narrow-pluto-5d4d-20260811T124835Z,ch3-upper-edge-narrow-pluto-5d4d-20260811T124835Z.json,2026-08-11,pluto-5d4d,3,upper,manual,50.0,2500000.0,-27.2791778297675,-32.22389201725128,1,1,1
ch3-upper-edge-narrow-pluto-5d4d-20260811T125653Z,ch3-upper-edge-narrow-pluto-5d4d-20260811T125653Z.json,2026-08-11,pluto-5d4d,3,upper,manual,50.0,2500000.0,-27.14131205350438,-32.088835887359096,2,2,2
ch3-upper-edge-narrow-pluto-5d4d-20260811T125857Z,ch3-upper-edge-narrow-pluto-5d4d-20260811T125857Z.json,2026-08-11,pluto-5d4d,3,upper,slow_attack,,2500000.0,-12.213309233192886,-12.220709813850437,5,5,4
ch3-upper-edge-narrow-pluto-5d4d-20260811T131900Z,ch3-upper-edge-narrow-pluto-5d4d-20260811T131900Z.json,2026-08-11,pluto-5d4d,3,upper,manual,50.0,2500000.0,-27.044630505198807,-31.969072199851844,3,3,3
ch3-upper-edge-narrow-pluto-5d4d-20260811T133608Z,ch3-upper-edge-narrow-pluto-5d4d-20260811T133608Z.json,2026-08-11,pluto-5d4d,3,upper,slow_attack,,2500000.0,-12.607431372053073,-12.433522250248393,2,0,0
ch3-upper-edge-narrow-pluto-5d4d-20260811T134510Z,ch3-upper-edge-narrow-pluto-5d4d-20260811T134510Z.json,2026-08-11,pluto-5d4d,3,upper,manual,50.0,2500000.0,-27.19846508526929,-32.06400134015211,0,0,0
ch3-upper-edge-narrow-pluto-5d4d-20260811T134951Z,ch3-upper-edge-narrow-pluto-5d4d-20260811T134951Z.json,2026-08-11,pluto-5d4d,3,upper,slow_attack,,2500000.0,-12.447718478862777,-12.36122214309772,1,1,1
ch3-upper-edge-narrow-pluto-5d4d-20260811T141154Z,ch3-upper-edge-narrow-pluto-5d4d-20260811T141154Z.json,2026-08-11,pluto-5d4d,3,upper,manual,50.0,2500000.0,-27.32821671180068,-32.19671007400859,1,1,1
ch3-upper-edge-narrow-pluto-5d4d-20260811T142627Z,ch3-upper-edge-narrow-pluto-5d4d-20260811T142627Z.json,2026-08-11,pluto-5d4d,3,upper,manual,50.0,2500000.0,-27.29694142907203,-32.142257134628004,1,1,1
ch3-upper-edge-narrow-pluto-5d4d-20260811T143932Z,ch3-upper-edge-narrow-pluto-5d4d-20260811T143932Z.json,2026-08-11,pluto-5d4d,3,upper,manual,50.0,2500000.0,-27.27723704988158,-32.08765809056328,2,2,2
ch3-upper-edge-narrow-pluto-5d4d-20260811T145415Z,ch3-upper-edge-narrow-pluto-5d4d-20260811T145415Z.json,2026-08-11,pluto-5d4d,3,upper,slow_attack,,2500000.0,-12.540494457995397,-12.438274594112135,1,1,1
ch3-upper-edge-narrow-pluto-5d4d-20260811T145657Z,ch3-upper-edge-narrow-pluto-5d4d-20260811T145657Z.json,2026-08-11,pluto-5d4d,3,upper,slow_attack,,2500000.0,-12.478824398463109,-12.326122836697529,1,1,1
ch3-upper-edge-narrow-pluto-5d4d-20260811T153810Z,ch3-upper-edge-narrow-pluto-5d4d-20260811T153810Z.json,2026-08-11,pluto-5d4d,3,upper,slow_attack,,2500000.0,-12.388915456694463,-12.377807645875889,3,3,2
ch3-upper-edge-narrow-pluto-5d4d-20260811T154912Z,ch3-upper-edge-narrow-pluto-5d4d-20260811T154912Z.json,2026-08-11,pluto-5d4d,3,upper,manual,50.0,2500000.0,-27.486346837499426,-32.17963571420158,2,2,2
ch3-upper-edge-narrow-pluto-5d4d-20260811T155821Z,ch3-upper-edge-narrow-pluto-5d4d-20260811T155821Z.json,2026-08-11,pluto-5d4d,3,upper,manual,50.0,2500000.0,-27.7014099172831,-32.35649462309938,0,0,0
ch3-upper-edge-narrow-pluto-5d4d-20260811T161841Z,ch3-upper-edge-narrow-pluto-5d4d-20260811T161841Z.json,2026-08-11,pluto-5d4d,3,upper,manual,50.0,2500000.0,-27.647057732933842,-32.305118985296794,0,0,0
ch3-upper-edge-narrow-pluto-5d4d-20260811T164548Z,ch3-upper-edge-narrow-pluto-5d4d-20260811T164548Z.json,2026-08-11,pluto-5d4d,3,upper,manual,50.0,2500000.0,-27.638001812510815,-32.25148127810391,3,3,3
ch3-upper-edge-narrow-pluto-5d4d-20260811T164753Z,ch3-upper-edge-narrow-pluto-5d4d-20260811T164753Z.json,2026-08-11,pluto-5d4d,3,upper,manual,50.0,2500000.0,-27.759360763363542,-32.38697853185335,1,1,1
ch3-upper-edge-narrow-pluto-5d4d-20260811T165204Z,ch3-upper-edge-narrow-pluto-5d4d-20260811T165204Z.json,2026-08-11,pluto-5d4d,3,upper,manual,50.0,2500000.0,-27.509462096382077,-32.021749823688324,2,2,2
ch3-upper-edge-narrow-pluto-5d4d-20260811T170550Z,ch3-upper-edge-narrow-pluto-5d4d-20260811T170550Z.json,2026-08-11,pluto-5d4d,3,upper,slow_attack,,2500000.0,-12.26912226864612,-12.768905960285712,1,1,1
ch3-upper-edge-narrow-pluto-5d4d-20260811T171243Z,ch3-upper-edge-narrow-pluto-5d4d-20260811T171243Z.json,2026-08-11,pluto-5d4d,3,upper,manual,50.0,2500000.0,-27.501507285809865,-31.97973093794662,3,3,3
ch3-upper-edge-narrow-pluto-5d4d-20260811T172809Z,ch3-upper-edge-narrow-pluto-5d4d-20260811T172809Z.json,2026-08-11,pluto-5d4d,3,upper,manual,50.0,2500000.0,-27.296175784200216,-31.74567922800021,1,1,1
ch3-upper-edge-narrow-pluto-5d4d-20260811T175532Z,ch3-upper-edge-narrow-pluto-5d4d-20260811T175532Z.json,2026-08-11,pluto-5d4d,3,upper,slow_attack,,2500000.0,-12.83465604387974,-13.121667203617662,0,0,0
ch3-upper-edge-narrow-pluto-5d4d-20260811T175639Z,ch3-upper-edge-narrow-pluto-5d4d-20260811T175639Z.json,2026-08-11,pluto-5d4d,3,upper,slow_attack,,2500000.0,-12.822622857652394,-13.120882754633891,0,0,0
ch3-upper-edge-narrow-pluto-5d4d-20260811T181011Z,ch3-upper-edge-narrow-pluto-5d4d-20260811T181011Z.json,2026-08-11,pluto-5d4d,3,upper,manual,50.0,2500000.0,-27.4732712701474,-31.907480309780453,0,0,0
ch3-upper-edge-narrow-pluto-5d4d-20260811T183012Z,ch3-upper-edge-narrow-pluto-5d4d-20260811T183012Z.json,2026-08-11,pluto-5d4d,3,upper,manual,50.0,2500000.0,-27.41685138069269,-31.72533108995119,4,4,3
ch3-upper-edge-narrow-pluto-5d4d-20260811T190039Z,ch3-upper-edge-narrow-pluto-5d4d-20260811T190039Z.json,2026-08-11,pluto-5d4d,3,upper,manual,50.0,2500000.0,-27.904456822608847,-32.19432845845268,0,0,0
ch3-upper-edge-narrow-pluto-5d4d-20260811T194306Z,ch3-upper-edge-narrow-pluto-5d4d-20260811T194306Z.json,2026-08-11,pluto-5d4d,3,upper,slow_attack,,2500000.0,-12.447097553694595,-12.685908465572151,1,1,1
ch3-upper-edge-narrow-pluto-5d4d-20260811T200013Z,ch3-upper-edge-narrow-pluto-5d4d-20260811T200013Z.json,2026-08-11,pluto-5d4d,3,upper,slow_attack,,2500000.0,-12.709126037643717,-12.099408584493855,1,1,1
ch3-upper-edge-narrow-pluto-5d4d-20260811T202217Z,ch3-upper-edge-narrow-pluto-5d4d-20260811T202217Z.json,2026-08-11,pluto-5d4d,3,upper,slow_attack,,2500000.0,-12.485828084719031,-12.74771928362495,3,3,3
ch3-upper-edge-narrow-pluto-5d4d-20260811T203446Z,ch3-upper-edge-narrow-pluto-5d4d-20260811T203446Z.json,2026-08-11,pluto-5d4d,3,upper,manual,50.0,2500000.0,-27.386358351281626,-31.713497542639107,1,1,1
ch3-upper-edge-narrow-pluto-5d4d-20260811T203853Z,ch3-upper-edge-narrow-pluto-5d4d-20260811T203853Z.json,2026-08-11,pluto-5d4d,3,upper,slow_attack,,2500000.0,-12.296913740319733,-12.377721841386764,2,2,2
ch3-upper-edge-narrow-pluto-5d4d-20260811T205845Z,ch3-upper-edge-narrow-pluto-5d4d-20260811T205845Z.json,2026-08-11,pluto-5d4d,3,upper,slow_attack,,2500000.0,-12.558121661200666,-12.139431319746759,1,1,1
ch3-upper-edge-narrow-pluto-5d4d-20260811T211013Z,ch3-upper-edge-narrow-pluto-5d4d-20260811T211013Z.json,2026-08-11,pluto-5d4d,3,upper,slow_attack,,2500000.0,-12.527736585858904,-12.696163922104354,3,3,3
ch3-upper-edge-narrow-pluto-5d4d-20260811T212038Z,ch3-upper-edge-narrow-pluto-5d4d-20260811T212038Z.json,2026-08-11,pluto-5d4d,3,upper,manual,50.0,2500000.0,-27.224986651448827,-31.62866295193861,3,3,2
ch3-upper-edge-narrow-pluto-5d4d-20260811T215323Z,ch3-upper-edge-narrow-pluto-5d4d-20260811T215323Z.json,2026-08-11,pluto-5d4d,3,upper,manual,50.0,2500000.0,-26.945734591011234,-31.517838545856467,1,1,1
ch3-upper-edge-narrow-pluto-5d4d-20260811T220347Z,ch3-upper-edge-narrow-pluto-5d4d-20260811T220347Z.json,2026-08-11,pluto-5d4d,3,upper,manual,50.0,2500000.0,-27.34920134375519,-31.799830011498,0,0,0
ch3-upper-edge-narrow-pluto-5d4d-20260811T221849Z,ch3-upper-edge-narrow-pluto-5d4d-20260811T221849Z.json,2026-08-11,pluto-5d4d,3,upper,slow_attack,,2500000.0,-12.422060515164778,-12.777506648173006,1,1,1
ch3-upper-edge-narrow-pluto-5d4d-20260811T222753Z,ch3-upper-edge-narrow-pluto-5d4d-20260811T222753Z.json,2026-08-11,pluto-5d4d,3,upper,manual,50.0,2500000.0,-26.80002277683613,-31.2801798696998,4,4,3
ch3-upper-edge-narrow-pluto-5d4d-20260811T223433Z,ch3-upper-edge-narrow-pluto-5d4d-20260811T223433Z.json,2026-08-11,pluto-5d4d,3,upper,slow_attack,,2500000.0,-12.392418536043577,-12.28040983580521,4,4,4
ch3-upper-edge-narrow-pluto-5d4d-20260811T224458Z,ch3-upper-edge-narrow-pluto-5d4d-20260811T224458Z.json,2026-08-11,pluto-5d4d,3,upper,slow_attack,,2500000.0,-12.560945158221571,-12.451691357877996,1,1,1
ch3-upper-edge-narrow-pluto-5d4d-20260811T224704Z,ch3-upper-edge-narrow-pluto-5d4d-20260811T224704Z.json,2026-08-11,pluto-5d4d,3,upper,manual,50.0,2500000.0,-26.888964555293477,-31.402195016960135,1,1,1
ch3-upper-edge-narrow-pluto-5d4d-20260811T225319Z,ch3-upper-edge-narrow-pluto-5d4d-20260811T225319Z.json,2026-08-11,pluto-5d4d,3,upper,manual,50.0,2500000.0,-26.787787944932838,-31.36517396340625,2,2,2
ch3-upper-edge-narrow-pluto-5d4d-20260811T230242Z,ch3-upper-edge-narrow-pluto-5d4d-20260811T230242Z.json,2026-08-11,pluto-5d4d,3,upper,slow_attack,,2500000.0,-12.271468114442548,-11.96562583703039,2,2,2
ch3-upper-edge-narrow-pluto-5d4d-20260811T230721Z,ch3-upper-edge-narrow-pluto-5d4d-20260811T230721Z.json,2026-08-11,pluto-5d4d,3,upper,slow_attack,,2500000.0,-12.203818238430957,-13.18743654136038,0,0,0
ch3-upper-edge-narrow-pluto-5d4d-20260811T231038Z,ch3-upper-edge-narrow-pluto-5d4d-20260811T231038Z.json,2026-08-11,pluto-5d4d,3,upper,slow_attack,,2500000.0,-13.191275831774252,-12.691967716254183,0,0,0
ch3-upper-edge-narrow-pluto-5d4d-20260811T232548Z,ch3-upper-edge-narrow-pluto-5d4d-20260811T232548Z.json,2026-08-11,pluto-5d4d,3,upper,slow_attack,,2500000.0,-12.064364069749384,-12.574540294596044,1,1,1
ch3-upper-edge-narrow-pluto-5d4d-20260811T234934Z,ch3-upper-edge-narrow-pluto-5d4d-20260811T234934Z.json,2026-08-11,pluto-5d4d,3,upper,slow_attack,,2500000.0,-12.779584757608886,-12.400120309498393,1,1,1
ch3-upper-edge-narrow-pluto-5d4d-20260811T235427Z,ch3-upper-edge-narrow-pluto-5d4d-20260811T235427Z.json,2026-08-11,pluto-5d4d,3,upper,slow_attack,,2500000.0,-12.083658484971018,-12.551490801468649,2,2,1
ch3-upper-edge-narrow-pluto-5d4d-20260812T003338Z,ch3-upper-edge-narrow-pluto-5d4d-20260812T003338Z.json,2026-08-12,pluto-5d4d,3,upper,manual,50.0,2500000.0,-26.433280068061418,-31.218451321410843,3,3,3
ch3-upper-edge-narrow-pluto-5d4d-20260812T005943Z,ch3-upper-edge-narrow-pluto-5d4d-20260812T005943Z.json,2026-08-12,pluto-5d4d,3,upper,slow_attack,,2500000.0,-12.521113566372517,-12.565596628824133,1,1,1
ch3-upper-edge-narrow-pluto-5d4d-20260812T013036Z,ch3-upper-edge-narrow-pluto-5d4d-20260812T013036Z.json,2026-08-12,pluto-5d4d,3,upper,slow_attack,,2500000.0,-12.505319158929726,-12.293551141735923,3,3,3
ch3-upper-edge-narrow-pluto-5d4d-20260812T013243Z,ch3-upper-edge-narrow-pluto-5d4d-20260812T013243Z.json,2026-08-12,pluto-5d4d,3,upper,manual,50.0,2500000.0,-25.92363136642428,-30.726621112761986,3,3,3
ch3-upper-edge-narrow-pluto-5d4d-20260812T014101Z,ch3-upper-edge-narrow-pluto-5d4d-20260812T014101Z.json,2026-08-12,pluto-5d4d,3,upper,manual,50.0,2500000.0,-26.53635268678705,-31.329596520448497,0,0,0
ch3-upper-edge-narrow-pluto-5d4d-20260812T015607Z,ch3-upper-edge-narrow-pluto-5d4d-20260812T015607Z.json,2026-08-12,pluto-5d4d,3,upper,manual,50.0,2500000.0,-26.385475564553488,-31.22295059597252,0,0,0
ch3-upper-edge-narrow-pluto-5d4d-20260812T020917Z,ch3-upper-edge-narrow-pluto-5d4d-20260812T020917Z.json,2026-08-12,pluto-5d4d,3,upper,manual,50.0,2500000.0,-26.49072433187586,-31.32054218917887,0,0,0
ch3-upper-edge-narrow-pluto-5d4d-20260812T022418Z,ch3-upper-edge-narrow-pluto-5d4d-20260812T022418Z.json,2026-08-12,pluto-5d4d,3,upper,manual,50.0,2500000.0,-26.078176549159725,-30.98503248051728,1,1,1
ch3-upper-edge-narrow-pluto-5d4d-20260812T030318Z,ch3-upper-edge-narrow-pluto-5d4d-20260812T030318Z.json,2026-08-12,pluto-5d4d,3,upper,slow_attack,,2500000.0,-12.187326656234031,-12.760973702398271,2,2,2
ch3-upper-edge-narrow-pluto-5d4d-20260812T031902Z,ch3-upper-edge-narrow-pluto-5d4d-20260812T031902Z.json,2026-08-12,pluto-5d4d,3,upper,manual,50.0,2500000.0,-25.89155608033642,-30.877439213476492,1,1,1
ch3-upper-edge-narrow-pluto-5d4d-20260812T035728Z,ch3-upper-edge-narrow-pluto-5d4d-20260812T035728Z.json,2026-08-12,pluto-5d4d,3,upper,slow_attack,,2500000.0,-12.43012526970545,-12.45688588900813,1,1,1
ch3-upper-edge-narrow-pluto-5d4d-20260812T045827Z,ch3-upper-edge-narrow-pluto-5d4d-20260812T045827Z.json,2026-08-12,pluto-5d4d,3,upper,manual,50.0,2500000.0,-26.256928616560238,-31.173215050656896,1,1,1
ch3-upper-edge-narrow-pluto-5d4d-20260812T050442Z,ch3-upper-edge-narrow-pluto-5d4d-20260812T050442Z.json,2026-08-12,pluto-5d4d,3,upper,slow_attack,,2500000.0,-12.478985702486703,-12.312838752635379,0,0,0
ch3-upper-edge-narrow-pluto-5d4d-20260812T060529Z,ch3-upper-edge-narrow-pluto-5d4d-20260812T060529Z.json,2026-08-12,pluto-5d4d,3,upper,manual,50.0,2500000.0,-26.929648478799955,-31.812053509295488,1,1,1
ch3-upper-edge-narrow-pluto-5d4d-20260812T070430Z,ch3-upper-edge-narrow-pluto-5d4d-20260812T070430Z.json,2026-08-12,pluto-5d4d,3,upper,manual,50.0,2500000.0,-27.11174191750076,-31.955156016640277,4,4,3
ch3-upper-edge-narrow-pluto-5d4d-20260812T071205Z,ch3-upper-edge-narrow-pluto-5d4d-20260812T071205Z.json,2026-08-12,pluto-5d4d,3,upper,manual,50.0,2500000.0,-26.898898896576572,-31.780684527102913,7,7,4
ch3-upper-edge-narrow-pluto-5d4d-20260812T083843Z,ch3-upper-edge-narrow-pluto-5d4d-20260812T083843Z.json,2026-08-12,pluto-5d4d,3,upper,manual,50.0,2500000.0,-27.13033718778163,-31.950671897215635,4,4,4
ch3-upper-edge-narrow-pluto-5d4d-20260812T103242Z,ch3-upper-edge-narrow-pluto-5d4d-20260812T103242Z.json,2026-08-12,pluto-5d4d,3,upper,slow_attack,,2500000.0,-12.405624663353201,-12.319641747457881,4,4,3
ch3-upper-edge-narrow-pluto-5d4d-20260812T113537Z,ch3-upper-edge-narrow-pluto-5d4d-20260812T113537Z.json,2026-08-12,pluto-5d4d,3,upper,manual,50.0,2500000.0,-27.31891372878206,-32.11869977489658,2,0,0
ch3-upper-edge-narrow-pluto-5d4d-20260812T115043Z,ch3-upper-edge-narrow-pluto-5d4d-20260812T115043Z.json,2026-08-12,pluto-5d4d,3,upper,slow_attack,,2500000.0,-12.629293964098263,-12.472372831108984,3,3,2
ch3-upper-edge-narrow-pluto-5d4d-20260812T123355Z,ch3-upper-edge-narrow-pluto-5d4d-20260812T123355Z.json,2026-08-12,pluto-5d4d,3,upper,slow_attack,,2500000.0,-12.612414130633447,-12.421430706178926,1,1,1
ch3-upper-edge-narrow-pluto-5d4d-20260812T130849Z,ch3-upper-edge-narrow-pluto-5d4d-20260812T130849Z.json,2026-08-12,pluto-5d4d,3,upper,slow_attack,,2500000.0,-12.628982850039826,-12.413034688895017,1,1,1
ch3-upper-edge-narrow-pluto-5d4d-20260812T135200Z,ch3-upper-edge-narrow-pluto-5d4d-20260812T135200Z.json,2026-08-12,pluto-5d4d,3,upper,manual,50.0,2500000.0,-27.341730930495896,-32.11637858021725,2,2,2
ch3-upper-edge-narrow-pluto-5d4d-20260812T145847Z,ch3-upper-edge-narrow-pluto-5d4d-20260812T145847Z.json,2026-08-12,pluto-5d4d,3,upper,slow_attack,,2500000.0,-12.993654829341928,-12.641066453845262,1,1,1
ch3-upper-edge-narrow-pluto-5d4d-20260812T150235Z,ch3-upper-edge-narrow-pluto-5d4d-20260812T150235Z.json,2026-08-12,pluto-5d4d,3,upper,manual,50.0,2500000.0,-27.44703717242451,-32.10668422796751,2,2,2
ch3-upper-edge-narrow-pluto-5d4d-20260812T151355Z,ch3-upper-edge-narrow-pluto-5d4d-20260812T151355Z.json,2026-08-12,pluto-5d4d,3,upper,slow_attack,,2500000.0,-12.982497444341032,-12.647193109788649,1,1,1
ch3-upper-edge-narrow-pluto-5d4d-20260812T155324Z,ch3-upper-edge-narrow-pluto-5d4d-20260812T155324Z.json,2026-08-12,pluto-5d4d,3,upper,slow_attack,,2500000.0,-12.823531446542905,-12.641458795230648,2,2,2
ch3-upper-edge-narrow-pluto-5d4d-20260812T171334Z,ch3-upper-edge-narrow-pluto-5d4d-20260812T171334Z.json,2026-08-12,pluto-5d4d,3,upper,manual,50.0,2500000.0,-28.843972956909365,-32.944309176511204,2,2,2
ch3-upper-edge-narrow-pluto-5d4d-20260812T175732Z,ch3-upper-edge-narrow-pluto-5d4d-20260812T175732Z.json,2026-08-12,pluto-5d4d,3,upper,slow_attack,,2500000.0,-12.312750375926825,-12.737066181725094,1,0,0
ch3-upper-edge-narrow-pluto-5d4d-20260812T185726Z,ch3-upper-edge-narrow-pluto-5d4d-20260812T185726Z.json,2026-08-12,pluto-5d4d,3,upper,slow_attack,,2500000.0,-12.389058892827332,-12.305141233871105,1,1,0
ch3-upper-edge-narrow-pluto-5d4d-20260812T191253Z,ch3-upper-edge-narrow-pluto-5d4d-20260812T191253Z.json,2026-08-12,pluto-5d4d,3,upper,slow_attack,,2500000.0,-12.558314513930496,-12.43776150167599,3,3,3
ch3-upper-edge-narrow-pluto-5d4d-20260812T192513Z,ch3-upper-edge-narrow-pluto-5d4d-20260812T192513Z.json,2026-08-12,pluto-5d4d,3,upper,manual,50.0,2500000.0,-28.057074457397732,-32.16699178538339,2,1,1
ch3-upper-edge-narrow-pluto-5d4d-20260812T200937Z,ch3-upper-edge-narrow-pluto-5d4d-20260812T200937Z.json,2026-08-12,pluto-5d4d,3,upper,manual,50.0,2500000.0,-27.40375577354559,-31.744809757193742,2,2,2
ch3-upper-edge-narrow-pluto-5d4d-20260812T204929Z,ch3-upper-edge-narrow-pluto-5d4d-20260812T204929Z.json,2026-08-12,pluto-5d4d,3,upper,slow_attack,,2500000.0,-12.682092159958987,-12.915787832514528,2,2,1
ch3-upper-edge-narrow-pluto-5d4d-20260812T205327Z,ch3-upper-edge-narrow-pluto-5d4d-20260812T205327Z.json,2026-08-12,pluto-5d4d,3,upper,slow_attack,,2500000.0,-12.631188412286496,-12.10485453192629,2,2,2
ch3-upper-edge-narrow-pluto-5d4d-20260812T210507Z,ch3-upper-edge-narrow-pluto-5d4d-20260812T210507Z.json,2026-08-12,pluto-5d4d,3,upper,slow_attack,,2500000.0,-12.287690939262422,-12.416590492864959,1,1,1
ch3-upper-edge-narrow-pluto-5d4d-20260812T211258Z,ch3-upper-edge-narrow-pluto-5d4d-20260812T211258Z.json,2026-08-12,pluto-5d4d,3,upper,slow_attack,,2500000.0,-12.572209233491911,-12.810834264355337,1,1,1
ch3-upper-edge-narrow-pluto-5d4d-20260812T213655Z,ch3-upper-edge-narrow-pluto-5d4d-20260812T213655Z.json,2026-08-12,pluto-5d4d,3,upper,slow_attack,,2500000.0,-12.82729212387871,-13.047029234582968,1,1,1
ch3-upper-edge-narrow-pluto-5d4d-20260812T214919Z,ch3-upper-edge-narrow-pluto-5d4d-20260812T214919Z.json,2026-08-12,pluto-5d4d,3,upper,manual,50.0,2500000.0,-26.968146445412813,-31.348998051768454,7,7,7
ch3-upper-edge-narrow-pluto-5d4d-20260812T224930Z,ch3-upper-edge-narrow-pluto-5d4d-20260812T224930Z.json,2026-08-12,pluto-5d4d,3,upper,manual,50.0,2500000.0,-27.598720339333443,-31.910536912086954,1,1,1
ch3-upper-edge-narrow-pluto-5d4d-20260812T225321Z,ch3-upper-edge-narrow-pluto-5d4d-20260812T225321Z.json,2026-08-12,pluto-5d4d,3,upper,slow_attack,,2500000.0,-12.561407853170268,-12.54347558935402,4,4,3
ch3-upper-edge-narrow-pluto-5d4d-20260812T230102Z,ch3-upper-edge-narrow-pluto-5d4d-20260812T230102Z.json,2026-08-12,pluto-5d4d,3,upper,slow_attack,,2500000.0,-12.613843685386652,-12.384973018362633,0,0,0
ch3-upper-edge-narrow-pluto-5d4d-20260812T235143Z,ch3-upper-edge-narrow-pluto-5d4d-20260812T235143Z.json,2026-08-12,pluto-5d4d,3,upper,slow_attack,,2500000.0,-12.490830623560852,-12.687368519536033,0,0,0
ch3-upper-edge-narrow-pluto-5d4d-20260812T235557Z,ch3-upper-edge-narrow-pluto-5d4d-20260812T235557Z.json,2026-08-13,pluto-5d4d,3,upper,slow_attack,,2500000.0,-12.51047172706575,-12.559048573523992,2,2,2
ch3-upper-edge-narrow-pluto-5d4d-20260813T004832Z,ch3-upper-edge-narrow-pluto-5d4d-20260813T004832Z.json,2026-08-13,pluto-5d4d,3,upper,manual,50.0,2500000.0,-26.876057041422264,-31.456838806252584,1,1,1
ch3-upper-edge-narrow-pluto-5d4d-20260813T011215Z,ch3-upper-edge-narrow-pluto-5d4d-20260813T011215Z.json,2026-08-13,pluto-5d4d,3,upper,manual,50.0,2500000.0,-26.98812376432069,-31.577987610714835,0,0,0
ch3-upper-edge-narrow-pluto-5d4d-20260813T012343Z,ch3-upper-edge-narrow-pluto-5d4d-20260813T012343Z.json,2026-08-13,pluto-5d4d,3,upper,manual,50.0,2500000.0,-26.788818664558875,-31.412487899825553,2,2,2
ch3-upper-edge-narrow-pluto-5d4d-20260813T013120Z,ch3-upper-edge-narrow-pluto-5d4d-20260813T013120Z.json,2026-08-13,pluto-5d4d,3,upper,slow_attack,,2500000.0,-12.868969337508158,-12.666366627047301,1,1,1
ch3-upper-edge-narrow-pluto-5d4d-20260813T024011Z,ch3-upper-edge-narrow-pluto-5d4d-20260813T024011Z.json,2026-08-13,pluto-5d4d,3,upper,slow_attack,,2500000.0,-12.67924503767982,-12.385517264123006,1,1,1
ch3-upper-edge-narrow-pluto-5d4d-20260813T025258Z,ch3-upper-edge-narrow-pluto-5d4d-20260813T025258Z.json,2026-08-13,pluto-5d4d,3,upper,manual,50.0,2500000.0,-26.583474876634344,-31.334120591145886,1,1,1
ch3-upper-edge-narrow-pluto-5d4d-20260813T035834Z,ch3-upper-edge-narrow-pluto-5d4d-20260813T035834Z.json,2026-08-13,pluto-5d4d,3,upper,slow_attack,,2500000.0,-12.728446164540316,-12.452440971485142,2,2,2
ch3-upper-edge-narrow-pluto-5d4d-20260813T043046Z,ch3-upper-edge-narrow-pluto-5d4d-20260813T043046Z.json,2026-08-13,pluto-5d4d,3,upper,slow_attack,,2500000.0,-12.710809472173505,-12.458549332732836,2,2,2
ch3-upper-edge-narrow-pluto-5d4d-20260813T053250Z,ch3-upper-edge-narrow-pluto-5d4d-20260813T053250Z.json,2026-08-13,pluto-5d4d,3,upper,manual,50.0,2500000.0,-55.20724169890889,-31.062054965013676,3,0,0
ch3-upper-edge-narrow-pluto-5d4d-20260813T061239Z,ch3-upper-edge-narrow-pluto-5d4d-20260813T061239Z.json,2026-08-13,pluto-5d4d,3,upper,manual,50.0,2500000.0,-55.21805137734094,-31.212082391113043,2,0,0
ch3-upper-edge-narrow-pluto-5d4d-20260813T070957Z,ch3-upper-edge-narrow-pluto-5d4d-20260813T070957Z.json,2026-08-13,pluto-5d4d,3,upper,slow_attack,,2500000.0,-35.38864378199329,-12.380875554633246,2,0,0
ch3-upper-edge-narrow-pluto-5d4d-20260813T072935Z,ch3-upper-edge-narrow-pluto-5d4d-20260813T072935Z.json,2026-08-13,pluto-5d4d,3,upper,manual,50.0,2500000.0,-55.2398484519913,-31.231395545682453,2,0,0
ch3-upper-edge-narrow-pluto-5d4d-20260813T075447Z,ch3-upper-edge-narrow-pluto-5d4d-20260813T075447Z.json,2026-08-13,pluto-5d4d,3,upper,slow_attack,,2500000.0,-35.39457181059997,-12.453417163970101,2,0,0
ch3-upper-edge-narrow-pluto-5d4d-20260813T082744Z,ch3-upper-edge-narrow-pluto-5d4d-20260813T082744Z.json,2026-08-13,pluto-5d4d,3,upper,manual,50.0,2500000.0,-55.22359501644746,-31.395701095550148,1,0,0
ch3-upper-edge-narrow-pluto-5d4d-20260813T090445Z,ch3-upper-edge-narrow-pluto-5d4d-20260813T090445Z.json,2026-08-13,pluto-5d4d,3,upper,manual,50.0,2500000.0,-55.25147202917977,-31.289997761434147,1,0,0
ch3-upper-edge-narrow-pluto-5d4d-20260813T102934Z,ch3-upper-edge-narrow-pluto-5d4d-20260813T102934Z.json,2026-08-13,pluto-5d4d,3,upper,slow_attack,,2500000.0,-35.425856238653594,-12.557856415539066,2,0,0
ch3-upper-edge-narrow-pluto-5d4d-20260813T103740Z,ch3-upper-edge-narrow-pluto-5d4d-20260813T103740Z.json,2026-08-13,pluto-5d4d,3,upper,manual,50.0,2500000.0,-55.23172699606369,-31.401595375465487,3,0,0
ch3-upper-edge-narrow-pluto-5d4d-20260813T123328Z,ch3-upper-edge-narrow-pluto-5d4d-20260813T123328Z.json,2026-08-13,pluto-5d4d,3,upper,slow_attack,,2500000.0,-35.389032980191935,-12.55035072359718,3,0,0
ch3-upper-edge-narrow-pluto-5d4d-20260813T130630Z,ch3-upper-edge-narrow-pluto-5d4d-20260813T130630Z.json,2026-08-13,pluto-5d4d,3,upper,slow_attack,,2500000.0,-35.39482780272076,-12.421019727903367,1,0,0
ch3-upper-edge-narrow-pluto-5d4d-20260813T131420Z,ch3-upper-edge-narrow-pluto-5d4d-20260813T131420Z.json,2026-08-13,pluto-5d4d,3,upper,manual,50.0,2500000.0,-55.224189732220324,-31.019265832997547,3,0,0
ch3-upper-edge-narrow-pluto-5d4d-20260813T134132Z,ch3-upper-edge-narrow-pluto-5d4d-20260813T134132Z.json,2026-08-13,pluto-5d4d,3,upper,manual,50.0,2500000.0,-55.237961865595935,-31.09158548634877,3,0,0
ch3-upper-edge-narrow-pluto-5d4d-20260813T134659Z,ch3-upper-edge-narrow-pluto-5d4d-20260813T134659Z.json,2026-08-13,pluto-5d4d,3,upper,slow_attack,,2500000.0,-35.40160257892448,-12.396828758211658,1,0,0
ch3-upper-edge-narrow-pluto-5d4d-20260813T144704Z,ch3-upper-edge-narrow-pluto-5d4d-20260813T144704Z.json,2026-08-13,pluto-5d4d,3,upper,manual,50.0,2500000.0,-55.22964642151683,-31.26567304433317,2,0,0
ch3-upper-edge-narrow-pluto-5d4d-20260813T145103Z,ch3-upper-edge-narrow-pluto-5d4d-20260813T145103Z.json,2026-08-13,pluto-5d4d,3,upper,slow_attack,,2500000.0,-35.37353254977737,-12.41941648466537,5,0,0
ch3-upper-edge-narrow-pluto-5d4d-20260813T145848Z,ch3-upper-edge-narrow-pluto-5d4d-20260813T145848Z.json,2026-08-13,pluto-5d4d,3,upper,slow_attack,,2500000.0,-35.35004235613441,-12.30171037054175,4,0,0
ch3-upper-edge-narrow-pluto-5d4d-20260813T153111Z,ch3-upper-edge-narrow-pluto-5d4d-20260813T153111Z.json,2026-08-13,pluto-5d4d,3,upper,slow_attack,,2500000.0,-35.329968316641754,-12.384407655339572,4,0,0
ch3-upper-edge-narrow-pluto-5d4d-20260813T165410Z,ch3-upper-edge-narrow-pluto-5d4d-20260813T165410Z.json,2026-08-13,pluto-5d4d,3,upper,slow_attack,,2500000.0,-35.42724738060899,-12.701530737148072,1,0,0
ch3-upper-edge-narrow-pluto-5d4d-20260813T174537Z,ch3-upper-edge-narrow-pluto-5d4d-20260813T174537Z.json,2026-08-13,pluto-5d4d,3,upper,slow_attack,,2500000.0,-35.35621720763805,-12.164534111663077,1,0,0
ch3-upper-edge-narrow-pluto-5d4d-20260813T191054Z,ch3-upper-edge-narrow-pluto-5d4d-20260813T191054Z.json,2026-08-13,pluto-5d4d,3,upper,slow_attack,,2500000.0,-12.399223652944906,-12.447271418289843,4,0,0
ch3-upper-edge-narrow-pluto-5d4d-20260813T191846Z,ch3-upper-edge-narrow-pluto-5d4d-20260813T191846Z.json,2026-08-13,pluto-5d4d,3,upper,manual,50.0,2500000.0,-28.234164313093316,-31.901295897478352,4,0,0
ch3-upper-edge-narrow-pluto-5d4d-20260813T193037Z,ch3-upper-edge-narrow-pluto-5d4d-20260813T193037Z.json,2026-08-13,pluto-5d4d,3,upper,slow_attack,,2500000.0,-12.291572070327634,-12.496208099268165,3,0,0
ch3-upper-edge-narrow-pluto-5d4d-20260813T200526Z,ch3-upper-edge-narrow-pluto-5d4d-20260813T200526Z.json,2026-08-13,pluto-5d4d,3,upper,manual,50.0,2500000.0,-28.15097988386335,-31.943403225749336,2,0,0
ch3-upper-edge-narrow-pluto-5d4d-20260813T202939Z,ch3-upper-edge-narrow-pluto-5d4d-20260813T202939Z.json,2026-08-13,pluto-5d4d,3,upper,slow_attack,,2500000.0,-12.348596575601256,-12.383090604501067,4,0,0
ch3-upper-edge-narrow-pluto-5d4d-20260813T203729Z,ch3-upper-edge-narrow-pluto-5d4d-20260813T203729Z.json,2026-08-13,pluto-5d4d,3,upper,slow_attack,,2500000.0,-12.351866995357492,-12.287298424956425,5,0,0
ch3-upper-edge-narrow-pluto-5d4d-20260813T210621Z,ch3-upper-edge-narrow-pluto-5d4d-20260813T210621Z.json,2026-08-13,pluto-5d4d,3,upper,slow_attack,,2500000.0,-12.307297847256988,-12.5654481480708,3,0,0
ch3-upper-edge-narrow-pluto-5d4d-20260813T223431Z,ch3-upper-edge-narrow-pluto-5d4d-20260813T223431Z.json,2026-08-13,pluto-5d4d,3,upper,manual,50.0,2500000.0,-27.836567307114663,-31.769455541479573,2,0,0
ch3-upper-edge-narrow-pluto-5d4d-20260813T230335Z,ch3-upper-edge-narrow-pluto-5d4d-20260813T230335Z.json,2026-08-13,pluto-5d4d,3,upper,manual,50.0,2500000.0,-27.87579265261583,-31.82097089362464,1,0,0
ch3-upper-edge-narrow-pluto-5d4d-20260813T231131Z,ch3-upper-edge-narrow-pluto-5d4d-20260813T231131Z.json,2026-08-13,pluto-5d4d,3,upper,manual,50.0,2500000.0,-28.0135316387064,-31.942970616068813,3,0,0
ch4-lower-edge-narrow-20260805T154051Z,ch4-lower-edge-narrow-20260805T154051Z.json,2026-08-08,pluto://ip:192.168.2.1,4,lower,manual,50.0,2500000.0,,,1,1,1
ch4-lower-edge-narrow-20260805T162310Z,ch4-lower-edge-narrow-20260805T162310Z.json,2026-08-08,pluto://ip:192.168.2.1,4,lower,manual,50.0,2500000.0,,,1,1,1
ch4-lower-edge-narrow-20260805T170721Z,ch4-lower-edge-narrow-20260805T170721Z.json,2026-08-10,pluto://ip:192.168.2.1,4,lower,manual,50.0,2500000.0,,,3,3,2
ch4-lower-edge-narrow-20260805T171900Z,ch4-lower-edge-narrow-20260805T171900Z.json,2026-08-10,pluto://ip:192.168.2.1,4,lower,manual,50.0,2500000.0,,,1,1,1
ch4-lower-edge-narrow-20260805T174741Z,ch4-lower-edge-narrow-20260805T174741Z.json,2026-08-08,pluto://ip:192.168.2.1,4,lower,manual,50.0,2500000.0,,,1,1,1
ch4-lower-edge-narrow-20260805T174940Z,ch4-lower-edge-narrow-20260805T174940Z.json,2026-08-10,pluto://ip:192.168.2.1,4,lower,manual,50.0,2500000.0,,,5,5,4
ch4-lower-edge-narrow-20260805T204919Z,ch4-lower-edge-narrow-20260805T204919Z-dense15.json,2026-08-06,pluto://ip:192.168.2.1,4,lower,manual,50.0,2500000.0,,,2,2,1
ch4-lower-edge-narrow-20260805T235828Z,ch4-lower-edge-narrow-20260805T235828Z-dense15.json,2026-08-06,pluto://ip:192.168.2.1,4,lower,manual,50.0,2500000.0,,,4,4,3
ch4-lower-edge-narrow-20260806T005956Z,ch4-lower-edge-narrow-20260806T005956Z-dense15.json,2026-08-06,pluto://ip:192.168.2.1,4,lower,manual,50.0,2500000.0,-26.173986845589585,-30.96789683118029,4,4,4
ch4-lower-edge-narrow-20260806T033310Z,ch4-lower-edge-narrow-20260806T033310Z-dense15.json,2026-08-06,pluto://ip:192.168.2.1,4,lower,manual,50.0,2500000.0,-27.137283981088185,-32.046182128480766,4,4,1
ch4-lower-edge-narrow-20260806T035221Z,ch4-lower-edge-narrow-20260806T035221Z-dense15.json,2026-08-06,pluto://ip:192.168.2.1,4,lower,manual,50.0,2500000.0,-27.02666702749783,-31.930526921389685,2,2,1
ch4-lower-edge-narrow-20260806T041822Z,ch4-lower-edge-narrow-20260806T041822Z-dense15.json,2026-08-06,pluto://ip:192.168.2.1,4,lower,slow_attack,,2500000.0,-12.26104492883427,-12.493510323295308,3,3,2
ch4-lower-edge-narrow-20260806T050125Z,ch4-lower-edge-narrow-20260806T050125Z-learned.json,2026-08-06,pluto://ip:192.168.2.1,4,lower,manual,50.0,2500000.0,-26.959571208369425,-31.844578906909796,9,9,8
ch4-lower-edge-narrow-20260806T050125Z,ch4-lower-edge-narrow-20260806T050125Z.json,2026-08-08,pluto://ip:192.168.2.1,4,lower,manual,50.0,2500000.0,-26.959571208369425,-31.844578906909796,10,10,9
ch4-lower-edge-narrow-20260806T055241Z,ch4-lower-edge-narrow-20260806T055241Z-dense15.json,2026-08-06,pluto://ip:192.168.2.1,4,lower,manual,50.0,2500000.0,-26.51988659221207,-31.544669280749137,3,3,3
ch4-lower-edge-narrow-20260806T055241Z,ch4-lower-edge-narrow-20260806T055241Z.json,2026-08-08,pluto://ip:192.168.2.1,4,lower,manual,50.0,2500000.0,-26.51988659221207,-31.544669280749137,3,3,3
ch4-lower-edge-narrow-20260806T062407Z,ch4-lower-edge-narrow-20260806T062407Z.json,2026-08-06,pluto://ip:192.168.2.1,4,lower,manual,50.0,2500000.0,-27.442256236139873,-32.41408501926699,7,6,3
ch4-lower-edge-narrow-20260806T065230Z,ch4-lower-edge-narrow-20260806T065230Z.json,2026-08-08,pluto://ip:192.168.2.1,4,lower,slow_attack,,2500000.0,-12.181155148460018,-12.13169374637901,3,3,3
ch4-lower-edge-narrow-20260806T071004Z,ch4-lower-edge-narrow-20260806T071004Z.json,2026-08-06,pluto://ip:192.168.2.1,4,lower,manual,50.0,2500000.0,-27.811512726691575,-32.68961021698895,7,1,0
ch4-lower-edge-narrow-20260806T071658Z,ch4-lower-edge-narrow-20260806T071658Z.json,2026-08-06,pluto://ip:192.168.2.1,4,lower,manual,50.0,2500000.0,-27.663251051698012,-32.55833256998252,4,2,0
ch4-lower-edge-narrow-20260806T072933Z,ch4-lower-edge-narrow-20260806T072933Z.json,2026-08-06,pluto://ip:192.168.2.1,4,lower,manual,50.0,2500000.0,-27.484116620399327,-32.42240522007182,1,1,0
ch4-lower-edge-narrow-20260806T073451Z,ch4-lower-edge-narrow-20260806T073451Z.json,2026-08-06,pluto://ip:192.168.2.1,4,lower,slow_attack,,2500000.0,-12.807959866201157,-12.748139620089427,3,1,0
ch4-lower-edge-narrow-20260806T073753Z,ch4-lower-edge-narrow-20260806T073753Z.json,2026-08-06,pluto://ip:192.168.2.1,4,lower,slow_attack,,2500000.0,-12.742753412706136,-12.644203004588768,4,2,1
ch4-lower-edge-narrow-20260806T074009Z,ch4-lower-edge-narrow-20260806T074009Z.json,2026-08-06,pluto://ip:192.168.2.1,4,lower,manual,50.0,2500000.0,-27.521278082405466,-32.46164779354453,2,2,0
ch4-lower-edge-narrow-20260806T074222Z,ch4-lower-edge-narrow-20260806T074222Z.json,2026-08-06,pluto://ip:192.168.2.1,4,lower,manual,50.0,2500000.0,-27.535034297641864,-32.48265723916909,2,1,1
ch4-lower-edge-narrow-20260806T074438Z,ch4-lower-edge-narrow-20260806T074438Z.json,2026-08-06,pluto://ip:192.168.2.1,4,lower,slow_attack,,2500000.0,-12.728006657325206,-12.677461869762235,2,2,1
ch4-lower-edge-narrow-20260806T074911Z,ch4-lower-edge-narrow-20260806T074911Z.json,2026-08-06,pluto://ip:192.168.2.1,4,lower,manual,50.0,2500000.0,-27.751546758631616,-32.62609024460914,1,1,1
ch4-lower-edge-narrow-20260806T075131Z,ch4-lower-edge-narrow-20260806T075131Z.json,2026-08-06,pluto://ip:192.168.2.1,4,lower,slow_attack,,2500000.0,-12.559911159785823,-12.417829307442956,2,2,1
ch4-lower-edge-narrow-20260806T075355Z,ch4-lower-edge-narrow-20260806T075355Z.json,2026-08-06,pluto://ip:192.168.2.1,4,lower,manual,50.0,2500000.0,-27.60935200331452,-32.49554196637192,2,2,1
ch4-lower-edge-narrow-20260806T075613Z,ch4-lower-edge-narrow-20260806T075613Z.json,2026-08-06,pluto://ip:192.168.2.1,4,lower,slow_attack,,2500000.0,-12.409968523670287,-12.23563430183751,5,5,3
ch4-lower-edge-narrow-20260806T075918Z,ch4-lower-edge-narrow-20260806T075918Z.json,2026-08-06,pluto://ip:192.168.2.1,4,lower,manual,50.0,2500000.0,-27.578594145720178,-32.51622747521838,2,2,1
ch4-lower-edge-narrow-20260806T080419Z,ch4-lower-edge-narrow-20260806T080419Z.json,2026-08-06,pluto://ip:192.168.2.1,4,lower,slow_attack,,2500000.0,-12.509521795575154,-12.446657001899888,3,3,3
ch4-lower-edge-narrow-20260806T080723Z,ch4-lower-edge-narrow-20260806T080723Z-conditioned.json,2026-08-06,pluto://ip:192.168.2.1,4,lower,manual,50.0,2500000.0,-27.211874648001753,-32.12756549477349,4,4,3
ch4-lower-edge-narrow-20260806T080944Z,ch4-lower-edge-narrow-20260806T080944Z.json,2026-08-06,pluto://ip:192.168.2.1,4,lower,slow_attack,,2500000.0,-12.747632624879817,-12.676090008770553,3,3,2
ch4-lower-edge-narrow-20260806T081312Z,ch4-lower-edge-narrow-20260806T081312Z.json,2026-08-08,pluto://ip:192.168.2.1,4,lower,manual,50.0,2500000.0,-26.909224023750035,-31.91603810841481,6,6,5
ch4-lower-edge-narrow-20260806T082321Z,ch4-lower-edge-narrow-20260806T082321Z.json,2026-08-06,pluto://ip:192.168.2.1,4,lower,manual,50.0,2500000.0,-27.36339879761735,-32.39645513939726,2,2,2
ch4-lower-edge-narrow-20260806T083355Z,ch4-lower-edge-narrow-20260806T083355Z.json,2026-08-06,pluto://ip:192.168.2.1,4,lower,slow_attack,,2500000.0,-12.690316324723497,-12.60695674903825,3,3,2
ch4-lower-edge-narrow-20260806T083613Z,ch4-lower-edge-narrow-20260806T083613Z.json,2026-08-06,pluto://ip:192.168.2.1,4,lower,slow_attack,,2500000.0,-12.594905471067674,-12.474916440021566,1,1,1
ch4-lower-edge-narrow-20260806T083830Z,ch4-lower-edge-narrow-20260806T083830Z.json,2026-08-06,pluto://ip:192.168.2.1,4,lower,slow_attack,,2500000.0,-12.940875106294644,-12.732728455093936,1,1,1
ch4-lower-edge-narrow-20260806T084046Z,ch4-lower-edge-narrow-20260806T084046Z.json,2026-08-06,pluto://ip:192.168.2.1,4,lower,slow_attack,,2500000.0,-12.534951011927312,-12.421685691808719,3,3,3
ch4-lower-edge-narrow-20260806T084306Z,ch4-lower-edge-narrow-20260806T084306Z.json,2026-08-06,pluto://ip:192.168.2.1,4,lower,slow_attack,,2500000.0,-12.615416868449476,-12.537924497730078,3,3,3
ch4-lower-edge-narrow-20260806T084522Z,ch4-lower-edge-narrow-20260806T084522Z.json,2026-08-06,pluto://ip:192.168.2.1,4,lower,manual,50.0,2500000.0,-27.69488574923294,-32.566507959618455,1,1,1
ch4-lower-edge-narrow-20260806T084735Z,ch4-lower-edge-narrow-20260806T084735Z.json,2026-08-06,pluto://ip:192.168.2.1,4,lower,slow_attack,,2500000.0,-12.272716263423913,-12.795975348236158,5,5,2
ch4-lower-edge-narrow-20260806T085029Z,ch4-lower-edge-narrow-20260806T085029Z.json,2026-08-06,pluto://ip:192.168.2.1,4,lower,manual,50.0,2500000.0,-26.92587274639677,-31.890305938822326,6,6,3
ch4-lower-edge-narrow-20260806T085500Z,ch4-lower-edge-narrow-20260806T085500Z.json,2026-08-06,pluto://ip:192.168.2.1,4,lower,manual,50.0,2500000.0,-27.3904303041855,-32.32016947482503,3,3,2
ch4-lower-edge-narrow-20260806T085713Z,ch4-lower-edge-narrow-20260806T085713Z.json,2026-08-06,pluto://ip:192.168.2.1,4,lower,slow_attack,,2500000.0,-12.659728638678182,-12.592023501044864,2,2,2
ch4-lower-edge-narrow-20260806T085930Z,ch4-lower-edge-narrow-20260806T085930Z.json,2026-08-06,pluto://ip:192.168.2.1,4,lower,manual,50.0,2500000.0,-27.339959271521383,-32.30524643219593,3,3,2
ch4-lower-edge-narrow-20260806T090239Z,ch4-lower-edge-narrow-20260806T090239Z.json,2026-08-06,pluto://ip:192.168.2.1,4,lower,slow_attack,,2500000.0,-12.709532294253098,-12.61845405051838,3,3,3
ch4-lower-edge-narrow-20260806T090820Z,ch4-lower-edge-narrow-20260806T090820Z.json,2026-08-06,pluto://ip:192.168.2.1,4,lower,slow_attack,,2500000.0,-12.704275969104158,-12.623416978702629,1,1,1
ch4-lower-edge-narrow-20260806T091047Z,ch4-lower-edge-narrow-20260806T091047Z.json,2026-08-06,pluto://ip:192.168.2.1,4,lower,slow_attack,,2500000.0,-12.756348802426633,-12.186295892215895,1,1,1
ch4-lower-edge-narrow-20260806T091956Z,ch4-lower-edge-narrow-20260806T091956Z.json,2026-08-06,pluto://ip:192.168.2.1,4,lower,slow_attack,,2500000.0,-12.55008228100699,-12.439788622045358,2,2,2
ch4-lower-edge-narrow-20260806T092216Z,ch4-lower-edge-narrow-20260806T092216Z.json,2026-08-06,pluto://ip:192.168.2.1,4,lower,manual,50.0,2500000.0,-27.298561245658387,-32.296395486668175,4,4,3
ch4-lower-edge-narrow-20260806T092943Z,ch4-lower-edge-narrow-20260806T092943Z.json,2026-08-08,pluto://ip:192.168.2.1,4,lower,slow_attack,,2500000.0,-13.079245887661184,-13.015486920903008,0,0,0
ch4-lower-edge-narrow-20260806T093438Z,ch4-lower-edge-narrow-20260806T093438Z.json,2026-08-06,pluto://ip:192.168.2.1,4,lower,slow_attack,,2500000.0,-12.368430814764258,-12.228916596919287,2,2,2
ch4-lower-edge-narrow-20260806T093654Z,ch4-lower-edge-narrow-20260806T093654Z.json,2026-08-06,pluto://ip:192.168.2.1,4,lower,manual,50.0,2500000.0,-27.536489660339775,-32.39419999065597,1,1,1
ch4-lower-edge-narrow-20260806T093907Z,ch4-lower-edge-narrow-20260806T093907Z.json,2026-08-06,pluto://ip:192.168.2.1,4,lower,slow_attack,,2500000.0,-12.416128552365326,-12.765458664515732,1,1,1
ch4-lower-edge-narrow-20260806T094123Z,ch4-lower-edge-narrow-20260806T094123Z.json,2026-08-06,pluto://ip:192.168.2.1,4,lower,slow_attack,,2500000.0,-12.5442676813229,-12.38791259683242,6,6,6
ch4-lower-edge-narrow-20260806T094351Z,ch4-lower-edge-narrow-20260806T094351Z.json,2026-08-06,pluto://ip:192.168.2.1,4,lower,manual,50.0,2500000.0,-27.688873266290695,-32.58248740510891,2,2,1
ch4-lower-edge-narrow-20260806T094626Z,ch4-lower-edge-narrow-20260806T094626Z.json,2026-08-06,pluto://ip:192.168.2.1,4,lower,slow_attack,,2500000.0,-12.53481175175947,-12.479117563838411,2,2,2
ch4-lower-edge-narrow-20260806T094928Z,ch4-lower-edge-narrow-20260806T094928Z.json,2026-08-06,pluto://ip:192.168.2.1,4,lower,slow_attack,,2500000.0,-12.681080340503623,-12.588198463882257,2,2,2
ch4-lower-edge-narrow-20260806T095151Z,ch4-lower-edge-narrow-20260806T095151Z.json,2026-08-06,pluto://ip:192.168.2.1,4,lower,slow_attack,,2500000.0,-12.764095470242863,-12.023483757281529,1,1,1
ch4-lower-edge-narrow-20260806T095411Z,ch4-lower-edge-narrow-20260806T095411Z.json,2026-08-10,pluto://ip:192.168.2.1,4,lower,slow_attack,,2500000.0,-12.86645346441254,-12.699939130316874,3,3,3
ch4-lower-edge-narrow-20260806T095631Z,ch4-lower-edge-narrow-20260806T095631Z.json,2026-08-06,pluto://ip:192.168.2.1,4,lower,manual,50.0,2500000.0,-27.474920267695083,-32.332772855166255,3,3,3
ch4-lower-edge-narrow-20260806T100116Z,ch4-lower-edge-narrow-20260806T100116Z.json,2026-08-06,pluto://ip:192.168.2.1,4,lower,slow_attack,,2500000.0,-12.510036412001842,-12.598644012536933,4,4,4
ch4-lower-edge-narrow-20260806T100332Z,ch4-lower-edge-narrow-20260806T100332Z.json,2026-08-06,pluto://ip:192.168.2.1,4,lower,manual,50.0,2500000.0,-27.312544287200758,-32.33059365244359,3,3,3
ch4-lower-edge-narrow-20260806T100547Z,ch4-lower-edge-narrow-20260806T100547Z.json,2026-08-06,pluto://ip:192.168.2.1,4,lower,slow_attack,,2500000.0,-12.806595137989735,-12.753172878071059,2,2,2
ch4-lower-edge-narrow-20260806T100812Z,ch4-lower-edge-narrow-20260806T100812Z-utc-replay.json,2026-08-06,pluto://ip:192.168.2.1,4,lower,manual,50.0,2500000.0,-27.3039364932964,-32.14093012156758,4,4,4
ch4-lower-edge-narrow-20260806T101119Z,ch4-lower-edge-narrow-20260806T101119Z.json,2026-08-06,pluto://ip:192.168.2.1,4,lower,slow_attack,,2500000.0,-12.181676853757295,-12.07844902213131,3,3,3
ch4-lower-edge-narrow-20260806T101334Z,ch4-lower-edge-narrow-20260806T101334Z.json,2026-08-06,pluto://ip:192.168.2.1,4,lower,slow_attack,,2500000.0,-12.343703135139751,-12.331314457558536,5,5,5
ch4-lower-edge-narrow-20260806T102041Z,ch4-lower-edge-narrow-20260806T102041Z.json,2026-08-06,pluto://ip:192.168.2.1,4,lower,manual,50.0,2500000.0,-27.444325172113327,-32.33429194524467,3,3,3
ch4-lower-edge-narrow-20260806T102354Z,ch4-lower-edge-narrow-20260806T102354Z.json,2026-08-06,pluto://ip:192.168.2.1,4,lower,manual,50.0,2500000.0,-27.842228001123885,-32.76101847623179,1,1,1
ch4-lower-edge-narrow-20260806T102648Z,ch4-lower-edge-narrow-20260806T102648Z.json,2026-08-06,pluto://ip:192.168.2.1,4,lower,manual,50.0,2500000.0,-27.583455238470087,-32.55980226589162,1,1,1
ch4-lower-edge-narrow-20260806T102901Z,ch4-lower-edge-narrow-20260806T102901Z.json,2026-08-06,pluto://ip:192.168.2.1,4,lower,slow_attack,,2500000.0,-12.681974481293224,-12.630515090455754,2,2,2
ch4-lower-edge-narrow-20260806T103123Z,ch4-lower-edge-narrow-20260806T103123Z.json,2026-08-10,pluto://ip:192.168.2.1,4,lower,manual,50.0,2500000.0,,,1,1,0
ch4-lower-edge-narrow-20260806T103201Z,ch4-lower-edge-narrow-20260806T103201Z.json,2026-08-06,pluto://ip:192.168.2.1,4,lower,manual,50.0,2500000.0,-27.1718734936048,-32.167505876130924,4,4,3
ch4-lower-edge-narrow-20260806T103531Z,ch4-lower-edge-narrow-20260806T103531Z.json,2026-08-06,pluto://ip:192.168.2.1,4,lower,manual,50.0,2500000.0,-27.760028547743936,-32.65311436726294,2,2,2
ch4-lower-edge-narrow-20260806T103912Z,ch4-lower-edge-narrow-20260806T103912Z.json,2026-08-06,pluto://ip:192.168.2.1,4,lower,manual,50.0,2500000.0,-27.53658493486565,-32.50986962692957,1,1,1
ch4-lower-edge-narrow-20260806T104455Z,ch4-lower-edge-narrow-20260806T104455Z.json,2026-08-06,pluto://ip:192.168.2.1,4,lower,slow_attack,,2500000.0,-13.043726929779854,-12.897941293588463,2,2,2
ch4-lower-edge-narrow-20260806T104752Z,ch4-lower-edge-narrow-20260806T104752Z.json,2026-08-06,pluto://ip:192.168.2.1,4,lower,slow_attack,,2500000.0,-12.984127660002688,-12.85677670280499,1,1,1
ch4-lower-edge-narrow-20260806T105057Z,ch4-lower-edge-narrow-20260806T105057Z.json,2026-08-08,pluto://ip:192.168.2.1,4,lower,slow_attack,,2500000.0,-12.373315388325071,-12.331208399935088,1,1,1
ch4-lower-edge-narrow-20260806T105147Z,ch4-lower-edge-narrow-20260806T105147Z.json,2026-08-06,pluto://ip:192.168.2.1,4,lower,manual,50.0,2500000.0,-27.61228955359443,-32.49956655410359,2,2,2
ch4-lower-edge-narrow-20260806T105443Z,ch4-lower-edge-narrow-20260806T105443Z.json,2026-08-06,pluto://ip:192.168.2.1,4,lower,slow_attack,,2500000.0,-13.015595801542405,-12.896623134664795,1,1,1
ch4-lower-edge-narrow-20260806T110447Z,ch4-lower-edge-narrow-20260806T110447Z.json,2026-08-06,pluto://ip:192.168.2.1,4,lower,manual,50.0,2500000.0,-27.768877888888312,-32.64442160605884,2,2,2
ch4-lower-edge-narrow-20260806T110906Z,ch4-lower-edge-narrow-20260806T110906Z.json,2026-08-06,pluto://ip:192.168.2.1,4,lower,slow_attack,,2500000.0,-12.246419999779858,-12.06777566297456,2,2,2
ch4-lower-edge-narrow-20260806T111722Z,ch4-lower-edge-narrow-20260806T111722Z.json,2026-08-06,pluto://ip:192.168.2.1,4,lower,slow_attack,,2500000.0,-12.80629633977788,-12.656130518237774,3,3,3
ch4-lower-edge-narrow-20260806T111935Z,ch4-lower-edge-narrow-20260806T111935Z.json,2026-08-06,pluto://ip:192.168.2.1,4,lower,slow_attack,,2500000.0,-12.912966109599305,-12.806695770152842,1,1,1
ch4-lower-edge-narrow-20260806T112408Z,ch4-lower-edge-narrow-20260806T112408Z.json,2026-08-06,pluto://ip:192.168.2.1,4,lower,slow_attack,,2500000.0,-12.602562361515751,-12.500508209491716,4,4,4
ch4-lower-edge-narrow-20260806T112625Z,ch4-lower-edge-narrow-20260806T112625Z.json,2026-08-06,pluto://ip:192.168.2.1,4,lower,slow_attack,,2500000.0,-12.88387697059056,-12.625637716859611,3,3,3
ch4-lower-edge-narrow-20260806T113020Z,ch4-lower-edge-narrow-20260806T113020Z.json,2026-08-06,pluto://ip:192.168.2.1,4,lower,manual,50.0,2500000.0,-27.72840678647477,-32.591455234048176,1,1,1
ch4-lower-edge-narrow-20260806T113939Z,ch4-lower-edge-narrow-20260806T113939Z.json,2026-08-06,pluto://ip:192.168.2.1,4,lower,manual,50.0,2500000.0,-27.731924056425402,-32.672338195624754,2,2,2
ch4-lower-edge-narrow-20260806T114325Z,ch4-lower-edge-narrow-20260806T114325Z.json,2026-08-06,pluto://ip:192.168.2.1,4,lower,manual,50.0,2500000.0,-27.469517535050034,-32.368216211635364,4,4,3
ch4-lower-edge-narrow-20260806T114542Z,ch4-lower-edge-narrow-20260806T114542Z.json,2026-08-06,pluto://ip:192.168.2.1,4,lower,slow_attack,,2500000.0,-12.624899018803298,-12.562343211517206,1,1,1
ch4-lower-edge-narrow-20260806T115018Z,ch4-lower-edge-narrow-20260806T115018Z.json,2026-08-06,pluto://ip:192.168.2.1,4,lower,slow_attack,,2500000.0,-12.917465199609905,-12.833304626019109,2,2,2
ch4-lower-edge-narrow-20260806T115541Z,ch4-lower-edge-narrow-20260806T115541Z.json,2026-08-06,pluto://ip:192.168.2.1,4,lower,manual,50.0,2500000.0,-27.711070017071687,-32.64051875666316,1,1,1
ch4-lower-edge-narrow-20260806T115758Z,ch4-lower-edge-narrow-20260806T115758Z.json,2026-08-06,pluto://ip:192.168.2.1,4,lower,slow_attack,,2500000.0,-12.55768742268537,-12.332442126726622,3,3,3
ch4-lower-edge-narrow-20260806T120600Z,ch4-lower-edge-narrow-20260806T120600Z.json,2026-08-08,pluto://ip:192.168.2.1,4,lower,manual,50.0,2500000.0,-27.69128723545532,-32.60390216253354,1,1,1
ch4-lower-edge-narrow-20260806T120753Z,ch4-lower-edge-narrow-20260806T120753Z.json,2026-08-06,pluto://ip:192.168.2.1,4,lower,slow_attack,,2500000.0,-12.62101903164182,-12.496129402202394,7,7,7
ch4-lower-edge-narrow-20260806T121053Z,ch4-lower-edge-narrow-20260806T121053Z.json,2026-08-08,pluto://ip:192.168.2.1,4,lower,slow_attack,,2500000.0,-12.922254443985386,-12.887720761675865,2,2,2
ch4-lower-edge-narrow-20260806T121205Z,ch4-lower-edge-narrow-20260806T121205Z.json,2026-08-08,pluto://ip:192.168.2.1,4,lower,manual,50.0,2500000.0,-27.182095721169848,-32.055440721727365,4,4,4
ch4-lower-edge-narrow-20260806T122111Z,ch4-lower-edge-narrow-20260806T122111Z.json,2026-08-08,pluto://ip:192.168.2.1,4,lower,manual,50.0,2500000.0,-27.909043254602107,-32.79826063053287,0,0,0
ch4-lower-edge-narrow-20260806T122133Z,ch4-lower-edge-narrow-20260806T122133Z.json,2026-08-08,pluto://ip:192.168.2.1,4,lower,slow_attack,,2500000.0,-12.451832588337727,-12.483597271262443,3,3,2
ch4-lower-edge-narrow-20260806T122302Z,ch4-lower-edge-narrow-20260806T122302Z.json,2026-08-06,pluto://ip:192.168.2.1,4,lower,slow_attack,,2500000.0,-12.728655964386085,-12.732916335742319,6,6,5
ch4-lower-edge-narrow-20260806T123211Z,ch4-lower-edge-narrow-20260806T123211Z.json,2026-08-06,pluto://ip:192.168.2.1,4,lower,manual,50.0,2500000.0,-27.4793604233599,-32.48902265096461,2,2,2
ch4-lower-edge-narrow-20260806T123519Z,ch4-lower-edge-narrow-20260806T123519Z.json,2026-08-06,pluto://ip:192.168.2.1,4,lower,slow_attack,,2500000.0,-12.810438504664672,-12.702685288154496,1,1,0
ch4-lower-edge-narrow-20260806T123759Z,ch4-lower-edge-narrow-20260806T123759Z.json,2026-08-08,pluto://ip:192.168.2.1,4,lower,slow_attack,,2500000.0,-12.80621484663082,-12.600983829098633,1,1,1
ch4-lower-edge-narrow-20260806T123900Z,ch4-lower-edge-narrow-20260806T123900Z.json,2026-08-07,pluto://ip:192.168.2.1,4,lower,slow_attack,,2500000.0,-12.574641260592811,-12.499792509403251,6,6,2
ch4-lower-edge-narrow-20260806T124435Z,ch4-lower-edge-narrow-20260806T124435Z.json,2026-08-07,pluto://ip:192.168.2.1,4,lower,manual,50.0,2500000.0,-27.313489160807514,-32.329239202372186,4,4,4
ch4-lower-edge-narrow-20260806T125426Z,ch4-lower-edge-narrow-20260806T125426Z.json,2026-08-07,pluto://ip:192.168.2.1,4,lower,manual,50.0,2500000.0,-27.69862696913283,-32.65588073408331,2,2,1
ch4-lower-edge-narrow-20260806T125706Z,ch4-lower-edge-narrow-20260806T125706Z.json,2026-08-08,pluto://ip:192.168.2.1,4,lower,manual,50.0,2500000.0,-27.90730358683099,-32.80078057051908,0,0,0
ch4-lower-edge-narrow-20260806T130109Z,ch4-lower-edge-narrow-20260806T130109Z.json,2026-08-07,pluto://ip:192.168.2.1,4,lower,slow_attack,,2500000.0,-12.434115856286166,-12.011643298195938,2,2,2
ch4-lower-edge-narrow-20260806T130327Z,ch4-lower-edge-narrow-20260806T130327Z.json,2026-08-07,pluto://ip:192.168.2.1,4,lower,slow_attack,,2500000.0,-12.759343550253357,-12.737655185932324,7,7,7
ch4-lower-edge-narrow-20260806T130540Z,ch4-lower-edge-narrow-20260806T130540Z.json,2026-08-07,pluto://ip:192.168.2.1,4,lower,manual,50.0,2500000.0,-27.63326084080745,-32.5538211748739,1,1,1
ch4-lower-edge-narrow-20260806T130753Z,ch4-lower-edge-narrow-20260806T130753Z.json,2026-08-07,pluto://ip:192.168.2.1,4,lower,manual,50.0,2500000.0,-27.607071649662554,-32.51651466350987,2,2,2
ch4-lower-edge-narrow-20260806T131055Z,ch4-lower-edge-narrow-20260806T131055Z.json,2026-08-07,pluto://ip:192.168.2.1,4,lower,manual,50.0,2500000.0,-27.513432785896335,-32.362044225273564,2,2,2
ch4-lower-edge-narrow-20260806T131318Z,ch4-lower-edge-narrow-20260806T131318Z.json,2026-08-07,pluto://ip:192.168.2.1,4,lower,manual,50.0,2500000.0,-27.282098834717456,-32.16778871096167,4,4,4
ch4-lower-edge-narrow-20260806T131620Z,ch4-lower-edge-narrow-20260806T131620Z.json,2026-08-08,pluto://ip:192.168.2.1,4,lower,slow_attack,,2500000.0,-12.233982635836762,-12.064015581160534,0,0,0
ch4-lower-edge-narrow-20260806T132000Z,ch4-lower-edge-narrow-20260806T132000Z.json,2026-08-07,pluto://ip:192.168.2.1,4,lower,slow_attack,,2500000.0,-12.24320600611646,-12.227483426820076,4,4,4
ch4-lower-edge-narrow-20260806T132229Z,ch4-lower-edge-narrow-20260806T132229Z.json,2026-08-07,pluto://ip:192.168.2.1,4,lower,manual,50.0,2500000.0,-27.91707595808116,-32.724704715992814,1,1,1
ch4-lower-edge-narrow-20260806T132433Z,ch4-lower-edge-narrow-20260806T132433Z.json,2026-08-07,pluto://ip:192.168.2.1,4,lower,slow_attack,,2500000.0,-12.801554188274181,-12.66163150849387,1,1,1
ch4-lower-edge-narrow-20260806T132651Z,ch4-lower-edge-narrow-20260806T132651Z.json,2026-08-08,pluto://ip:192.168.2.1,4,lower,manual,50.0,2500000.0,-27.66447744876979,-32.61889122969474,1,0,0
ch4-lower-edge-narrow-20260806T132722Z,ch4-lower-edge-narrow-20260806T132722Z.json,2026-08-07,pluto://ip:192.168.2.1,4,lower,slow_attack,,2500000.0,-12.770299608629506,-12.635325852867522,3,3,2
ch4-lower-edge-narrow-20260806T133048Z,ch4-lower-edge-narrow-20260806T133048Z.json,2026-08-07,pluto://ip:192.168.2.1,4,lower,manual,50.0,2500000.0,-27.47980601939643,-32.36327156968683,3,3,2
ch4-lower-edge-narrow-20260806T133722Z,ch4-lower-edge-narrow-20260806T133722Z.json,2026-08-07,pluto://ip:192.168.2.1,4,lower,slow_attack,,2500000.0,-12.278721879596633,-12.23698640436077,1,1,1
ch4-lower-edge-narrow-20260806T134010Z,ch4-lower-edge-narrow-20260806T134010Z.json,2026-08-07,pluto://ip:192.168.2.1,4,lower,manual,50.0,2500000.0,-27.818560344773815,-32.656245754761144,1,1,1
ch4-lower-edge-narrow-20260806T134241Z,ch4-lower-edge-narrow-20260806T134241Z.json,2026-08-08,pluto://ip:192.168.2.1,4,lower,manual,50.0,2500000.0,-27.966295508320364,-32.773882087398846,0,0,0
ch4-lower-edge-narrow-20260806T134307Z,ch4-lower-edge-narrow-20260806T134307Z.json,2026-08-07,pluto://ip:192.168.2.1,4,lower,slow_attack,,2500000.0,-12.725967390432029,-12.864872858248672,2,2,2
ch4-lower-edge-narrow-20260806T134635Z,ch4-lower-edge-narrow-20260806T134635Z.json,2026-08-07,pluto://ip:192.168.2.1,4,lower,slow_attack,,2500000.0,-12.866109799245306,-12.682690779862636,3,3,3
ch4-lower-edge-narrow-20260806T134917Z,ch4-lower-edge-narrow-20260806T134917Z.json,2026-08-07,pluto://ip:192.168.2.1,4,lower,manual,50.0,2500000.0,-27.17725117244031,-32.228742159326664,2,2,2
ch4-lower-edge-narrow-20260806T135222Z,ch4-lower-edge-narrow-20260806T135222Z.json,2026-08-07,pluto://ip:192.168.2.1,4,lower,slow_attack,,2500000.0,-12.850486201600802,-12.750681459663966,2,2,1
ch4-lower-edge-narrow-20260806T135933Z,ch4-lower-edge-narrow-20260806T135933Z.json,2026-08-07,pluto://ip:192.168.2.1,4,lower,slow_attack,,2500000.0,-12.567943611304141,-12.909684801529401,1,1,1
ch4-lower-edge-narrow-20260806T140232Z,ch4-lower-edge-narrow-20260806T140232Z.json,2026-08-07,pluto://ip:192.168.2.1,4,lower,slow_attack,,2500000.0,-12.766156322853057,-12.683580812763719,1,1,1
ch4-lower-edge-narrow-20260806T140600Z,ch4-lower-edge-narrow-20260806T140600Z.json,2026-08-07,pluto://ip:192.168.2.1,4,lower,manual,50.0,2500000.0,-27.3797224714445,-32.278548545268535,2,2,2
ch4-lower-edge-narrow-20260806T140906Z,ch4-lower-edge-narrow-20260806T140906Z.json,2026-08-08,pluto://ip:192.168.2.1,4,lower,slow_attack,,2500000.0,-13.031447784293741,-12.43042438408361,1,1,1
ch4-lower-edge-narrow-20260806T141427Z,ch4-lower-edge-narrow-20260806T141427Z.json,2026-08-07,pluto://ip:192.168.2.1,4,lower,slow_attack,,2500000.0,-12.943406135888162,-12.898226228426033,1,1,1
ch4-lower-edge-narrow-20260806T142307Z,ch4-lower-edge-narrow-20260806T142307Z.json,2026-08-07,pluto://ip:192.168.2.1,4,lower,manual,50.0,2500000.0,-27.40521774687762,-32.381445180366185,3,3,3
ch4-lower-edge-narrow-20260806T142807Z,ch4-lower-edge-narrow-20260806T142807Z.json,2026-08-07,pluto://ip:192.168.2.1,4,lower,slow_attack,,2500000.0,-12.972058021129317,-12.767670537958447,1,1,1
ch4-lower-edge-narrow-20260806T143120Z,ch4-lower-edge-narrow-20260806T143120Z.json,2026-08-07,pluto://ip:192.168.2.1,4,lower,manual,50.0,2500000.0,-27.211964268833174,-32.04296666319822,6,6,5
ch4-lower-edge-narrow-20260806T143411Z,ch4-lower-edge-narrow-20260806T143411Z.json,2026-08-07,pluto://ip:192.168.2.1,4,lower,manual,50.0,2500000.0,-27.247367140546995,-32.25395578555704,5,5,5
ch4-lower-edge-narrow-20260806T143950Z,ch4-lower-edge-narrow-20260806T143950Z.json,2026-08-07,pluto://ip:192.168.2.1,4,lower,slow_attack,,2500000.0,-12.601080624973928,-12.515504703788594,2,2,2
ch4-lower-edge-narrow-20260806T144214Z,ch4-lower-edge-narrow-20260806T144214Z.json,2026-08-07,pluto://ip:192.168.2.1,4,lower,slow_attack,,2500000.0,-12.473800150973034,-12.334816875275878,8,8,8
ch4-lower-edge-narrow-20260806T144533Z,ch4-lower-edge-narrow-20260806T144533Z.json,2026-08-07,pluto://ip:192.168.2.1,4,lower,slow_attack,,2500000.0,-12.67915749011054,-12.59654026620726,4,4,4
ch4-lower-edge-narrow-20260806T145106Z,ch4-lower-edge-narrow-20260806T145106Z.json,2026-08-07,pluto://ip:192.168.2.1,4,lower,slow_attack,,2500000.0,-12.863901317873198,-12.819090990905659,2,2,2
ch4-lower-edge-narrow-20260806T145334Z,ch4-lower-edge-narrow-20260806T145334Z.json,2026-08-07,pluto://ip:192.168.2.1,4,lower,slow_attack,,2500000.0,-12.92384208091268,-12.876944754811275,3,3,3
ch4-lower-edge-narrow-20260806T145751Z,ch4-lower-edge-narrow-20260806T145751Z.json,2026-08-07,pluto://ip:192.168.2.1,4,lower,slow_attack,,2500000.0,-12.576446392211762,-12.426036156198712,5,5,4
ch4-lower-edge-narrow-20260806T150030Z,ch4-lower-edge-narrow-20260806T150030Z.json,2026-08-07,pluto://ip:192.168.2.1,4,lower,manual,50.0,2500000.0,-27.739819381245336,-32.59844763941476,1,1,1
ch4-lower-edge-narrow-20260806T150941Z,ch4-lower-edge-narrow-20260806T150941Z.json,2026-08-07,pluto://ip:192.168.2.1,4,lower,slow_attack,,2500000.0,-12.813566066345206,-12.683978885337662,3,3,3
ch4-lower-edge-narrow-20260806T151351Z,ch4-lower-edge-narrow-20260806T151351Z.json,2026-08-07,pluto://ip:192.168.2.1,4,lower,manual,50.0,2500000.0,-27.296600974272955,-32.22328142002701,4,4,4
ch4-lower-edge-narrow-20260806T151714Z,ch4-lower-edge-narrow-20260806T151714Z.json,2026-08-07,pluto://ip:192.168.2.1,4,lower,manual,50.0,2500000.0,-27.320491061802986,-32.2251422104894,3,3,3
ch4-lower-edge-narrow-20260806T152039Z,ch4-lower-edge-narrow-20260806T152039Z.json,2026-08-07,pluto://ip:192.168.2.1,4,lower,slow_attack,,2500000.0,-12.687864310547814,-12.607361208244377,3,3,2
ch4-lower-edge-narrow-20260806T152341Z,ch4-lower-edge-narrow-20260806T152341Z.json,2026-08-07,pluto://ip:192.168.2.1,4,lower,manual,50.0,2500000.0,-27.059218907974216,-32.04264077657911,4,4,4
ch4-lower-edge-narrow-20260806T153044Z,ch4-lower-edge-narrow-20260806T153044Z.json,2026-08-07,pluto://ip:192.168.2.1,4,lower,manual,50.0,2500000.0,-27.487431697532656,-32.45189675527517,4,4,4
ch4-lower-edge-narrow-20260806T153732Z,ch4-lower-edge-narrow-20260806T153732Z.json,2026-08-07,pluto://ip:192.168.2.1,4,lower,manual,50.0,2500000.0,-27.204410509209424,-32.18516507232365,4,4,3
ch4-lower-edge-narrow-20260806T154336Z,ch4-lower-edge-narrow-20260806T154336Z.json,2026-08-07,pluto://ip:192.168.2.1,4,lower,manual,50.0,2500000.0,-27.793251868233185,-32.68572778968215,1,1,1
ch4-lower-edge-narrow-20260806T154704Z,ch4-lower-edge-narrow-20260806T154704Z.json,2026-08-07,pluto://ip:192.168.2.1,4,lower,slow_attack,,2500000.0,-12.819463754138718,-12.76875565558113,1,1,1
ch4-lower-edge-narrow-20260806T155047Z,ch4-lower-edge-narrow-20260806T155047Z.json,2026-08-07,pluto://ip:192.168.2.1,4,lower,manual,50.0,2500000.0,-27.67182600283631,-32.55870242403779,1,1,1
ch4-lower-edge-narrow-20260806T155747Z,ch4-lower-edge-narrow-20260806T155747Z.json,2026-08-06,pluto://ip:192.168.2.1,4,lower,slow_attack,,2500000.0,-13.09453697402644,-12.933782891919945,2,2,2
ch4-lower-edge-narrow-20260806T160024Z,ch4-lower-edge-narrow-20260806T160024Z.json,2026-08-07,pluto://ip:192.168.2.1,4,lower,slow_attack,,2500000.0,-12.913247052620768,-12.774064097049994,2,2,2
ch4-lower-edge-narrow-20260806T160353Z,ch4-lower-edge-narrow-20260806T160353Z.json,2026-08-08,pluto://ip:192.168.2.1,4,lower,manual,50.0,2500000.0,-27.504487090365835,-32.43484165254698,0,0,0
ch4-lower-edge-narrow-20260806T160435Z,ch4-lower-edge-narrow-20260806T160435Z.json,2026-08-07,pluto://ip:192.168.2.1,4,lower,manual,50.0,2500000.0,-27.400329970617232,-32.45693035126089,1,1,1
ch4-lower-edge-narrow-20260806T160727Z,ch4-lower-edge-narrow-20260806T160727Z.json,2026-08-06,pluto://ip:192.168.2.1,4,lower,slow_attack,,2500000.0,-12.673775660568388,-12.587021460615684,1,1,1
ch4-lower-edge-narrow-20260806T161013Z,ch4-lower-edge-narrow-20260806T161013Z.json,2026-08-06,pluto://ip:192.168.2.1,4,lower,manual,50.0,2500000.0,-27.054563581576268,-32.073046768743836,4,4,3
ch4-lower-edge-narrow-20260806T161230Z,ch4-lower-edge-narrow-20260806T161230Z.json,2026-08-07,pluto://ip:192.168.2.1,4,lower,slow_attack,,2500000.0,-12.68884116230915,-12.493003850712913,1,1,1
ch4-lower-edge-narrow-20260806T161532Z,ch4-lower-edge-narrow-20260806T161532Z.json,2026-08-10,pluto://ip:192.168.2.1,4,lower,manual,50.0,2500000.0,-26.813578743166637,-31.86933619776843,5,5,4
ch4-lower-edge-narrow-20260806T162041Z,ch4-lower-edge-narrow-20260806T162041Z.json,2026-08-06,pluto://ip:192.168.2.1,4,lower,manual,50.0,2500000.0,-26.809826467214073,-31.72908637348574,3,3,3
ch4-lower-edge-narrow-20260806T162259Z,ch4-lower-edge-narrow-20260806T162259Z.json,2026-08-06,pluto://ip:192.168.2.1,4,lower,manual,50.0,2500000.0,-26.906799456756502,-31.943790334552283,3,3,1
ch4-lower-edge-narrow-20260806T162557Z,ch4-lower-edge-narrow-20260806T162557Z.json,2026-08-07,pluto://ip:192.168.2.1,4,lower,manual,50.0,2500000.0,-26.769924624276122,-31.84534972466777,4,4,4
ch4-lower-edge-narrow-20260806T162806Z,ch4-lower-edge-narrow-20260806T162806Z.json,2026-08-07,pluto://ip:192.168.2.1,4,lower,manual,50.0,2500000.0,-26.32195705897348,-31.250721487770015,4,4,4
ch4-lower-edge-narrow-20260806T163134Z,ch4-lower-edge-narrow-20260806T163134Z.json,2026-08-06,pluto://ip:192.168.2.1,4,lower,slow_attack,,2500000.0,-12.557421862605135,-12.379579066944729,1,1,1
ch4-lower-edge-narrow-20260806T163350Z,ch4-lower-edge-narrow-20260806T163350Z.json,2026-08-10,pluto://ip:192.168.2.1,4,lower,slow_attack,,2500000.0,-13.276742218633899,-12.185139263027354,3,3,3
ch4-lower-edge-narrow-20260806T163856Z,ch4-lower-edge-narrow-20260806T163856Z.json,2026-08-06,pluto://ip:192.168.2.1,4,lower,slow_attack,,2500000.0,-12.612403112036821,-12.55453816652134,1,1,1
ch4-lower-edge-narrow-20260806T164453Z,ch4-lower-edge-narrow-20260806T164453Z.json,2026-08-07,pluto://ip:192.168.2.1,4,lower,slow_attack,,2500000.0,-12.518968511461722,-12.34533539366225,1,1,1
ch4-lower-edge-narrow-20260806T164819Z,ch4-lower-edge-narrow-20260806T164819Z.json,2026-08-06,pluto://ip:192.168.2.1,4,lower,slow_attack,,2500000.0,-12.563066964086744,-12.39857327579432,3,3,3
ch4-lower-edge-narrow-20260806T165329Z,ch4-lower-edge-narrow-20260806T165329Z.json,2026-08-06,pluto://ip:192.168.2.1,4,lower,manual,50.0,2500000.0,-27.029101104760596,-32.01920570914167,1,1,1
ch4-lower-edge-narrow-20260806T165539Z,ch4-lower-edge-narrow-20260806T165539Z.json,2026-08-06,pluto://ip:192.168.2.1,4,lower,slow_attack,,2500000.0,-12.350484956209325,-12.266652022204578,1,1,1
ch4-lower-edge-narrow-20260806T165907Z,ch4-lower-edge-narrow-20260806T165907Z.json,2026-08-06,pluto://ip:192.168.2.1,4,lower,slow_attack,,2500000.0,-12.536636996554172,-12.40694276574314,2,2,2
ch4-lower-edge-narrow-20260806T170118Z,ch4-lower-edge-narrow-20260806T170118Z.json,2026-08-06,pluto://ip:192.168.2.1,4,lower,slow_attack,,2500000.0,-12.63015068272042,-12.543732925733714,7,7,6
ch4-lower-edge-narrow-20260806T170415Z,ch4-lower-edge-narrow-20260806T170415Z.json,2026-08-07,pluto://ip:192.168.2.1,4,lower,manual,50.0,2500000.0,-26.93712250624951,-31.89421063853181,4,4,2
ch4-lower-edge-narrow-20260806T171134Z,ch4-lower-edge-narrow-20260806T171134Z.json,2026-08-07,pluto://ip:192.168.2.1,4,lower,slow_attack,,2500000.0,-12.839988750799066,-12.824575052498679,2,2,2
ch4-lower-edge-narrow-20260806T171432Z,ch4-lower-edge-narrow-20260806T171432Z.json,2026-08-07,pluto://ip:192.168.2.1,4,lower,slow_attack,,2500000.0,-12.521745123067582,-12.330146192434238,2,2,2
ch4-lower-edge-narrow-20260806T171647Z,ch4-lower-edge-narrow-20260806T171647Z.json,2026-08-06,pluto://ip:192.168.2.1,4,lower,slow_attack,,2500000.0,-12.353322559643491,-12.205677219730228,1,1,1
ch4-lower-edge-narrow-20260806T171941Z,ch4-lower-edge-narrow-20260806T171941Z.json,2026-08-06,pluto://ip:192.168.2.1,4,lower,manual,50.0,2500000.0,-26.555368073098563,-31.536691799288576,6,6,6
ch4-lower-edge-narrow-20260806T172618Z,ch4-lower-edge-narrow-20260806T172618Z.json,2026-08-07,pluto://ip:192.168.2.1,4,lower,slow_attack,,2500000.0,-12.383297414275338,-12.383995425346512,2,2,1
ch4-lower-edge-narrow-20260806T172845Z,ch4-lower-edge-narrow-20260806T172845Z.json,2026-08-06,pluto://ip:192.168.2.1,4,lower,manual,50.0,2500000.0,-27.06008340564441,-31.93644088205376,1,1,1
ch4-lower-edge-narrow-20260806T173141Z,ch4-lower-edge-narrow-20260806T173141Z.json,2026-08-06,pluto://ip:192.168.2.1,4,lower,slow_attack,,2500000.0,-12.683699969751048,-12.632918386047427,1,1,1
ch4-lower-edge-narrow-20260806T173353Z,ch4-lower-edge-narrow-20260806T173353Z.json,2026-08-06,pluto://ip:192.168.2.1,4,lower,manual,50.0,2500000.0,-27.25503251209236,-32.044874591281015,1,1,0
ch4-lower-edge-narrow-20260806T173645Z,ch4-lower-edge-narrow-20260806T173645Z.json,2026-08-07,pluto://ip:192.168.2.1,4,lower,manual,50.0,2500000.0,-27.23744941974182,-31.966382484857434,3,3,2
ch4-lower-edge-narrow-20260806T173854Z,ch4-lower-edge-narrow-20260806T173854Z.json,2026-08-06,pluto://ip:192.168.2.1,4,lower,manual,50.0,2500000.0,-26.892890302485092,-31.646168694910727,5,5,5
ch4-lower-edge-narrow-20260806T174147Z,ch4-lower-edge-narrow-20260806T174147Z.json,2026-08-07,pluto://ip:192.168.2.1,4,lower,slow_attack,,2500000.0,-12.531660670384037,-12.29826348740679,6,6,6
ch4-lower-edge-narrow-20260806T174402Z,ch4-lower-edge-narrow-20260806T174402Z.json,2026-08-10,pluto://ip:192.168.2.1,4,lower,manual,50.0,2500000.0,-27.43306648245224,-32.02505152192313,2,2,2
ch4-lower-edge-narrow-20260806T175000Z,ch4-lower-edge-narrow-20260806T175000Z.json,2026-08-06,pluto://ip:192.168.2.1,4,lower,slow_attack,,2500000.0,-12.819391200729484,-12.428959947970084,1,1,1
ch4-lower-edge-narrow-20260806T175347Z,ch4-lower-edge-narrow-20260806T175347Z.json,2026-08-06,pluto://ip:192.168.2.1,4,lower,slow_attack,,2500000.0,-12.580025133972077,-12.537356488564999,3,3,3
ch4-lower-edge-narrow-20260806T175610Z,ch4-lower-edge-narrow-20260806T175610Z.json,2026-08-08,pluto://ip:192.168.2.1,4,lower,manual,50.0,2500000.0,-27.646298297949542,-31.819063228959806,2,2,1
ch4-lower-edge-narrow-20260806T180636Z,ch4-lower-edge-narrow-20260806T180636Z.json,2026-08-07,pluto://ip:192.168.2.1,4,lower,manual,50.0,2500000.0,-27.714068640473315,-31.931658497650407,2,2,1
ch4-lower-edge-narrow-20260806T181443Z,ch4-lower-edge-narrow-20260806T181443Z.json,2026-08-06,pluto://ip:192.168.2.1,4,lower,slow_attack,,2500000.0,-12.38927497478144,-12.335666456365784,3,3,2
ch4-lower-edge-narrow-20260806T181656Z,ch4-lower-edge-narrow-20260806T181656Z.json,2026-08-10,pluto://ip:192.168.2.1,4,lower,manual,50.0,2500000.0,-28.009087525860895,-32.19509770001408,3,3,1
ch4-lower-edge-narrow-20260806T181952Z,ch4-lower-edge-narrow-20260806T181952Z.json,2026-08-06,pluto://ip:192.168.2.1,4,lower,manual,50.0,2500000.0,-27.861268716143822,-32.08140906586636,2,2,1
ch4-lower-edge-narrow-20260806T182500Z,ch4-lower-edge-narrow-20260806T182500Z.json,2026-08-08,pluto://ip:192.168.2.1,4,lower,slow_attack,,2500000.0,-12.92881166618283,-12.339273217348918,3,3,2
ch4-lower-edge-narrow-20260806T183047Z,ch4-lower-edge-narrow-20260806T183047Z.json,2026-08-06,pluto://ip:192.168.2.1,4,lower,manual,50.0,2500000.0,-28.02524848534337,-32.187592376481966,1,1,1
ch4-lower-edge-narrow-20260806T183258Z,ch4-lower-edge-narrow-20260806T183258Z.json,2026-08-07,pluto://ip:192.168.2.1,4,lower,manual,50.0,2500000.0,-28.256515543032474,-32.388584696764,1,1,1
ch4-lower-edge-narrow-20260806T183554Z,ch4-lower-edge-narrow-20260806T183554Z.json,2026-08-06,pluto://ip:192.168.2.1,4,lower,slow_attack,,2500000.0,-12.524783849531726,-12.503161393216446,1,1,1
ch4-lower-edge-narrow-20260806T184108Z,ch4-lower-edge-narrow-20260806T184108Z.json,2026-08-06,pluto://ip:192.168.2.1,4,lower,manual,50.0,2500000.0,-27.94776129567001,-32.00160707348829,1,1,1
ch4-lower-edge-narrow-20260806T184915Z,ch4-lower-edge-narrow-20260806T184915Z.json,2026-08-06,pluto://ip:192.168.2.1,4,lower,slow_attack,,2500000.0,-12.487802591358525,-12.54923095513887,1,1,1
ch4-lower-edge-narrow-20260806T185212Z,ch4-lower-edge-narrow-20260806T185212Z.json,2026-08-07,pluto://ip:192.168.2.1,4,lower,slow_attack,,2500000.0,-12.608960232617807,-12.434169474517198,3,3,1
ch4-lower-edge-narrow-20260806T185755Z,ch4-lower-edge-narrow-20260806T185755Z.json,2026-08-08,pluto://ip:192.168.2.1,4,lower,manual,50.0,2500000.0,-28.338027758787643,-32.508046906717745,2,0,0
ch4-lower-edge-narrow-20260806T190003Z,ch4-lower-edge-narrow-20260806T190003Z.json,2026-08-06,pluto://ip:192.168.2.1,4,lower,manual,50.0,2500000.0,-27.732548603451708,-32.018542855955594,3,3,2
ch4-lower-edge-narrow-20260806T190258Z,ch4-lower-edge-narrow-20260806T190258Z.json,2026-08-06,pluto://ip:192.168.2.1,4,lower,slow_attack,,2500000.0,-12.515684855374703,-12.455376388621115,1,1,1
ch4-lower-edge-narrow-20260806T190515Z,ch4-lower-edge-narrow-20260806T190515Z.json,2026-08-07,pluto://ip:192.168.2.1,4,lower,slow_attack,,2500000.0,-12.384667420072201,-12.478994223290616,2,2,2
ch4-lower-edge-narrow-20260806T190810Z,ch4-lower-edge-narrow-20260806T190810Z.json,2026-08-07,pluto://ip:192.168.2.1,4,lower,slow_attack,,2500000.0,-12.580848541716152,-12.357063876530765,2,2,2
ch4-lower-edge-narrow-20260806T191022Z,ch4-lower-edge-narrow-20260806T191022Z.json,2026-08-06,pluto://ip:192.168.2.1,4,lower,manual,50.0,2500000.0,-27.985695624783812,-32.206468862054855,2,2,1
ch4-lower-edge-narrow-20260806T191313Z,ch4-lower-edge-narrow-20260806T191313Z.json,2026-08-08,pluto://ip:192.168.2.1,4,lower,manual,50.0,2500000.0,-28.092871249228743,-32.27673386234716,0,0,0
ch4-lower-edge-narrow-20260806T191822Z,ch4-lower-edge-narrow-20260806T191822Z.json,2026-08-08,pluto://ip:192.168.2.1,4,lower,slow_attack,,2500000.0,-12.560730805310472,-12.561563716822487,1,1,1
ch4-lower-edge-narrow-20260806T192456Z,ch4-lower-edge-narrow-20260806T192456Z.json,2026-08-07,pluto://ip:192.168.2.1,4,lower,manual,50.0,2500000.0,-27.818887067935556,-32.12651418013544,2,2,1
ch4-lower-edge-narrow-20260806T193525Z,ch4-lower-edge-narrow-20260806T193525Z.json,2026-08-06,pluto://ip:192.168.2.1,4,lower,slow_attack,,2500000.0,-12.511379178994922,-12.481665607696875,1,1,1
ch4-lower-edge-narrow-20260806T194242Z,ch4-lower-edge-narrow-20260806T194242Z.json,2026-08-08,pluto://ip:192.168.2.1,4,lower,manual,50.0,2500000.0,-27.787549662424667,-32.14402896685294,2,2,2
ch4-lower-edge-narrow-20260806T194748Z,ch4-lower-edge-narrow-20260806T194748Z.json,2026-08-06,pluto://ip:192.168.2.1,4,lower,manual,50.0,2500000.0,-27.515064074643412,-31.8604437474829,2,2,1
ch4-lower-edge-narrow-20260806T195117Z,ch4-lower-edge-narrow-20260806T195117Z.json,2026-08-08,pluto://ip:192.168.2.1,4,lower,manual,50.0,2500000.0,-27.796038139256666,-32.14139587011976,2,2,2
ch4-lower-edge-narrow-20260806T195330Z,ch4-lower-edge-narrow-20260806T195330Z.json,2026-08-06,pluto://ip:192.168.2.1,4,lower,slow_attack,,2500000.0,-12.813095024775855,-12.495993339845334,2,2,2
ch4-lower-edge-narrow-20260806T195838Z,ch4-lower-edge-narrow-20260806T195838Z.json,2026-08-07,pluto://ip:192.168.2.1,4,lower,slow_attack,,2500000.0,-12.425285116605325,-12.38781962513299,1,1,1
ch4-lower-edge-narrow-20260806T200140Z,ch4-lower-edge-narrow-20260806T200140Z.json,2026-08-06,pluto://ip:192.168.2.1,4,lower,slow_attack,,2500000.0,-12.919131958862444,-12.418436598305416,2,2,1
ch4-lower-edge-narrow-20260806T200441Z,ch4-lower-edge-narrow-20260806T200441Z.json,2026-08-07,pluto://ip:192.168.2.1,4,lower,slow_attack,,2500000.0,-12.907041413770253,-12.336628057563244,3,3,3
ch4-lower-edge-narrow-20260806T200800Z,ch4-lower-edge-narrow-20260806T200800Z.json,2026-08-08,pluto://ip:192.168.2.1,4,lower,slow_attack,,2500000.0,-12.8053845920717,-12.309170462087648,3,3,2
ch4-lower-edge-narrow-20260806T201013Z,ch4-lower-edge-narrow-20260806T201013Z.json,2026-08-06,pluto://ip:192.168.2.1,4,lower,slow_attack,,2500000.0,-12.87318437813072,-12.394209139638432,1,1,1
ch4-lower-edge-narrow-20260806T201310Z,ch4-lower-edge-narrow-20260806T201310Z.json,2026-08-07,pluto://ip:192.168.2.1,4,lower,manual,50.0,2500000.0,-28.053291201607866,-32.36304409281416,1,1,1
ch4-lower-edge-narrow-20260806T201854Z,ch4-lower-edge-narrow-20260806T201854Z.json,2026-08-06,pluto://ip:192.168.2.1,4,lower,slow_attack,,2500000.0,-12.53515898294221,-12.373057608204387,4,4,4
ch4-lower-edge-narrow-20260806T202403Z,ch4-lower-edge-narrow-20260806T202403Z.json,2026-08-06,pluto://ip:192.168.2.1,4,lower,slow_attack,,2500000.0,-12.867750311672523,-12.393325632310738,1,1,1
ch4-lower-edge-narrow-20260806T202622Z,ch4-lower-edge-narrow-20260806T202622Z.json,2026-08-07,pluto://ip:192.168.2.1,4,lower,manual,50.0,2500000.0,-27.740452617072435,-32.07321536751032,1,1,1
ch4-lower-edge-narrow-20260806T202915Z,ch4-lower-edge-narrow-20260806T202915Z.json,2026-08-08,pluto://ip:192.168.2.1,4,lower,manual,50.0,2500000.0,-27.83780324622598,-32.09170583631322,2,2,2
ch4-lower-edge-narrow-20260806T203125Z,ch4-lower-edge-narrow-20260806T203125Z.json,2026-08-06,pluto://ip:192.168.2.1,4,lower,manual,50.0,2500000.0,-27.68160636092755,-31.846177544077424,2,2,2
ch4-lower-edge-narrow-20260806T203420Z,ch4-lower-edge-narrow-20260806T203420Z.json,2026-08-07,pluto://ip:192.168.2.1,4,lower,manual,50.0,2500000.0,-28.04461840807744,-32.12762392183365,3,3,3
ch4-lower-edge-narrow-20260806T203632Z,ch4-lower-edge-narrow-20260806T203632Z.json,2026-08-06,pluto://ip:192.168.2.1,4,lower,manual,50.0,2500000.0,-27.816706827813537,-32.05225297758361,2,2,2
ch4-lower-edge-narrow-20260806T203923Z,ch4-lower-edge-narrow-20260806T203923Z.json,2026-08-06,pluto://ip:192.168.2.1,4,lower,slow_attack,,2500000.0,-12.568116531242843,-12.648086850644018,1,1,1
ch4-lower-edge-narrow-20260806T204139Z,ch4-lower-edge-narrow-20260806T204139Z.json,2026-08-07,pluto://ip:192.168.2.1,4,lower,manual,50.0,2500000.0,-28.219078517390088,-32.41510080172378,1,1,1
ch4-lower-edge-narrow-20260806T204559Z,ch4-lower-edge-narrow-20260806T204559Z.json,2026-08-08,pluto://ip:192.168.2.1,4,lower,manual,50.0,2500000.0,-28.083721862974404,-32.225237191891594,2,2,1
ch4-lower-edge-narrow-20260806T204812Z,ch4-lower-edge-narrow-20260806T204812Z.json,2026-08-06,pluto://ip:192.168.2.1,4,lower,slow_attack,,2500000.0,-12.453903672510316,-12.53253933477213,1,1,1
ch4-lower-edge-narrow-20260806T205108Z,ch4-lower-edge-narrow-20260806T205108Z.json,2026-08-08,pluto://ip:192.168.2.1,4,lower,manual,50.0,2500000.0,-28.24507233186132,-32.39277607114566,1,1,0
ch4-lower-edge-narrow-20260806T210338Z,ch4-lower-edge-narrow-20260806T210338Z.json,2026-08-08,pluto://ip:192.168.2.1,4,lower,slow_attack,,2500000.0,-12.405705014797633,-12.452641141609814,2,2,2
ch4-lower-edge-narrow-20260806T210632Z,ch4-lower-edge-narrow-20260806T210632Z.json,2026-08-08,pluto://ip:192.168.2.1,4,lower,slow_attack,,2500000.0,-12.778215213456578,-12.528480827126812,2,2,2
ch4-lower-edge-narrow-20260806T210845Z,ch4-lower-edge-narrow-20260806T210845Z.json,2026-08-07,pluto://ip:192.168.2.1,4,lower,manual,50.0,2500000.0,-28.040733169215187,-32.305685188201984,2,2,1
ch4-lower-edge-narrow-20260806T212530Z,ch4-lower-edge-narrow-20260806T212530Z.json,2026-08-08,pluto://ip:192.168.2.1,4,lower,manual,50.0,2500000.0,-28.15248155432129,-32.32885525195927,1,1,1
ch4-lower-edge-narrow-20260806T212825Z,ch4-lower-edge-narrow-20260806T212825Z.json,2026-08-10,pluto://ip:192.168.2.1,4,lower,manual,50.0,2500000.0,,,0,0,0
ch4-lower-edge-narrow-20260806T213616Z,ch4-lower-edge-narrow-20260806T213616Z.json,2026-08-07,pluto://ip:192.168.2.1,4,lower,manual,50.0,2500000.0,-28.200188485563807,-32.29201675222733,2,2,0
ch4-lower-edge-narrow-20260806T213828Z,ch4-lower-edge-narrow-20260806T213828Z.json,2026-08-07,pluto://ip:192.168.2.1,4,lower,slow_attack,,2500000.0,-12.548086353004752,-12.702801647996399,2,2,2
ch4-lower-edge-narrow-20260806T214128Z,ch4-lower-edge-narrow-20260806T214128Z.json,2026-08-06,pluto://ip:192.168.2.1,4,lower,slow_attack,,2500000.0,-12.398559600226061,-12.544264517621365,1,1,1
ch4-lower-edge-narrow-20260806T214339Z,ch4-lower-edge-narrow-20260806T214339Z.json,2026-08-08,pluto://ip:192.168.2.1,4,lower,manual,50.0,2500000.0,-28.055972836097325,-32.28463754454468,1,1,1
ch4-lower-edge-narrow-20260806T214632Z,ch4-lower-edge-narrow-20260806T214632Z.json,2026-08-08,pluto://ip:192.168.2.1,4,lower,slow_attack,,2500000.0,-12.601149174263412,-12.597427131216815,1,1,0
ch4-lower-edge-narrow-20260806T215140Z,ch4-lower-edge-narrow-20260806T215140Z.json,2026-08-07,pluto://ip:192.168.2.1,4,lower,manual,50.0,2500000.0,-27.86590488826832,-32.13604426231858,1,1,1
ch4-lower-edge-narrow-20260806T215355Z,ch4-lower-edge-narrow-20260806T215355Z.json,2026-08-08,pluto://ip:192.168.2.1,4,lower,manual,50.0,2500000.0,-28.109709402412115,-32.324652385231346,2,2,1
ch4-lower-edge-narrow-20260806T215725Z,ch4-lower-edge-narrow-20260806T215725Z.json,2026-08-08,pluto://ip:192.168.2.1,4,lower,manual,50.0,2500000.0,-28.213403118921097,-32.44899411435715,2,0,0
ch4-lower-edge-narrow-20260806T215940Z,ch4-lower-edge-narrow-20260806T215940Z.json,2026-08-08,pluto://ip:192.168.2.1,4,lower,slow_attack,,2500000.0,-12.582961006888029,-12.44135103443676,1,1,1
ch4-lower-edge-narrow-20260806T220451Z,ch4-lower-edge-narrow-20260806T220451Z.json,2026-08-08,pluto://ip:192.168.2.1,4,lower,slow_attack,,2500000.0,-12.593088282400375,-12.498594099973982,1,1,1
ch4-lower-edge-narrow-20260806T221055Z,ch4-lower-edge-narrow-20260806T221055Z.json,2026-08-07,pluto://ip:192.168.2.1,4,lower,manual,50.0,2500000.0,-27.892782443006347,-32.11703152762242,2,2,2
ch4-lower-edge-narrow-20260806T221357Z,ch4-lower-edge-narrow-20260806T221357Z.json,2026-08-06,pluto://ip:192.168.2.1,4,lower,manual,50.0,2500000.0,-27.681575266275857,-32.02180720991894,1,1,1
ch4-lower-edge-narrow-20260806T221906Z,ch4-lower-edge-narrow-20260806T221906Z.json,2026-08-08,pluto://ip:192.168.2.1,4,lower,manual,50.0,2500000.0,-27.878073541755395,-32.20044983468583,1,1,0
ch4-lower-edge-narrow-20260806T222449Z,ch4-lower-edge-narrow-20260806T222449Z.json,2026-08-06,pluto://ip:192.168.2.1,4,lower,slow_attack,,2500000.0,-12.630556731492266,-12.350024704862811,2,2,2
ch4-lower-edge-narrow-20260806T222701Z,ch4-lower-edge-narrow-20260806T222701Z.json,2026-08-07,pluto://ip:192.168.2.1,4,lower,slow_attack,,2500000.0,-12.51658013849327,-12.506503158371608,2,2,2
ch4-lower-edge-narrow-20260806T223002Z,ch4-lower-edge-narrow-20260806T223002Z.json,2026-08-06,pluto://ip:192.168.2.1,4,lower,slow_attack,,2500000.0,-12.633966921016277,-12.20184986256541,5,5,3
ch4-lower-edge-narrow-20260806T223719Z,ch4-lower-edge-narrow-20260806T223719Z.json,2026-08-06,pluto://ip:192.168.2.1,4,lower,manual,50.0,2500000.0,-27.954390192439874,-32.201662708448836,1,1,1
ch4-lower-edge-narrow-20260806T224015Z,ch4-lower-edge-narrow-20260806T224015Z.json,2026-08-07,pluto://ip:192.168.2.1,4,lower,manual,50.0,2500000.0,-27.937066158826752,-32.216942182737704,2,2,2
ch4-lower-edge-narrow-20260806T224226Z,ch4-lower-edge-narrow-20260806T224226Z.json,2026-08-07,pluto://ip:192.168.2.1,4,lower,manual,50.0,2500000.0,-28.03556188494359,-32.1781036955746,1,1,1
ch4-lower-edge-narrow-20260806T225411Z,ch4-lower-edge-narrow-20260806T225411Z.json,2026-08-08,pluto://ip:192.168.2.1,4,lower,slow_attack,,2500000.0,-12.445080355863368,-12.570941856824273,0,0,0
ch4-lower-edge-narrow-20260806T225711Z,ch4-lower-edge-narrow-20260806T225711Z.json,2026-08-06,pluto://ip:192.168.2.1,4,lower,slow_attack,,2500000.0,-12.494933640711306,-12.644249056682238,1,1,1
ch4-lower-edge-narrow-20260806T225925Z,ch4-lower-edge-narrow-20260806T225925Z.json,2026-08-06,pluto://ip:192.168.2.1,4,lower,slow_attack,,2500000.0,-12.573615445966047,-12.484774424913628,2,2,2
ch4-lower-edge-narrow-20260806T230434Z,ch4-lower-edge-narrow-20260806T230434Z.json,2026-08-08,pluto://ip:192.168.2.1,4,lower,manual,50.0,2500000.0,-28.06017596967914,-32.21428925086231,2,2,1
ch4-lower-edge-narrow-20260806T230731Z,ch4-lower-edge-narrow-20260806T230731Z.json,2026-08-06,pluto://ip:192.168.2.1,4,lower,slow_attack,,2500000.0,-12.83304925864944,-12.441925125993142,3,3,3
ch4-lower-edge-narrow-20260806T231242Z,ch4-lower-edge-narrow-20260806T231242Z.json,2026-08-07,pluto://ip:192.168.2.1,4,lower,manual,50.0,2500000.0,-27.758830713648397,-32.05669213050409,2,2,2
ch4-lower-edge-narrow-20260806T231822Z,ch4-lower-edge-narrow-20260806T231822Z.json,2026-08-07,pluto://ip:192.168.2.1,4,lower,slow_attack,,2500000.0,-12.692111089453956,-12.425928788083098,1,1,1
ch4-lower-edge-narrow-20260806T232835Z,ch4-lower-edge-narrow-20260806T232835Z.json,2026-08-07,pluto://ip:192.168.2.1,4,lower,manual,50.0,2500000.0,-28.223662643002054,-32.46224663554061,1,1,0
ch4-lower-edge-narrow-20260806T233141Z,ch4-lower-edge-narrow-20260806T233141Z.json,2026-08-07,pluto://ip:192.168.2.1,4,lower,manual,50.0,2500000.0,-27.950315368558574,-32.25045193105401,1,1,1
ch4-lower-edge-narrow-20260806T233441Z,ch4-lower-edge-narrow-20260806T233441Z.json,2026-08-06,pluto://ip:192.168.2.1,4,lower,slow_attack,,2500000.0,-12.7439604369581,-12.564840320333,2,2,2
ch4-lower-edge-narrow-20260806T233652Z,ch4-lower-edge-narrow-20260806T233652Z.json,2026-08-06,pluto://ip:192.168.2.1,4,lower,manual,50.0,2500000.0,-27.52709652151198,-31.82271869469848,2,2,2
ch4-lower-edge-narrow-20260806T233946Z,ch4-lower-edge-narrow-20260806T233946Z.json,2026-08-07,pluto://ip:192.168.2.1,4,lower,manual,50.0,2500000.0,-27.660973202876896,-32.0555549855296,2,2,2
ch4-lower-edge-narrow-20260806T234158Z,ch4-lower-edge-narrow-20260806T234158Z.json,2026-08-08,pluto://ip:192.168.2.1,4,lower,manual,50.0,2500000.0,-27.47589210131065,-31.846208900368275,4,4,4
ch4-lower-edge-narrow-20260806T234527Z,ch4-lower-edge-narrow-20260806T234527Z.json,2026-08-08,pluto://ip:192.168.2.1,4,lower,manual,50.0,2500000.0,-27.564699339318825,-32.066403394313774,1,1,1
ch4-lower-edge-narrow-20260806T235028Z,ch4-lower-edge-narrow-20260806T235028Z.json,2026-08-08,pluto://ip:192.168.2.1,4,lower,slow_attack,,2500000.0,-12.778406161477529,-12.679548329086565,1,1,1
ch4-lower-edge-narrow-20260806T235243Z,ch4-lower-edge-narrow-20260806T235243Z.json,2026-08-08,pluto://ip:192.168.2.1,4,lower,manual,50.0,2500000.0,-27.30460094667074,-31.80172453201441,3,3,2
ch4-lower-edge-narrow-20260807T000043Z,ch4-lower-edge-narrow-20260807T000043Z.json,2026-08-07,pluto://ip:192.168.2.1,4,lower,manual,50.0,2500000.0,-27.467649034399834,-32.111199942672656,1,1,1
ch4-lower-edge-narrow-20260807T000257Z,ch4-lower-edge-narrow-20260807T000257Z.json,2026-08-08,pluto://ip:192.168.2.1,4,lower,manual,50.0,2500000.0,-27.19687868573189,-31.815723355917203,1,1,1
ch4-lower-edge-narrow-20260807T000804Z,ch4-lower-edge-narrow-20260807T000804Z.json,2026-08-08,pluto://ip:192.168.2.1,4,lower,slow_attack,,2500000.0,-12.587506960127001,-12.363359393135418,6,6,4
ch4-lower-edge-narrow-20260807T001435Z,ch4-lower-edge-narrow-20260807T001435Z.json,2026-08-08,pluto://ip:192.168.2.1,4,lower,manual,50.0,2500000.0,-26.82715092565629,-31.6079706430925,3,3,2
ch4-lower-edge-narrow-20260807T001943Z,ch4-lower-edge-narrow-20260807T001943Z.json,2026-08-08,pluto://ip:192.168.2.1,4,lower,slow_attack,,2500000.0,-12.472899684958211,-12.728930268113531,1,1,1
ch4-lower-edge-narrow-20260807T002233Z,ch4-lower-edge-narrow-20260807T002233Z.json,2026-08-08,pluto://ip:192.168.2.1,4,lower,manual,50.0,2500000.0,-26.95141749484968,-31.750157977786245,4,4,2
ch4-lower-edge-narrow-20260807T002450Z,ch4-lower-edge-narrow-20260807T002450Z.json,2026-08-08,pluto://ip:192.168.2.1,4,lower,slow_attack,,2500000.0,-12.54989725178471,-12.944868354333078,1,1,1
ch4-lower-edge-narrow-20260807T002745Z,ch4-lower-edge-narrow-20260807T002745Z.json,2026-08-07,pluto://ip:192.168.2.1,4,lower,manual,50.0,2500000.0,-27.018738530393293,-31.82311085927339,2,2,2
ch4-lower-edge-narrow-20260807T002956Z,ch4-lower-edge-narrow-20260807T002956Z.json,2026-08-08,pluto://ip:192.168.2.1,4,lower,slow_attack,,2500000.0,-12.711929801072667,-12.77670754575511,3,3,3
ch4-lower-edge-narrow-20260807T003249Z,ch4-lower-edge-narrow-20260807T003249Z.json,2026-08-07,pluto://ip:192.168.2.1,4,lower,slow_attack,,2500000.0,-12.78718458850289,-12.728515623639993,1,1,1
ch4-lower-edge-narrow-20260807T003514Z,ch4-lower-edge-narrow-20260807T003514Z.json,2026-08-07,pluto://ip:192.168.2.1,4,lower,slow_attack,,2500000.0,-12.62469177869329,-12.215781755107578,2,2,2
ch4-lower-edge-narrow-20260807T003857Z,ch4-lower-edge-narrow-20260807T003857Z.json,2026-08-07,pluto://ip:192.168.2.1,4,lower,slow_attack,,2500000.0,-13.052122818796407,-12.777739072020077,1,1,1
ch4-lower-edge-narrow-20260807T004622Z,ch4-lower-edge-narrow-20260807T004622Z.json,2026-08-08,pluto://ip:192.168.2.1,4,lower,slow_attack,,2500000.0,-12.616063281401356,-12.708437680360525,4,4,4
ch4-lower-edge-narrow-20260807T004920Z,ch4-lower-edge-narrow-20260807T004920Z.json,2026-08-07,pluto://ip:192.168.2.1,4,lower,manual,50.0,2500000.0,-26.091875850611377,-31.052722517012306,6,6,5
ch4-lower-edge-narrow-20260807T010025Z,ch4-lower-edge-narrow-20260807T010025Z.json,2026-08-08,pluto://ip:192.168.2.1,4,lower,manual,50.0,2500000.0,-26.309160973898816,-31.417202293735514,2,2,2
ch4-lower-edge-narrow-20260807T011325Z,ch4-lower-edge-narrow-20260807T011325Z.json,2026-08-08,pluto://ip:192.168.2.1,4,lower,manual,50.0,2500000.0,-25.99951368260347,-31.163249713362347,2,2,2
ch4-lower-edge-narrow-20260807T012126Z,ch4-lower-edge-narrow-20260807T012126Z.json,2026-08-07,pluto://ip:192.168.2.1,4,lower,slow_attack,,2500000.0,-12.670147993857476,-12.525585335108664,3,3,1
ch4-lower-edge-narrow-20260807T012338Z,ch4-lower-edge-narrow-20260807T012338Z.json,2026-08-08,pluto://ip:192.168.2.1,4,lower,manual,50.0,2500000.0,-26.381785554151516,-31.616694332195156,1,1,1
ch4-lower-edge-narrow-20260807T012629Z,ch4-lower-edge-narrow-20260807T012629Z.json,2026-08-08,pluto://ip:192.168.2.1,4,lower,manual,50.0,2500000.0,-26.367731586431248,-31.644267671178802,1,1,1
ch4-lower-edge-narrow-20260807T013257Z,ch4-lower-edge-narrow-20260807T013257Z.json,2026-08-07,pluto://ip:192.168.2.1,4,lower,manual,50.0,2500000.0,-26.15920484431299,-31.44320132876135,1,1,1
ch4-lower-edge-narrow-20260807T013521Z,ch4-lower-edge-narrow-20260807T013521Z.json,2026-08-07,pluto://ip:192.168.2.1,4,lower,slow_attack,,2500000.0,-12.527200870030198,-12.554542777068022,2,2,2
ch4-lower-edge-narrow-20260807T013815Z,ch4-lower-edge-narrow-20260807T013815Z.json,2026-08-07,pluto://ip:192.168.2.1,4,lower,manual,50.0,2500000.0,-26.31085422184593,-31.568103088826458,2,2,2
ch4-lower-edge-narrow-20260807T014319Z,ch4-lower-edge-narrow-20260807T014319Z.json,2026-08-07,pluto://ip:192.168.2.1,4,lower,slow_attack,,2500000.0,-12.4699367348617,-12.46243776079006,5,5,4
ch4-lower-edge-narrow-20260807T014532Z,ch4-lower-edge-narrow-20260807T014532Z.json,2026-08-07,pluto://ip:192.168.2.1,4,lower,manual,50.0,2500000.0,-26.396382947516102,-31.686453812201098,1,1,1
ch4-lower-edge-narrow-20260807T015038Z,ch4-lower-edge-narrow-20260807T015038Z.json,2026-08-07,pluto://ip:192.168.2.1,4,lower,slow_attack,,2500000.0,-12.537618568188147,-12.406447010961443,5,5,5
ch4-lower-edge-narrow-20260807T015317Z,ch4-lower-edge-narrow-20260807T015317Z.json,2026-08-07,pluto://ip:192.168.2.1,4,lower,manual,50.0,2500000.0,-26.702109905570104,-31.38905358953985,3,3,1
ch4-lower-edge-narrow-20260807T015546Z,ch4-lower-edge-narrow-20260807T015546Z.json,2026-08-07,pluto://ip:192.168.2.1,4,lower,slow_attack,,2500000.0,-12.732512980424408,-12.379957631344496,3,3,3
ch4-lower-edge-narrow-20260807T015924Z,ch4-lower-edge-narrow-20260807T015924Z.json,2026-08-08,pluto://ip:192.168.2.1,4,lower,slow_attack,,2500000.0,-12.486128196200319,-12.35124080723735,1,1,1
ch4-lower-edge-narrow-20260807T020131Z,ch4-lower-edge-narrow-20260807T020131Z.json,2026-08-07,pluto://ip:192.168.2.1,4,lower,slow_attack,,2500000.0,-12.435234896683014,-12.79842656469549,1,1,1
ch4-lower-edge-narrow-20260807T020427Z,ch4-lower-edge-narrow-20260807T020427Z.json,2026-08-07,pluto://ip:192.168.2.1,4,lower,slow_attack,,2500000.0,-12.646321352804456,-12.389763062312207,2,2,2
ch4-lower-edge-narrow-20260807T020641Z,ch4-lower-edge-narrow-20260807T020641Z.json,2026-08-08,pluto://ip:192.168.2.1,4,lower,slow_attack,,2500000.0,-12.570951270749111,-12.766614330067181,1,1,0
ch4-lower-edge-narrow-20260807T020925Z,ch4-lower-edge-narrow-20260807T020925Z.json,2026-08-07,pluto://ip:192.168.2.1,4,lower,manual,50.0,2500000.0,-26.941264366364432,-31.51928087938465,1,1,1
ch4-lower-edge-narrow-20260807T021516Z,ch4-lower-edge-narrow-20260807T021516Z.json,2026-08-08,pluto://ip:192.168.2.1,4,lower,manual,50.0,2500000.0,-26.8740435441955,-31.52743025598386,2,2,2
ch4-lower-edge-narrow-20260807T021754Z,ch4-lower-edge-narrow-20260807T021754Z.json,2026-08-07,pluto://ip:192.168.2.1,4,lower,manual,50.0,2500000.0,-26.990044309297918,-31.599628150574468,1,1,1
ch4-lower-edge-narrow-20260807T022047Z,ch4-lower-edge-narrow-20260807T022047Z.json,2026-08-07,pluto://ip:192.168.2.1,4,lower,manual,50.0,2500000.0,-26.95340643146523,-31.53927461814235,1,1,1
ch4-lower-edge-narrow-20260807T022258Z,ch4-lower-edge-narrow-20260807T022258Z.json,2026-08-07,pluto://ip:192.168.2.1,4,lower,slow_attack,,2500000.0,-12.509042493213745,-12.582715295207176,1,1,1
ch4-lower-edge-narrow-20260807T022624Z,ch4-lower-edge-narrow-20260807T022624Z.json,2026-08-08,pluto://ip:192.168.2.1,4,lower,slow_attack,,2500000.0,-12.63329500373455,-12.626236565446526,2,2,1
ch4-lower-edge-narrow-20260807T022832Z,ch4-lower-edge-narrow-20260807T022832Z.json,2026-08-07,pluto://ip:192.168.2.1,4,lower,slow_attack,,2500000.0,-12.513489169170207,-12.61288874763029,1,1,1
ch4-lower-edge-narrow-20260807T023127Z,ch4-lower-edge-narrow-20260807T023127Z.json,2026-08-07,pluto://ip:192.168.2.1,4,lower,manual,50.0,2500000.0,-27.068812992868395,-31.753440060207403,1,1,1
ch4-lower-edge-narrow-20260807T023631Z,ch4-lower-edge-narrow-20260807T023631Z.json,2026-08-07,pluto://ip:192.168.2.1,4,lower,slow_attack,,2500000.0,-12.513218750353394,-12.829435420741842,2,2,2
ch4-lower-edge-narrow-20260807T023838Z,ch4-lower-edge-narrow-20260807T023838Z.json,2026-08-07,pluto://ip:192.168.2.1,4,lower,slow_attack,,2500000.0,-12.718794318006317,-12.637014397657115,3,3,3
ch4-lower-edge-narrow-20260807T024650Z,ch4-lower-edge-narrow-20260807T024650Z.json,2026-08-07,pluto://ip:192.168.2.1,4,lower,slow_attack,,2500000.0,-12.505709426988412,-12.410535811607362,1,1,1
ch4-lower-edge-narrow-20260807T025334Z,ch4-lower-edge-narrow-20260807T025334Z.json,2026-08-07,pluto://ip:192.168.2.1,4,lower,slow_attack,,2500000.0,-12.554947082658199,-12.295620527910918,3,3,3
ch4-lower-edge-narrow-20260807T025844Z,ch4-lower-edge-narrow-20260807T025844Z.json,2026-08-07,pluto://ip:192.168.2.1,4,lower,manual,50.0,2500000.0,-27.153538413037424,-31.911919105844312,1,1,1
ch4-lower-edge-narrow-20260807T030057Z,ch4-lower-edge-narrow-20260807T030057Z.json,2026-08-07,pluto://ip:192.168.2.1,4,lower,slow_attack,,2500000.0,-12.667160418686912,-12.460966527289884,1,1,1
ch4-lower-edge-narrow-20260807T030402Z,ch4-lower-edge-narrow-20260807T030402Z.json,2026-08-07,pluto://ip:192.168.2.1,4,lower,manual,50.0,2500000.0,-27.222190207605294,-31.997484474594625,1,1,0
ch4-lower-edge-narrow-20260807T030611Z,ch4-lower-edge-narrow-20260807T030611Z.json,2026-08-07,pluto://ip:192.168.2.1,4,lower,slow_attack,,2500000.0,-12.511832404304297,-12.479157797328655,1,1,1
ch4-lower-edge-narrow-20260807T030929Z,ch4-lower-edge-narrow-20260807T030929Z.json,2026-08-07,pluto://ip:192.168.2.1,4,lower,manual,50.0,2500000.0,-27.25374127038821,-32.040914756062946,1,1,1
ch4-lower-edge-narrow-20260807T031153Z,ch4-lower-edge-narrow-20260807T031153Z.json,2026-08-07,pluto://ip:192.168.2.1,4,lower,slow_attack,,2500000.0,-12.588075087877339,-12.326354297329978,1,1,1
ch4-lower-edge-narrow-20260807T031510Z,ch4-lower-edge-narrow-20260807T031510Z.json,2026-08-07,pluto://ip:192.168.2.1,4,lower,slow_attack,,2500000.0,-12.591040401600395,-12.41036468420358,1,1,1
ch4-lower-edge-narrow-20260807T031723Z,ch4-lower-edge-narrow-20260807T031723Z.json,2026-08-07,pluto://ip:192.168.2.1,4,lower,manual,50.0,2500000.0,-26.94540829019829,-31.711359745025756,3,3,3
ch4-lower-edge-narrow-20260807T032103Z,ch4-lower-edge-narrow-20260807T032103Z.json,2026-08-07,pluto://ip:192.168.2.1,4,lower,manual,50.0,2500000.0,-27.219446234176704,-32.053664958442,1,1,1
ch4-lower-edge-narrow-20260807T032323Z,ch4-lower-edge-narrow-20260807T032323Z.json,2026-08-07,pluto://ip:192.168.2.1,4,lower,slow_attack,,2500000.0,-12.400891136788221,-12.21233969988643,4,4,3
ch4-lower-edge-narrow-20260807T032624Z,ch4-lower-edge-narrow-20260807T032624Z.json,2026-08-07,pluto://ip:192.168.2.1,4,lower,slow_attack,,2500000.0,-12.510230734926008,-12.303745152886343,1,1,1
ch4-lower-edge-narrow-20260807T033136Z,ch4-lower-edge-narrow-20260807T033136Z.json,2026-08-07,pluto://ip:192.168.2.1,4,lower,manual,50.0,2500000.0,-27.41153094105507,-32.184725618657886,1,1,1
ch4-lower-edge-narrow-20260807T033438Z,ch4-lower-edge-narrow-20260807T033438Z.json,2026-08-07,pluto://ip:192.168.2.1,4,lower,slow_attack,,2500000.0,-12.490994266097513,-12.391853103734075,5,5,4
ch4-lower-edge-narrow-20260807T033740Z,ch4-lower-edge-narrow-20260807T033740Z.json,2026-08-07,pluto://ip:192.168.2.1,4,lower,manual,50.0,2500000.0,-26.7965739341193,-31.637213527584017,6,6,6
ch4-lower-edge-narrow-20260807T034257Z,ch4-lower-edge-narrow-20260807T034257Z.json,2026-08-07,pluto://ip:192.168.2.1,4,lower,manual,50.0,2500000.0,-27.126269509980688,-31.947948027110908,1,1,1
ch4-lower-edge-narrow-20260807T034912Z,ch4-lower-edge-narrow-20260807T034912Z.json,2026-08-07,pluto://ip:192.168.2.1,4,lower,slow_attack,,2500000.0,-12.548295988203094,-12.36646896279629,1,1,1
ch4-lower-edge-narrow-20260807T035127Z,ch4-lower-edge-narrow-20260807T035127Z.json,2026-08-07,pluto://ip:192.168.2.1,4,lower,manual,50.0,2500000.0,-27.21166137312445,-32.01518839132747,2,2,2
ch4-lower-edge-narrow-20260807T035427Z,ch4-lower-edge-narrow-20260807T035427Z.json,2026-08-07,pluto://ip:192.168.2.1,4,lower,manual,50.0,2500000.0,-27.1388535986447,-31.951526068290526,1,1,1
ch4-lower-edge-narrow-20260807T035639Z,ch4-lower-edge-narrow-20260807T035639Z.json,2026-08-07,pluto://ip:192.168.2.1,4,lower,slow_attack,,2500000.0,-12.71067708596025,-12.491052131734012,1,1,1
ch4-lower-edge-narrow-20260807T035944Z,ch4-lower-edge-narrow-20260807T035944Z.json,2026-08-07,pluto://ip:192.168.2.1,4,lower,slow_attack,,2500000.0,-12.487462321899018,-12.320524047136704,2,2,2
ch4-lower-edge-narrow-20260807T040459Z,ch4-lower-edge-narrow-20260807T040459Z.json,2026-08-07,pluto://ip:192.168.2.1,4,lower,slow_attack,,2500000.0,-12.450821948531658,-12.357705118118492,1,1,1
ch4-lower-edge-narrow-20260807T040715Z,ch4-lower-edge-narrow-20260807T040715Z.json,2026-08-07,pluto://ip:192.168.2.1,4,lower,manual,50.0,2500000.0,-26.973214013269438,-31.814366682436805,1,1,1
ch4-lower-edge-narrow-20260807T041231Z,ch4-lower-edge-narrow-20260807T041231Z.json,2026-08-07,pluto://ip:192.168.2.1,4,lower,manual,50.0,2500000.0,-27.10772801527375,-31.95715228462735,3,3,3
ch4-lower-edge-narrow-20260807T041942Z,ch4-lower-edge-narrow-20260807T041942Z.json,2026-08-08,pluto://ip:192.168.2.1,4,lower,manual,50.0,2500000.0,-27.27051091833812,-32.1069468131206,1,1,1
ch4-lower-edge-narrow-20260807T042456Z,ch4-lower-edge-narrow-20260807T042456Z.json,2026-08-07,pluto://ip:192.168.2.1,4,lower,slow_attack,,2500000.0,-12.577924170289336,-12.376190695967964,2,2,2
ch4-lower-edge-narrow-20260807T042800Z,ch4-lower-edge-narrow-20260807T042800Z.json,2026-08-07,pluto://ip:192.168.2.1,4,lower,manual,50.0,2500000.0,-26.495487196905863,-31.377613394345495,5,5,3
ch4-lower-edge-narrow-20260807T043314Z,ch4-lower-edge-narrow-20260807T043314Z.json,2026-08-07,pluto://ip:192.168.2.1,4,lower,manual,50.0,2500000.0,-27.05397107818721,-31.932649824567964,2,2,2
ch4-lower-edge-narrow-20260807T043833Z,ch4-lower-edge-narrow-20260807T043833Z.json,2026-08-07,pluto://ip:192.168.2.1,4,lower,manual,50.0,2500000.0,-26.848189922060023,-31.685390977614226,3,3,3
ch4-lower-edge-narrow-20260807T044046Z,ch4-lower-edge-narrow-20260807T044046Z.json,2026-08-07,pluto://ip:192.168.2.1,4,lower,manual,50.0,2500000.0,-26.942624543363674,-31.78203219722341,2,2,2
ch4-lower-edge-narrow-20260807T044641Z,ch4-lower-edge-narrow-20260807T044641Z.json,2026-08-07,pluto://ip:192.168.2.1,4,lower,slow_attack,,2500000.0,-12.615962340908109,-12.306539113622586,1,1,1
ch4-lower-edge-narrow-20260807T044943Z,ch4-lower-edge-narrow-20260807T044943Z.json,2026-08-07,pluto://ip:192.168.2.1,4,lower,manual,50.0,2500000.0,-27.100343236648182,-31.971291667476915,1,1,1
ch4-lower-edge-narrow-20260807T045203Z,ch4-lower-edge-narrow-20260807T045203Z.json,2026-08-07,pluto://ip:192.168.2.1,4,lower,manual,50.0,2500000.0,-26.823139869392993,-31.66170108979726,3,3,0
ch4-lower-edge-narrow-20260807T045501Z,ch4-lower-edge-narrow-20260807T045501Z.json,2026-08-07,pluto://ip:192.168.2.1,4,lower,manual,50.0,2500000.0,-27.045567287006236,-31.922977532462447,1,1,1
ch4-lower-edge-narrow-20260807T050114Z,ch4-lower-edge-narrow-20260807T050114Z.json,2026-08-07,pluto://ip:192.168.2.1,4,lower,manual,50.0,2500000.0,-27.0537333802446,-31.885980565682498,2,2,2
ch4-lower-edge-narrow-20260807T050329Z,ch4-lower-edge-narrow-20260807T050329Z.json,2026-08-07,pluto://ip:192.168.2.1,4,lower,manual,50.0,2500000.0,-27.007753434865386,-31.86093313450705,1,1,1
ch4-lower-edge-narrow-20260807T050625Z,ch4-lower-edge-narrow-20260807T050625Z.json,2026-08-07,pluto://ip:192.168.2.1,4,lower,manual,50.0,2500000.0,-26.94517256120113,-31.83667331368934,2,2,2
ch4-lower-edge-narrow-20260807T050842Z,ch4-lower-edge-narrow-20260807T050842Z.json,2026-08-07,pluto://ip:192.168.2.1,4,lower,manual,50.0,2500000.0,-27.000724421693665,-31.831657558240934,1,1,0
ch4-lower-edge-narrow-20260807T051220Z,ch4-lower-edge-narrow-20260807T051220Z.json,2026-08-07,pluto://ip:192.168.2.1,4,lower,manual,50.0,2500000.0,-26.05681898812025,-30.85986723219383,8,8,6
ch4-lower-edge-narrow-20260807T051432Z,ch4-lower-edge-narrow-20260807T051432Z.json,2026-08-07,pluto://ip:192.168.2.1,4,lower,manual,50.0,2500000.0,-26.913118932831335,-31.731582080062513,2,2,2
ch4-lower-edge-narrow-20260807T051737Z,ch4-lower-edge-narrow-20260807T051737Z.json,2026-08-07,pluto://ip:192.168.2.1,4,lower,slow_attack,,2500000.0,-12.518847669572818,-12.318740385975817,1,1,1
ch4-lower-edge-narrow-20260807T051957Z,ch4-lower-edge-narrow-20260807T051957Z.json,2026-08-07,pluto://ip:192.168.2.1,4,lower,slow_attack,,2500000.0,-12.647638534554439,-12.445993661630721,2,2,2
ch4-lower-edge-narrow-20260807T052301Z,ch4-lower-edge-narrow-20260807T052301Z.json,2026-08-07,pluto://ip:192.168.2.1,4,lower,manual,50.0,2500000.0,-26.794270071081733,-31.6137251174117,5,5,4
ch4-lower-edge-narrow-20260807T052514Z,ch4-lower-edge-narrow-20260807T052514Z.json,2026-08-07,pluto://ip:192.168.2.1,4,lower,manual,50.0,2500000.0,-26.881548367009806,-31.68065296482155,4,4,4
ch4-lower-edge-narrow-20260807T052815Z,ch4-lower-edge-narrow-20260807T052815Z.json,2026-08-07,pluto://ip:192.168.2.1,4,lower,manual,50.0,2500000.0,-27.090228812824883,-31.988302206330843,1,1,1
ch4-lower-edge-narrow-20260807T053031Z,ch4-lower-edge-narrow-20260807T053031Z.json,2026-08-07,pluto://ip:192.168.2.1,4,lower,manual,50.0,2500000.0,-26.920480606052255,-31.85005971000731,2,2,2
ch4-lower-edge-narrow-20260807T053328Z,ch4-lower-edge-narrow-20260807T053328Z.json,2026-08-07,pluto://ip:192.168.2.1,4,lower,slow_attack,,2500000.0,-12.513483607311464,-12.422970467263546,2,2,2
ch4-lower-edge-narrow-20260807T054019Z,ch4-lower-edge-narrow-20260807T054019Z.json,2026-08-08,pluto://ip:192.168.2.1,4,lower,slow_attack,,2500000.0,-12.599047799549401,-12.500623269238682,2,2,2
ch4-lower-edge-narrow-20260807T054547Z,ch4-lower-edge-narrow-20260807T054547Z.json,2026-08-07,pluto://ip:192.168.2.1,4,lower,slow_attack,,2500000.0,-12.511631601019763,-12.339858151171043,1,1,1
ch4-lower-edge-narrow-20260807T054807Z,ch4-lower-edge-narrow-20260807T054807Z.json,2026-08-07,pluto://ip:192.168.2.1,4,lower,slow_attack,,2500000.0,-12.402751160336141,-12.289867115006656,4,4,4
ch4-lower-edge-narrow-20260807T055334Z,ch4-lower-edge-narrow-20260807T055334Z.json,2026-08-08,pluto://ip:192.168.2.1,4,lower,manual,50.0,2500000.0,-27.1985700838127,-32.02629704385383,2,2,1
ch4-lower-edge-narrow-20260807T055629Z,ch4-lower-edge-narrow-20260807T055629Z.json,2026-08-07,pluto://ip:192.168.2.1,4,lower,manual,50.0,2500000.0,-27.161734020693274,-32.01482649499199,1,1,0
ch4-lower-edge-narrow-20260807T055847Z,ch4-lower-edge-narrow-20260807T055847Z.json,2026-08-07,pluto://ip:192.168.2.1,4,lower,manual,50.0,2500000.0,-27.26881938736141,-32.09325622431622,2,2,2
ch4-lower-edge-narrow-20260807T060148Z,ch4-lower-edge-narrow-20260807T060148Z.json,2026-08-07,pluto://ip:192.168.2.1,4,lower,slow_attack,,2500000.0,-12.421137510129544,-12.304712404843634,1,1,0
ch4-lower-edge-narrow-20260807T060402Z,ch4-lower-edge-narrow-20260807T060402Z.json,2026-08-07,pluto://ip:192.168.2.1,4,lower,slow_attack,,2500000.0,-12.54843801194605,-12.308122973845514,5,5,4
ch4-lower-edge-narrow-20260807T060740Z,ch4-lower-edge-narrow-20260807T060740Z.json,2026-08-07,pluto://ip:192.168.2.1,4,lower,manual,50.0,2500000.0,-27.1081759827495,-32.01235321946262,2,2,2
ch4-lower-edge-narrow-20260807T060959Z,ch4-lower-edge-narrow-20260807T060959Z.json,2026-08-08,pluto://ip:192.168.2.1,4,lower,slow_attack,,2500000.0,-12.500790661575156,-12.331580633127636,3,3,3
ch4-lower-edge-narrow-20260807T061256Z,ch4-lower-edge-narrow-20260807T061256Z.json,2026-08-07,pluto://ip:192.168.2.1,4,lower,slow_attack,,2500000.0,-12.58659485767862,-12.406922588539434,4,4,3
ch4-lower-edge-narrow-20260807T061511Z,ch4-lower-edge-narrow-20260807T061511Z.json,2026-08-07,pluto://ip:192.168.2.1,4,lower,slow_attack,,2500000.0,-12.606550472731705,-12.484662223896565,2,2,2
ch4-lower-edge-narrow-20260807T061814Z,ch4-lower-edge-narrow-20260807T061814Z.json,2026-08-07,pluto://ip:192.168.2.1,4,lower,manual,50.0,2500000.0,-27.01047856085585,-31.782632247634055,1,1,1
ch4-lower-edge-narrow-20260807T062113Z,ch4-lower-edge-narrow-20260807T062113Z.json,2026-08-07,pluto://ip:192.168.2.1,4,lower,slow_attack,,2500000.0,-12.435628937360326,-12.340035738245124,5,5,5
ch4-lower-edge-narrow-20260807T062410Z,ch4-lower-edge-narrow-20260807T062410Z.json,2026-08-07,pluto://ip:192.168.2.1,4,lower,manual,50.0,2500000.0,-27.05224888380714,-31.92796383971622,2,2,2
ch4-lower-edge-narrow-20260807T062918Z,ch4-lower-edge-narrow-20260807T062918Z.json,2026-08-07,pluto://ip:192.168.2.1,4,lower,manual,50.0,2500000.0,-27.2830539453653,-32.15108708824016,2,2,2
ch4-lower-edge-narrow-20260807T063124Z,ch4-lower-edge-narrow-20260807T063124Z.json,2026-08-07,pluto://ip:192.168.2.1,4,lower,slow_attack,,2500000.0,-12.593551294082879,-12.457633168029012,2,2,2
ch4-lower-edge-narrow-20260807T063454Z,ch4-lower-edge-narrow-20260807T063454Z.json,2026-08-08,pluto://ip:192.168.2.1,4,lower,manual,50.0,2500000.0,-27.379414544361108,-32.25391824651918,1,1,1
ch4-lower-edge-narrow-20260807T064504Z,ch4-lower-edge-narrow-20260807T064504Z.json,2026-08-07,pluto://ip:192.168.2.1,4,lower,manual,50.0,2500000.0,-27.400265094992818,-32.240166228419234,1,1,1
ch4-lower-edge-narrow-20260807T064710Z,ch4-lower-edge-narrow-20260807T064710Z.json,2026-08-07,pluto://ip:192.168.2.1,4,lower,manual,50.0,2500000.0,-27.200912110019683,-32.14128402759295,1,1,1
ch4-lower-edge-narrow-20260807T065007Z,ch4-lower-edge-narrow-20260807T065007Z.json,2026-08-08,pluto://ip:192.168.2.1,4,lower,slow_attack,,2500000.0,-12.541279600356418,-12.410876919659518,4,4,3
ch4-lower-edge-narrow-20260807T065215Z,ch4-lower-edge-narrow-20260807T065215Z.json,2026-08-07,pluto://ip:192.168.2.1,4,lower,manual,50.0,2500000.0,-27.362274605262044,-32.19755098228138,1,1,1
ch4-lower-edge-narrow-20260807T065513Z,ch4-lower-edge-narrow-20260807T065513Z.json,2026-08-08,pluto://ip:192.168.2.1,4,lower,manual,50.0,2500000.0,-27.446354415980466,-32.2647894368991,1,1,1
ch4-lower-edge-narrow-20260807T065718Z,ch4-lower-edge-narrow-20260807T065718Z.json,2026-08-07,pluto://ip:192.168.2.1,4,lower,manual,50.0,2500000.0,-27.189670700016446,-32.03631916740974,1,1,1
ch4-lower-edge-narrow-20260807T070339Z,ch4-lower-edge-narrow-20260807T070339Z.json,2026-08-08,pluto://ip:192.168.2.1,4,lower,manual,50.0,2500000.0,-27.2027872457651,-32.07309643870556,1,1,1
ch4-lower-edge-narrow-20260807T071344Z,ch4-lower-edge-narrow-20260807T071344Z.json,2026-08-08,pluto://ip:192.168.2.1,4,lower,slow_attack,,2500000.0,-12.479716124001632,-12.423426329424919,4,4,4
ch4-lower-edge-narrow-20260807T071853Z,ch4-lower-edge-narrow-20260807T071853Z.json,2026-08-08,pluto://ip:192.168.2.1,4,lower,slow_attack,,2500000.0,-12.501956998627819,-12.338244595609947,2,2,1
ch4-lower-edge-narrow-20260807T072145Z,ch4-lower-edge-narrow-20260807T072145Z.json,2026-08-08,pluto://ip:192.168.2.1,4,lower,slow_attack,,2500000.0,-12.575036014150541,-12.407086133226104,1,1,1
ch4-lower-edge-narrow-20260807T072358Z,ch4-lower-edge-narrow-20260807T072358Z.json,2026-08-07,pluto://ip:192.168.2.1,4,lower,manual,50.0,2500000.0,-27.01879005819913,-31.88536332452199,1,1,1
ch4-lower-edge-narrow-20260807T072730Z,ch4-lower-edge-narrow-20260807T072730Z.json,2026-08-08,pluto://ip:192.168.2.1,4,lower,manual,50.0,2500000.0,-27.09667379269305,-31.93841010817748,2,2,2
ch4-lower-edge-narrow-20260807T072935Z,ch4-lower-edge-narrow-20260807T072935Z.json,2026-08-07,pluto://ip:192.168.2.1,4,lower,manual,50.0,2500000.0,-27.14738579688163,-32.035106326185485,1,1,1
ch4-lower-edge-narrow-20260807T073237Z,ch4-lower-edge-narrow-20260807T073237Z.json,2026-08-08,pluto://ip:192.168.2.1,4,lower,slow_attack,,2500000.0,-12.408069993367317,-12.245188799550652,2,2,2
ch4-lower-edge-narrow-20260807T073445Z,ch4-lower-edge-narrow-20260807T073445Z.json,2026-08-07,pluto://ip:192.168.2.1,4,lower,slow_attack,,2500000.0,-12.475293506226116,-12.298097584230778,1,1,1
ch4-lower-edge-narrow-20260807T073738Z,ch4-lower-edge-narrow-20260807T073738Z.json,2026-08-08,pluto://ip:192.168.2.1,4,lower,manual,50.0,2500000.0,-26.485888141794575,-31.435337115751057,8,8,5
ch4-lower-edge-narrow-20260807T074343Z,ch4-lower-edge-narrow-20260807T074343Z.json,2026-08-08,pluto://ip:192.168.2.1,4,lower,slow_attack,,2500000.0,-12.4801001335893,-12.31175377995889,1,1,1
ch4-lower-edge-narrow-20260807T074552Z,ch4-lower-edge-narrow-20260807T074552Z.json,2026-08-07,pluto://ip:192.168.2.1,4,lower,slow_attack,,2500000.0,-12.473292816288573,-12.324909497565526,7,7,7
ch4-lower-edge-narrow-20260807T074846Z,ch4-lower-edge-narrow-20260807T074846Z.json,2026-08-08,pluto://ip:192.168.2.1,4,lower,manual,50.0,2500000.0,-26.768846466595534,-31.752598226600522,5,5,5
ch4-lower-edge-narrow-20260807T075053Z,ch4-lower-edge-narrow-20260807T075053Z.json,2026-08-07,pluto://ip:192.168.2.1,4,lower,slow_attack,,2500000.0,-12.521035557105499,-12.327423786549081,2,2,2
ch4-lower-edge-narrow-20260807T080436Z,ch4-lower-edge-narrow-20260807T080436Z.json,2026-08-08,pluto://ip:192.168.2.1,4,lower,slow_attack,,2500000.0,-12.590492553740082,-12.436493595719437,3,3,2
ch4-lower-edge-narrow-20260807T080643Z,ch4-lower-edge-narrow-20260807T080643Z.json,2026-08-07,pluto://ip:192.168.2.1,4,lower,manual,50.0,2500000.0,-27.12538787564119,-31.967824910842438,1,1,1
ch4-lower-edge-narrow-20260807T080938Z,ch4-lower-edge-narrow-20260807T080938Z.json,2026-08-08,pluto://ip:192.168.2.1,4,lower,slow_attack,,2500000.0,-12.544193879036047,-12.450931921354831,2,2,2
ch4-lower-edge-narrow-20260807T081147Z,ch4-lower-edge-narrow-20260807T081147Z.json,2026-08-07,pluto://ip:192.168.2.1,4,lower,manual,50.0,2500000.0,-27.07979022534776,-31.95703293871417,2,2,2
ch4-lower-edge-narrow-20260807T081443Z,ch4-lower-edge-narrow-20260807T081443Z.json,2026-08-08,pluto://ip:192.168.2.1,4,lower,slow_attack,,2500000.0,-12.492186595541666,-12.353797316161279,4,4,4
ch4-lower-edge-narrow-20260807T081651Z,ch4-lower-edge-narrow-20260807T081651Z.json,2026-08-07,pluto://ip:192.168.2.1,4,lower,manual,50.0,2500000.0,-26.722383191556037,-31.60271976975268,2,2,2
ch4-lower-edge-narrow-20260807T082118Z,ch4-lower-edge-narrow-20260807T082118Z.json,2026-08-08,pluto://ip:192.168.2.1,4,lower,slow_attack,,2500000.0,-12.537833830233495,-12.273597105267706,4,4,4
ch4-lower-edge-narrow-20260807T082328Z,ch4-lower-edge-narrow-20260807T082328Z.json,2026-08-07,pluto://ip:192.168.2.1,4,lower,manual,50.0,2500000.0,-26.865019473614268,-31.792156132784328,4,4,3
ch4-lower-edge-narrow-20260807T082846Z,ch4-lower-edge-narrow-20260807T082846Z.json,2026-08-08,pluto://ip:192.168.2.1,4,lower,slow_attack,,2500000.0,-12.376478815343892,-12.37315430308061,6,6,4
ch4-lower-edge-narrow-20260807T083400Z,ch4-lower-edge-narrow-20260807T083400Z.json,2026-08-08,pluto://ip:192.168.2.1,4,lower,slow_attack,,2500000.0,-12.307890327291203,-12.209099085090438,4,4,3
ch4-lower-edge-narrow-20260807T083657Z,ch4-lower-edge-narrow-20260807T083657Z.json,2026-08-07,pluto://ip:192.168.2.1,4,lower,slow_attack,,2500000.0,-12.399695783237664,-12.278038464405325,3,3,3
ch4-lower-edge-narrow-20260807T084200Z,ch4-lower-edge-narrow-20260807T084200Z.json,2026-08-08,pluto://ip:192.168.2.1,4,lower,slow_attack,,2500000.0,-12.518844999424175,-12.35346767446558,2,2,2
ch4-lower-edge-narrow-20260807T084746Z,ch4-lower-edge-narrow-20260807T084746Z.json,2026-08-08,pluto://ip:192.168.2.1,4,lower,slow_attack,,2500000.0,-12.546988928250379,-12.466858194701565,2,2,2
ch4-lower-edge-narrow-20260807T084954Z,ch4-lower-edge-narrow-20260807T084954Z.json,2026-08-08,pluto://ip:192.168.2.1,4,lower,slow_attack,,2500000.0,-12.479001726852024,-12.324174701291394,5,5,3
ch4-lower-edge-narrow-20260807T085157Z,ch4-lower-edge-narrow-20260807T085157Z.json,2026-08-07,pluto://ip:192.168.2.1,4,lower,manual,50.0,2500000.0,-27.395417890556438,-32.17237338229564,1,1,1
ch4-lower-edge-narrow-20260807T085753Z,ch4-lower-edge-narrow-20260807T085753Z.json,2026-08-08,pluto://ip:192.168.2.1,4,lower,slow_attack,,2500000.0,-12.641874745629174,-12.425719365804236,4,4,3
ch4-lower-edge-narrow-20260807T090312Z,ch4-lower-edge-narrow-20260807T090312Z.json,2026-08-08,pluto://ip:192.168.2.1,4,lower,slow_attack,,2500000.0,-12.464069500748076,-12.388408997102323,7,7,6
ch4-lower-edge-narrow-20260807T090521Z,ch4-lower-edge-narrow-20260807T090521Z.json,2026-08-07,pluto://ip:192.168.2.1,4,lower,manual,50.0,2500000.0,-26.99576323930677,-31.854649598177307,5,5,4
ch4-lower-edge-narrow-20260807T090826Z,ch4-lower-edge-narrow-20260807T090826Z.json,2026-08-07,pluto://ip:192.168.2.1,4,lower,slow_attack,,2500000.0,-12.512985343598935,-12.31428750290328,1,1,1
ch4-lower-edge-narrow-20260807T091333Z,ch4-lower-edge-narrow-20260807T091333Z.json,2026-08-08,pluto://ip:192.168.2.1,4,lower,slow_attack,,2500000.0,-12.717834268975372,-12.423917582118364,2,2,2
ch4-lower-edge-narrow-20260807T091546Z,ch4-lower-edge-narrow-20260807T091546Z.json,2026-08-07,pluto://ip:192.168.2.1,4,lower,slow_attack,,2500000.0,-12.467742582497552,-12.384807287489659,2,2,1
ch4-lower-edge-narrow-20260807T091923Z,ch4-lower-edge-narrow-20260807T091923Z.json,2026-08-08,pluto://ip:192.168.2.1,4,lower,slow_attack,,2500000.0,-12.503964035440458,-12.329020593959774,3,3,3
ch4-lower-edge-narrow-20260807T092130Z,ch4-lower-edge-narrow-20260807T092130Z.json,2026-08-07,pluto://ip:192.168.2.1,4,lower,slow_attack,,2500000.0,-12.488438947358823,-12.225432242197067,2,2,2
ch4-lower-edge-narrow-20260807T092434Z,ch4-lower-edge-narrow-20260807T092434Z.json,2026-08-08,pluto://ip:192.168.2.1,4,lower,slow_attack,,2500000.0,-12.519373830032857,-12.370639813862333,2,2,2
ch4-lower-edge-narrow-20260807T092641Z,ch4-lower-edge-narrow-20260807T092641Z.json,2026-08-07,pluto://ip:192.168.2.1,4,lower,manual,50.0,2500000.0,-26.91355162881632,-31.852886577239396,1,1,1
ch4-lower-edge-narrow-20260807T092940Z,ch4-lower-edge-narrow-20260807T092940Z.json,2026-08-08,pluto://ip:192.168.2.1,4,lower,slow_attack,,2500000.0,-12.541913428370997,-12.378367630965402,1,1,1
ch4-lower-edge-narrow-20260807T093542Z,ch4-lower-edge-narrow-20260807T093542Z.json,2026-08-08,pluto://ip:192.168.2.1,4,lower,slow_attack,,2500000.0,-12.535446236133517,-12.702862320800223,5,5,4
ch4-lower-edge-narrow-20260807T093749Z,ch4-lower-edge-narrow-20260807T093749Z.json,2026-08-07,pluto://ip:192.168.2.1,4,lower,slow_attack,,2500000.0,-12.370604641868235,-12.527856750513145,2,2,1
ch4-lower-edge-narrow-20260807T094303Z,ch4-lower-edge-narrow-20260807T094303Z.json,2026-08-08,pluto://ip:192.168.2.1,4,lower,slow_attack,,2500000.0,-12.591327476347018,-12.405665731413775,4,4,3
ch4-lower-edge-narrow-20260807T094635Z,ch4-lower-edge-narrow-20260807T094635Z.json,2026-08-07,pluto://ip:192.168.2.1,4,lower,slow_attack,,2500000.0,-12.481040017138794,-12.378995104635424,1,1,1
ch4-lower-edge-narrow-20260807T094846Z,ch4-lower-edge-narrow-20260807T094846Z.json,2026-08-07,pluto://ip:192.168.2.1,4,lower,slow_attack,,2500000.0,-12.455633630979005,-12.450600973508175,1,1,1
ch4-lower-edge-narrow-20260807T095138Z,ch4-lower-edge-narrow-20260807T095138Z.json,2026-08-07,pluto://ip:192.168.2.1,4,lower,slow_attack,,2500000.0,-12.547804694260371,-12.546945484154875,1,1,1
ch4-lower-edge-narrow-20260807T095352Z,ch4-lower-edge-narrow-20260807T095352Z.json,2026-08-08,pluto://ip:192.168.2.1,4,lower,manual,50.0,2500000.0,-27.363770417880442,-32.15787588538792,1,1,1
ch4-lower-edge-narrow-20260807T095849Z,ch4-lower-edge-narrow-20260807T095849Z.json,2026-08-08,pluto://ip:192.168.2.1,4,lower,manual,50.0,2500000.0,-27.289853207872333,-32.07214755203718,1,1,1
ch4-lower-edge-narrow-20260807T100353Z,ch4-lower-edge-narrow-20260807T100353Z.json,2026-08-07,pluto://ip:192.168.2.1,4,lower,manual,50.0,2500000.0,-26.848311649503884,-31.766864432164205,1,1,1
ch4-lower-edge-narrow-20260807T100646Z,ch4-lower-edge-narrow-20260807T100646Z.json,2026-08-08,pluto://ip:192.168.2.1,4,lower,manual,50.0,2500000.0,-27.236796387249804,-32.08039655246482,1,1,1
ch4-lower-edge-narrow-20260807T101317Z,ch4-lower-edge-narrow-20260807T101317Z.json,2026-08-07,pluto://ip:192.168.2.1,4,lower,slow_attack,,2500000.0,-12.466667502121735,-12.385300865509626,3,3,3
ch4-lower-edge-narrow-20260807T101523Z,ch4-lower-edge-narrow-20260807T101523Z.json,2026-08-07,pluto://ip:192.168.2.1,4,lower,slow_attack,,2500000.0,-12.594160809020753,-12.444648000406884,2,2,2
ch4-lower-edge-narrow-20260807T102036Z,ch4-lower-edge-narrow-20260807T102036Z.json,2026-08-07,pluto://ip:192.168.2.1,4,lower,manual,50.0,2500000.0,-27.091870696341672,-31.932740908295774,2,2,2
ch4-lower-edge-narrow-20260807T102331Z,ch4-lower-edge-narrow-20260807T102331Z.json,2026-08-07,pluto://ip:192.168.2.1,4,lower,slow_attack,,2500000.0,-12.445648343667921,-12.437203006402985,1,1,1
ch4-lower-edge-narrow-20260807T102541Z,ch4-lower-edge-narrow-20260807T102541Z.json,2026-08-07,pluto://ip:192.168.2.1,4,lower,manual,50.0,2500000.0,-27.06244696836641,-32.094327289680486,2,2,2
ch4-lower-edge-narrow-20260807T102835Z,ch4-lower-edge-narrow-20260807T102835Z.json,2026-08-07,pluto://ip:192.168.2.1,4,lower,manual,50.0,2500000.0,-26.705004163604528,-31.587217897723935,4,4,3
ch4-lower-edge-narrow-20260807T103040Z,ch4-lower-edge-narrow-20260807T103040Z.json,2026-08-07,pluto://ip:192.168.2.1,4,lower,manual,50.0,2500000.0,-27.150802758053775,-31.95510687311726,3,3,2
ch4-lower-edge-narrow-20260807T103343Z,ch4-lower-edge-narrow-20260807T103343Z.json,2026-08-07,pluto://ip:192.168.2.1,4,lower,manual,50.0,2500000.0,-26.630641803509725,-31.549557712268424,2,2,2
ch4-lower-edge-narrow-20260807T103550Z,ch4-lower-edge-narrow-20260807T103550Z.json,2026-08-07,pluto://ip:192.168.2.1,4,lower,manual,50.0,2500000.0,-27.214128790284416,-32.072005043168005,1,1,1
ch4-lower-edge-narrow-20260807T103927Z,ch4-lower-edge-narrow-20260807T103927Z.json,2026-08-07,pluto://ip:192.168.2.1,4,lower,manual,50.0,2500000.0,-27.14751354188044,-31.91715297642024,2,2,2
ch4-lower-edge-narrow-20260807T104431Z,ch4-lower-edge-narrow-20260807T104431Z.json,2026-08-07,pluto://ip:192.168.2.1,4,lower,manual,50.0,2500000.0,-27.030220612121706,-31.672483457336853,3,3,3
ch4-lower-edge-narrow-20260807T104638Z,ch4-lower-edge-narrow-20260807T104638Z.json,2026-08-07,pluto://ip:192.168.2.1,4,lower,slow_attack,,2500000.0,-12.609630117759478,-12.470268970313445,4,4,4
ch4-lower-edge-narrow-20260807T105235Z,ch4-lower-edge-narrow-20260807T105235Z.json,2026-08-07,pluto://ip:192.168.2.1,4,lower,manual,50.0,2500000.0,-26.906281180457814,-31.768212230534697,2,2,2
ch4-lower-edge-narrow-20260807T105749Z,ch4-lower-edge-narrow-20260807T105749Z.json,2026-08-07,pluto://ip:192.168.2.1,4,lower,slow_attack,,2500000.0,-12.537209219272121,-12.484038980774322,1,1,1
ch4-lower-edge-narrow-20260807T110041Z,ch4-lower-edge-narrow-20260807T110041Z.json,2026-08-07,pluto://ip:192.168.2.1,4,lower,slow_attack,,2500000.0,-12.406388032718475,-12.586409579705993,2,2,2
ch4-lower-edge-narrow-20260807T110252Z,ch4-lower-edge-narrow-20260807T110252Z.json,2026-08-07,pluto://ip:192.168.2.1,4,lower,slow_attack,,2500000.0,-12.585014609416316,-12.370206152888976,2,2,2
ch4-lower-edge-narrow-20260807T110623Z,ch4-lower-edge-narrow-20260807T110623Z.json,2026-08-07,pluto://ip:192.168.2.1,4,lower,manual,50.0,2500000.0,-26.906097103372733,-31.87117751265007,2,2,2
ch4-lower-edge-narrow-20260807T110833Z,ch4-lower-edge-narrow-20260807T110833Z.json,2026-08-07,pluto://ip:192.168.2.1,4,lower,manual,50.0,2500000.0,-27.218597739506674,-32.07702893385865,2,2,2
ch4-lower-edge-narrow-20260807T111338Z,ch4-lower-edge-narrow-20260807T111338Z.json,2026-08-07,pluto://ip:192.168.2.1,4,lower,manual,50.0,2500000.0,-27.341396204875924,-32.10122630762487,1,1,1
ch4-lower-edge-narrow-20260807T111627Z,ch4-lower-edge-narrow-20260807T111627Z.json,2026-08-07,pluto://ip:192.168.2.1,4,lower,manual,50.0,2500000.0,-27.064235416132306,-31.87758004950613,2,2,1
ch4-lower-edge-narrow-20260807T111836Z,ch4-lower-edge-narrow-20260807T111836Z.json,2026-08-07,pluto://ip:192.168.2.1,4,lower,slow_attack,,2500000.0,-12.432562256056992,-12.596849141600151,3,3,3
ch4-lower-edge-narrow-20260807T112131Z,ch4-lower-edge-narrow-20260807T112131Z.json,2026-08-07,pluto://ip:192.168.2.1,4,lower,manual,50.0,2500000.0,-27.145668200379074,-31.944569782591735,2,2,2
ch4-lower-edge-narrow-20260807T112338Z,ch4-lower-edge-narrow-20260807T112338Z.json,2026-08-07,pluto://ip:192.168.2.1,4,lower,manual,50.0,2500000.0,-27.123176403393035,-31.932725689813864,2,2,2
ch4-lower-edge-narrow-20260807T112631Z,ch4-lower-edge-narrow-20260807T112631Z.json,2026-08-07,pluto://ip:192.168.2.1,4,lower,slow_attack,,2500000.0,-12.589627859185095,-12.518898999627627,5,5,4
ch4-lower-edge-narrow-20260807T112839Z,ch4-lower-edge-narrow-20260807T112839Z.json,2026-08-07,pluto://ip:192.168.2.1,4,lower,manual,50.0,2500000.0,-27.13957148083587,-31.892191064051453,2,2,2
ch4-lower-edge-narrow-20260807T113308Z,ch4-lower-edge-narrow-20260807T113308Z.json,2026-08-08,pluto://ip:192.168.2.1,4,lower,slow_attack,,2500000.0,-12.630006241406953,-12.392740718026282,1,1,0
ch4-lower-edge-narrow-20260807T114312Z,ch4-lower-edge-narrow-20260807T114312Z.json,2026-08-07,pluto://ip:192.168.2.1,4,lower,manual,50.0,2500000.0,-27.022931552645776,-31.807642033082722,2,2,1
ch4-lower-edge-narrow-20260807T114814Z,ch4-lower-edge-narrow-20260807T114814Z.json,2026-08-07,pluto://ip:192.168.2.1,4,lower,slow_attack,,2500000.0,-12.457624065211363,-12.205461566907074,3,3,3
ch4-lower-edge-narrow-20260807T115022Z,ch4-lower-edge-narrow-20260807T115022Z.json,2026-08-07,pluto://ip:192.168.2.1,4,lower,manual,50.0,2500000.0,-27.105802617675554,-31.94168807578507,2,2,1
ch4-lower-edge-narrow-20260807T115325Z,ch4-lower-edge-narrow-20260807T115325Z.json,2026-08-08,pluto://ip:192.168.2.1,4,lower,slow_attack,,2500000.0,-12.403620408858353,-12.37752390799477,3,3,3
ch4-lower-edge-narrow-20260807T115535Z,ch4-lower-edge-narrow-20260807T115535Z.json,2026-08-07,pluto://ip:192.168.2.1,4,lower,slow_attack,,2500000.0,-12.537892440494323,-12.295074565446086,4,4,3
ch4-lower-edge-narrow-20260807T115912Z,ch4-lower-edge-narrow-20260807T115912Z.json,2026-08-08,pluto://ip:192.168.2.1,4,lower,slow_attack,,2500000.0,-12.697969353687462,-12.449293561149872,3,3,1
ch4-lower-edge-narrow-20260807T120919Z,ch4-lower-edge-narrow-20260807T120919Z.json,2026-08-08,pluto://ip:192.168.2.1,4,lower,slow_attack,,2500000.0,-12.368336523293467,-12.427269961962422,1,1,1
ch4-lower-edge-narrow-20260807T121218Z,ch4-lower-edge-narrow-20260807T121218Z.json,2026-08-07,pluto://ip:192.168.2.1,4,lower,slow_attack,,2500000.0,-12.820913059468458,-12.426686206238283,2,2,2
ch4-lower-edge-narrow-20260807T121721Z,ch4-lower-edge-narrow-20260807T121721Z.json,2026-08-08,pluto://ip:192.168.2.1,4,lower,slow_attack,,2500000.0,-12.270483615231125,-12.542869066947798,3,3,3
ch4-lower-edge-narrow-20260807T122225Z,ch4-lower-edge-narrow-20260807T122225Z.json,2026-08-08,pluto://ip:192.168.2.1,4,lower,slow_attack,,2500000.0,-12.65239960663141,-12.505856895832014,3,3,3
ch4-lower-edge-narrow-20260807T122554Z,ch4-lower-edge-narrow-20260807T122554Z.json,2026-08-07,pluto://ip:192.168.2.1,4,lower,manual,50.0,2500000.0,-27.635950701264886,-32.27190053231232,1,1,1
ch4-lower-edge-narrow-20260807T122810Z,ch4-lower-edge-narrow-20260807T122810Z.json,2026-08-08,pluto://ip:192.168.2.1,4,lower,slow_attack,,2500000.0,-12.469825256980137,-12.487128838261363,1,1,1
ch4-lower-edge-narrow-20260807T123101Z,ch4-lower-edge-narrow-20260807T123101Z.json,2026-08-07,pluto://ip:192.168.2.1,4,lower,manual,50.0,2500000.0,-27.449443317569802,-32.23612423714326,1,1,1
ch4-lower-edge-narrow-20260807T123311Z,ch4-lower-edge-narrow-20260807T123311Z.json,2026-08-08,pluto://ip:192.168.2.1,4,lower,slow_attack,,2500000.0,-12.671870538525628,-12.446010564608132,2,2,2
ch4-lower-edge-narrow-20260807T123602Z,ch4-lower-edge-narrow-20260807T123602Z.json,2026-08-07,pluto://ip:192.168.2.1,4,lower,manual,50.0,2500000.0,-27.697204905348475,-32.323664409449854,1,1,1
ch4-lower-edge-narrow-20260807T123811Z,ch4-lower-edge-narrow-20260807T123811Z.json,2026-08-08,pluto://ip:192.168.2.1,4,lower,manual,50.0,2500000.0,-26.315723012466638,-31.113798545101684,8,8,7
ch4-lower-edge-narrow-20260807T124319Z,ch4-lower-edge-narrow-20260807T124319Z.json,2026-08-07,pluto://ip:192.168.2.1,4,lower,slow_attack,,2500000.0,-12.389602544230733,-12.212499414543407,3,3,3
ch4-lower-edge-narrow-20260807T124621Z,ch4-lower-edge-narrow-20260807T124621Z.json,2026-08-08,pluto://ip:192.168.2.1,4,lower,slow_attack,,2500000.0,-12.171700187268994,-12.210014504573452,4,4,4
ch4-lower-edge-narrow-20260807T125248Z,ch4-lower-edge-narrow-20260807T125248Z.json,2026-08-08,pluto://ip:192.168.2.1,4,lower,slow_attack,,2500000.0,-12.708522399787777,-12.413181569798535,3,3,3
ch4-lower-edge-narrow-20260807T125521Z,ch4-lower-edge-narrow-20260807T125521Z.json,2026-08-07,pluto://ip:192.168.2.1,4,lower,manual,50.0,2500000.0,-27.187690254804487,-31.877385782282033,4,4,4
ch4-lower-edge-narrow-20260807T125815Z,ch4-lower-edge-narrow-20260807T125815Z.json,2026-08-08,pluto://ip:192.168.2.1,4,lower,slow_attack,,2500000.0,-12.544824866511814,-12.37886125147857,2,2,2
ch4-lower-edge-narrow-20260807T130023Z,ch4-lower-edge-narrow-20260807T130023Z.json,2026-08-07,pluto://ip:192.168.2.1,4,lower,manual,50.0,2500000.0,-27.000138993280217,-31.7386422190797,4,4,4
ch4-lower-edge-narrow-20260807T130827Z,ch4-lower-edge-narrow-20260807T130827Z.json,2026-08-08,pluto://ip:192.168.2.1,4,lower,manual,50.0,2500000.0,-27.316549490426866,-32.08234395730697,3,3,3
ch4-lower-edge-narrow-20260807T131034Z,ch4-lower-edge-narrow-20260807T131034Z.json,2026-08-07,pluto://ip:192.168.2.1,4,lower,slow_attack,,2500000.0,-12.67326083628089,-12.468187619484173,2,2,2
ch4-lower-edge-narrow-20260807T131328Z,ch4-lower-edge-narrow-20260807T131328Z.json,2026-08-08,pluto://ip:192.168.2.1,4,lower,manual,50.0,2500000.0,-27.2767906421319,-32.04666235845208,3,3,3
ch4-lower-edge-narrow-20260807T131906Z,ch4-lower-edge-narrow-20260807T131906Z.json,2026-08-08,pluto://ip:192.168.2.1,4,lower,slow_attack,,2500000.0,-12.59171175108581,-12.3127775886604,4,4,4
ch4-lower-edge-narrow-20260807T132113Z,ch4-lower-edge-narrow-20260807T132113Z.json,2026-08-07,pluto://ip:192.168.2.1,4,lower,manual,50.0,2500000.0,-27.36217704103347,-32.10628230802633,1,1,1
ch4-lower-edge-narrow-20260807T132411Z,ch4-lower-edge-narrow-20260807T132411Z.json,2026-08-08,pluto://ip:192.168.2.1,4,lower,slow_attack,,2500000.0,-12.58590513309144,-12.339157931466666,5,5,3
ch4-lower-edge-narrow-20260807T132621Z,ch4-lower-edge-narrow-20260807T132621Z.json,2026-08-07,pluto://ip:192.168.2.1,4,lower,manual,50.0,2500000.0,-27.043947137167244,-31.90737373653384,3,3,3
ch4-lower-edge-narrow-20260807T133720Z,ch4-lower-edge-narrow-20260807T133720Z.json,2026-08-08,pluto://ip:192.168.2.1,4,lower,slow_attack,,2500000.0,-12.805632270482333,-12.43998984742035,2,2,2
ch4-lower-edge-narrow-20260807T134228Z,ch4-lower-edge-narrow-20260807T134228Z.json,2026-08-08,pluto://ip:192.168.2.1,4,lower,manual,50.0,2500000.0,-27.468322371427945,-32.17976250847646,3,3,2
ch4-lower-edge-narrow-20260807T135059Z,ch4-lower-edge-narrow-20260807T135059Z.json,2026-08-07,pluto://ip:192.168.2.1,4,lower,slow_attack,,2500000.0,-12.529717136260166,-12.361998043962242,2,2,1
ch4-lower-edge-narrow-20260807T135307Z,ch4-lower-edge-narrow-20260807T135307Z.json,2026-08-07,pluto://ip:192.168.2.1,4,lower,slow_attack,,2500000.0,-12.480182144092764,-12.360851727421906,3,3,3
ch4-lower-edge-narrow-20260807T135812Z,ch4-lower-edge-narrow-20260807T135812Z.json,2026-08-07,pluto://ip:192.168.2.1,4,lower,slow_attack,,2500000.0,-12.496178174098382,-12.196694920150644,4,4,3
ch4-lower-edge-narrow-20260807T140111Z,ch4-lower-edge-narrow-20260807T140111Z.json,2026-08-07,pluto://ip:192.168.2.1,4,lower,manual,50.0,2500000.0,-27.0511253446885,-31.925873223525556,2,2,2
ch4-lower-edge-narrow-20260807T140324Z,ch4-lower-edge-narrow-20260807T140324Z.json,2026-08-07,pluto://ip:192.168.2.1,4,lower,manual,50.0,2500000.0,-27.230904563946005,-32.07258392208463,1,1,1
ch4-lower-edge-narrow-20260807T141240Z,ch4-lower-edge-narrow-20260807T141240Z.json,2026-08-07,pluto://ip:192.168.2.1,4,lower,slow_attack,,2500000.0,-12.552200256988225,-12.412881182040534,1,1,1
ch4-lower-edge-narrow-20260807T141511Z,ch4-lower-edge-narrow-20260807T141511Z.json,2026-08-07,pluto://ip:192.168.2.1,4,lower,slow_attack,,2500000.0,-12.488350801384072,-12.348446951345394,1,1,1
ch4-lower-edge-narrow-20260807T141804Z,ch4-lower-edge-narrow-20260807T141804Z.json,2026-08-07,pluto://ip:192.168.2.1,4,lower,slow_attack,,2500000.0,-12.716412635619537,-12.491029052869429,1,1,1
ch4-lower-edge-narrow-20260807T142012Z,ch4-lower-edge-narrow-20260807T142012Z.json,2026-08-07,pluto://ip:192.168.2.1,4,lower,slow_attack,,2500000.0,-12.443797519421055,-12.263235326387234,1,1,1
ch4-lower-edge-narrow-20260807T142306Z,ch4-lower-edge-narrow-20260807T142306Z.json,2026-08-07,pluto://ip:192.168.2.1,4,lower,manual,50.0,2500000.0,-27.19204214391187,-31.968766618185352,1,1,1
ch4-lower-edge-narrow-20260807T142513Z,ch4-lower-edge-narrow-20260807T142513Z.json,2026-08-07,pluto://ip:192.168.2.1,4,lower,manual,50.0,2500000.0,-26.904954400469208,-31.819757484563446,1,1,1
ch4-lower-edge-narrow-20260807T142805Z,ch4-lower-edge-narrow-20260807T142805Z.json,2026-08-07,pluto://ip:192.168.2.1,4,lower,manual,50.0,2500000.0,-26.5830255311366,-31.5684426030937,4,4,3
ch4-lower-edge-narrow-20260807T143011Z,ch4-lower-edge-narrow-20260807T143011Z.json,2026-08-07,pluto://ip:192.168.2.1,4,lower,slow_attack,,2500000.0,-12.612396757587906,-12.43183729820214,1,1,1
ch4-lower-edge-narrow-20260807T143527Z,ch4-lower-edge-narrow-20260807T143527Z.json,2026-08-07,pluto://ip:192.168.2.1,4,lower,slow_attack,,2500000.0,-12.480976135605257,-12.300662699029425,2,2,2
ch4-lower-edge-narrow-20260807T143858Z,ch4-lower-edge-narrow-20260807T143858Z.json,2026-08-08,pluto://ip:192.168.2.1,4,lower,manual,50.0,2500000.0,-27.410681654830658,-32.145170619087146,1,0,0
ch4-lower-edge-narrow-20260807T144405Z,ch4-lower-edge-narrow-20260807T144405Z.json,2026-08-07,pluto://ip:192.168.2.1,4,lower,slow_attack,,2500000.0,-12.570791411979004,-12.334345667725138,2,2,2
ch4-lower-edge-narrow-20260807T144916Z,ch4-lower-edge-narrow-20260807T144916Z.json,2026-08-08,pluto://ip:192.168.2.1,4,lower,manual,50.0,2500000.0,-27.46698211828548,-32.14103213749158,2,2,2
ch4-lower-edge-narrow-20260807T145214Z,ch4-lower-edge-narrow-20260807T145214Z.json,2026-08-07,pluto://ip:192.168.2.1,4,lower,manual,50.0,2500000.0,-26.955346576827715,-31.821023139972947,4,4,4
ch4-lower-edge-narrow-20260807T145722Z,ch4-lower-edge-narrow-20260807T145722Z.json,2026-08-07,pluto://ip:192.168.2.1,4,lower,manual,50.0,2500000.0,-27.591028507536855,-32.22923888406355,2,2,2
ch4-lower-edge-narrow-20260807T150013Z,ch4-lower-edge-narrow-20260807T150013Z.json,2026-08-07,pluto://ip:192.168.2.1,4,lower,slow_attack,,2500000.0,-12.457480429859508,-12.471187734214853,3,3,3
ch4-lower-edge-narrow-20260807T150223Z,ch4-lower-edge-narrow-20260807T150223Z.json,2026-08-07,pluto://ip:192.168.2.1,4,lower,manual,50.0,2500000.0,-27.463070569763595,-32.12013922216373,1,1,1
ch4-lower-edge-narrow-20260807T150552Z,ch4-lower-edge-narrow-20260807T150552Z.json,2026-08-07,pluto://ip:192.168.2.1,4,lower,manual,50.0,2500000.0,-27.339469447696594,-31.95564735958954,2,2,2
ch4-lower-edge-narrow-20260807T150758Z,ch4-lower-edge-narrow-20260807T150758Z.json,2026-08-07,pluto://ip:192.168.2.1,4,lower,manual,50.0,2500000.0,-27.51300515321967,-32.06166413807935,1,1,1
ch4-lower-edge-narrow-20260807T151256Z,ch4-lower-edge-narrow-20260807T151256Z.json,2026-08-07,pluto://ip:192.168.2.1,4,lower,manual,50.0,2500000.0,-27.22440447736844,-32.06402396420994,2,2,1
ch4-lower-edge-narrow-20260807T151556Z,ch4-lower-edge-narrow-20260807T151556Z.json,2026-08-07,pluto://ip:192.168.2.1,4,lower,manual,50.0,2500000.0,-27.235709744350658,-31.89132890491348,4,4,4
ch4-lower-edge-narrow-20260807T152105Z,ch4-lower-edge-narrow-20260807T152105Z.json,2026-08-07,pluto://ip:192.168.2.1,4,lower,slow_attack,,2500000.0,-12.683065651351555,-12.446172972259966,2,2,1
ch4-lower-edge-narrow-20260807T152315Z,ch4-lower-edge-narrow-20260807T152315Z.json,2026-08-07,pluto://ip:192.168.2.1,4,lower,slow_attack,,2500000.0,-12.579857951819557,-12.572596835850858,3,3,2
ch4-lower-edge-narrow-20260807T152610Z,ch4-lower-edge-narrow-20260807T152610Z.json,2026-08-08,pluto://ip:192.168.2.1,4,lower,slow_attack,,2500000.0,-12.554432114107705,-12.344551485764407,5,5,4
ch4-lower-edge-narrow-20260807T152823Z,ch4-lower-edge-narrow-20260807T152823Z.json,2026-08-07,pluto://ip:192.168.2.1,4,lower,slow_attack,,2500000.0,-12.659397102337053,-12.418067176977166,6,6,6
ch4-lower-edge-narrow-20260807T153241Z,ch4-lower-edge-narrow-20260807T153241Z.json,2026-08-07,pluto://ip:192.168.2.1,4,lower,manual,50.0,2500000.0,-27.465035516030454,-31.844559781911023,3,3,3
ch4-lower-edge-narrow-20260807T153455Z,ch4-lower-edge-narrow-20260807T153455Z.json,2026-08-07,pluto://ip:192.168.2.1,4,lower,slow_attack,,2500000.0,-12.528905384439907,-12.4694090977534,2,2,2
ch4-lower-edge-narrow-20260807T153747Z,ch4-lower-edge-narrow-20260807T153747Z.json,2026-08-07,pluto://ip:192.168.2.1,4,lower,slow_attack,,2500000.0,-12.958916767410813,-12.635194354156331,1,1,1
ch4-lower-edge-narrow-20260807T153956Z,ch4-lower-edge-narrow-20260807T153956Z.json,2026-08-07,pluto://ip:192.168.2.1,4,lower,manual,50.0,2500000.0,-27.518302013410725,-32.100185006918565,4,4,4
ch4-lower-edge-narrow-20260807T154248Z,ch4-lower-edge-narrow-20260807T154248Z.json,2026-08-07,pluto://ip:192.168.2.1,4,lower,slow_attack,,2500000.0,-13.017689949437102,-12.659873823235007,1,1,1
ch4-lower-edge-narrow-20260807T154503Z,ch4-lower-edge-narrow-20260807T154503Z.json,2026-08-07,pluto://ip:192.168.2.1,4,lower,manual,50.0,2500000.0,-27.21661014393512,-31.91229818911126,6,6,6
ch4-lower-edge-narrow-20260807T154753Z,ch4-lower-edge-narrow-20260807T154753Z.json,2026-08-07,pluto://ip:192.168.2.1,4,lower,manual,50.0,2500000.0,-27.24515615347034,-31.814533026478422,1,1,1
ch4-lower-edge-narrow-20260807T155009Z,ch4-lower-edge-narrow-20260807T155009Z.json,2026-08-07,pluto://ip:192.168.2.1,4,lower,manual,50.0,2500000.0,-27.12882981012891,-31.67163747317639,5,5,5
ch4-lower-edge-narrow-20260807T155301Z,ch4-lower-edge-narrow-20260807T155301Z.json,2026-08-07,pluto://ip:192.168.2.1,4,lower,slow_attack,,2500000.0,-12.60907016893725,-12.599074980082106,2,2,2
ch4-lower-edge-narrow-20260807T155510Z,ch4-lower-edge-narrow-20260807T155510Z.json,2026-08-07,pluto://ip:192.168.2.1,4,lower,manual,50.0,2500000.0,-27.872461855529373,-32.34863186409854,2,2,2
ch4-lower-edge-narrow-20260807T155842Z,ch4-lower-edge-narrow-20260807T155842Z.json,2026-08-07,pluto://ip:192.168.2.1,4,lower,manual,50.0,2500000.0,-27.387309838595783,-32.10134713614561,3,3,3
ch4-lower-edge-narrow-20260807T160046Z,ch4-lower-edge-narrow-20260807T160046Z.json,2026-08-07,pluto://ip:192.168.2.1,4,lower,slow_attack,,2500000.0,-12.739324206545595,-12.295440383124735,5,5,5
ch4-lower-edge-narrow-20260807T160350Z,ch4-lower-edge-narrow-20260807T160350Z.json,2026-08-08,pluto://ip:192.168.2.1,4,lower,slow_attack,,2500000.0,-13.076813974740254,-12.661055257444534,0,0,0
ch4-lower-edge-narrow-20260807T160558Z,ch4-lower-edge-narrow-20260807T160558Z.json,2026-08-07,pluto://ip:192.168.2.1,4,lower,manual,50.0,2500000.0,-27.689415324655027,-32.21773031661143,2,2,2
ch4-lower-edge-narrow-20260807T161148Z,ch4-lower-edge-narrow-20260807T161148Z.json,2026-08-08,pluto://ip:192.168.2.1,4,lower,slow_attack,,2500000.0,-12.492509286458024,-12.627128762146388,2,2,1
ch4-lower-edge-narrow-20260807T161440Z,ch4-lower-edge-narrow-20260807T161440Z.json,2026-08-08,pluto://ip:192.168.2.1,4,lower,slow_attack,,2500000.0,-12.480864234585225,-12.805892272776966,0,0,0
ch4-lower-edge-narrow-20260807T161651Z,ch4-lower-edge-narrow-20260807T161651Z.json,2026-08-08,pluto://ip:192.168.2.1,4,lower,slow_attack,,2500000.0,-13.145372779849966,-12.758063154789095,2,2,2
ch4-lower-edge-narrow-20260807T161947Z,ch4-lower-edge-narrow-20260807T161947Z.json,2026-08-08,pluto://ip:192.168.2.1,4,lower,manual,50.0,2500000.0,-27.877226370777848,-32.453414390847286,0,0,0
ch4-lower-edge-narrow-20260807T162156Z,ch4-lower-edge-narrow-20260807T162156Z.json,2026-08-08,pluto://ip:192.168.2.1,4,lower,slow_attack,,2500000.0,-12.50350405161658,-12.464772401027734,3,3,2
ch4-lower-edge-narrow-20260807T162535Z,ch4-lower-edge-narrow-20260807T162535Z.json,2026-08-07,pluto://ip:192.168.2.1,4,lower,slow_attack,,2500000.0,-13.098468913229233,-12.652775077584298,1,1,1
ch4-lower-edge-narrow-20260807T162744Z,ch4-lower-edge-narrow-20260807T162744Z.json,2026-08-08,pluto://ip:192.168.2.1,4,lower,slow_attack,,2500000.0,-12.698240496305104,-12.496400837204684,7,7,7
ch4-lower-edge-narrow-20260807T163037Z,ch4-lower-edge-narrow-20260807T163037Z.json,2026-08-07,pluto://ip:192.168.2.1,4,lower,slow_attack,,2500000.0,-12.461618445310993,-12.457807356199114,7,7,5
ch4-lower-edge-narrow-20260807T163254Z,ch4-lower-edge-narrow-20260807T163254Z.json,2026-08-07,pluto://ip:192.168.2.1,4,lower,manual,50.0,2500000.0,-27.960645274302266,-32.381541318740375,1,1,1
ch4-lower-edge-narrow-20260807T163755Z,ch4-lower-edge-narrow-20260807T163755Z.json,2026-08-08,pluto://ip:192.168.2.1,4,lower,manual,50.0,2500000.0,-27.434208038001195,-32.019895173067056,6,6,6
ch4-lower-edge-narrow-20260807T164259Z,ch4-lower-edge-narrow-20260807T164259Z.json,2026-08-08,pluto://ip:192.168.2.1,4,lower,slow_attack,,2500000.0,-12.82287013566459,-12.62538993114396,2,2,2
ch4-lower-edge-narrow-20260807T164552Z,ch4-lower-edge-narrow-20260807T164552Z.json,2026-08-08,pluto://ip:192.168.2.1,4,lower,slow_attack,,2500000.0,-12.562232140889165,-12.574823469558428,3,3,3
ch4-lower-edge-narrow-20260807T165226Z,ch4-lower-edge-narrow-20260807T165226Z.json,2026-08-08,pluto://ip:192.168.2.1,4,lower,manual,50.0,2500000.0,-27.818020706723317,-32.30217661352648,3,3,3
ch4-lower-edge-narrow-20260807T165432Z,ch4-lower-edge-narrow-20260807T165432Z.json,2026-08-07,pluto://ip:192.168.2.1,4,lower,manual,50.0,2500000.0,-27.87593705074867,-32.25982186985085,3,3,2
ch4-lower-edge-narrow-20260807T165730Z,ch4-lower-edge-narrow-20260807T165730Z.json,2026-08-08,pluto://ip:192.168.2.1,4,lower,slow_attack,,2500000.0,-12.544292233356153,-12.621175328791402,3,3,3
ch4-lower-edge-narrow-20260807T165940Z,ch4-lower-edge-narrow-20260807T165940Z.json,2026-08-07,pluto://ip:192.168.2.1,4,lower,slow_attack,,2500000.0,-12.530235261930127,-12.431152387288229,2,2,2
ch4-lower-edge-narrow-20260807T170238Z,ch4-lower-edge-narrow-20260807T170238Z.json,2026-08-08,pluto://ip:192.168.2.1,4,lower,manual,50.0,2500000.0,-27.49997194919925,-31.98950132720889,5,5,5
ch4-lower-edge-narrow-20260807T170444Z,ch4-lower-edge-narrow-20260807T170444Z.json,2026-08-07,pluto://ip:192.168.2.1,4,lower,slow_attack,,2500000.0,-12.461731791586281,-12.453973930849793,1,1,1
ch4-lower-edge-narrow-20260807T170958Z,ch4-lower-edge-narrow-20260807T170958Z.json,2026-08-08,pluto://ip:192.168.2.1,4,lower,manual,50.0,2500000.0,-27.834067773883792,-32.33324177989475,3,3,2
ch4-lower-edge-narrow-20260807T171249Z,ch4-lower-edge-narrow-20260807T171249Z.json,2026-08-07,pluto://ip:192.168.2.1,4,lower,manual,50.0,2500000.0,-28.069109407859667,-32.45962091462742,1,1,1
ch4-lower-edge-narrow-20260807T171504Z,ch4-lower-edge-narrow-20260807T171504Z.json,2026-08-08,pluto://ip:192.168.2.1,4,lower,manual,50.0,2500000.0,-27.92069330986785,-32.31629436980323,1,1,1
ch4-lower-edge-narrow-20260807T171833Z,ch4-lower-edge-narrow-20260807T171833Z.json,2026-08-08,pluto://ip:192.168.2.1,4,lower,slow_attack,,2500000.0,-12.466299720774979,-12.67095036946836,2,2,2
ch4-lower-edge-narrow-20260807T172041Z,ch4-lower-edge-narrow-20260807T172041Z.json,2026-08-07,pluto://ip:192.168.2.1,4,lower,manual,50.0,2500000.0,-28.1503865546127,-32.4016472366682,1,1,1
ch4-lower-edge-narrow-20260807T172337Z,ch4-lower-edge-narrow-20260807T172337Z.json,2026-08-08,pluto://ip:192.168.2.1,4,lower,slow_attack,,2500000.0,-12.544424262768723,-12.691182888091907,1,1,1
ch4-lower-edge-narrow-20260807T172843Z,ch4-lower-edge-narrow-20260807T172843Z.json,2026-08-08,pluto://ip:192.168.2.1,4,lower,slow_attack,,2500000.0,-12.435776331057601,-12.702142766299643,4,4,3
ch4-lower-edge-narrow-20260807T173144Z,ch4-lower-edge-narrow-20260807T173144Z.json,2026-08-07,pluto://ip:192.168.2.1,4,lower,manual,50.0,2500000.0,-28.12823933549497,-32.24491885655229,4,4,2
ch4-lower-edge-narrow-20260807T173438Z,ch4-lower-edge-narrow-20260807T173438Z.json,2026-08-08,pluto://ip:192.168.2.1,4,lower,slow_attack,,2500000.0,-12.449182650479436,-12.660157667674287,4,4,4
ch4-lower-edge-narrow-20260807T173646Z,ch4-lower-edge-narrow-20260807T173646Z.json,2026-08-07,pluto://ip:192.168.2.1,4,lower,manual,50.0,2500000.0,-27.791106005532015,-31.971250044069293,4,4,4
ch4-lower-edge-narrow-20260807T173949Z,ch4-lower-edge-narrow-20260807T173949Z.json,2026-08-07,pluto://ip:192.168.2.1,4,lower,slow_attack,,2500000.0,-12.927030423587864,-12.934060063603173,1,1,1
ch4-lower-edge-narrow-20260807T174201Z,ch4-lower-edge-narrow-20260807T174201Z.json,2026-08-08,pluto://ip:192.168.2.1,4,lower,manual,50.0,2500000.0,-28.290770508991624,-32.303676221698574,7,7,5
ch4-lower-edge-narrow-20260807T174530Z,ch4-lower-edge-narrow-20260807T174530Z.json,2026-08-07,pluto://ip:192.168.2.1,4,lower,manual,50.0,2500000.0,-28.720805137143422,-32.708343986489446,1,1,1
ch4-lower-edge-narrow-20260807T175033Z,ch4-lower-edge-narrow-20260807T175033Z.json,2026-08-08,pluto://ip:192.168.2.1,4,lower,slow_attack,,2500000.0,-12.50023630758006,-12.464890694290162,1,1,1
ch4-lower-edge-narrow-20260807T175535Z,ch4-lower-edge-narrow-20260807T175535Z.json,2026-08-08,pluto://ip:192.168.2.1,4,lower,slow_attack,,2500000.0,-12.909749164059045,-12.97444667083024,2,0,0
ch4-lower-edge-narrow-20260807T180043Z,ch4-lower-edge-narrow-20260807T180043Z.json,2026-08-08,pluto://ip:192.168.2.1,4,lower,manual,50.0,2500000.0,-28.898332540099908,-32.7434198263235,1,1,1
ch4-lower-edge-narrow-20260807T180250Z,ch4-lower-edge-narrow-20260807T180250Z.json,2026-08-07,pluto://ip:192.168.2.1,4,lower,manual,50.0,2500000.0,-28.959489918841093,-32.75372831815643,1,1,0
ch4-lower-edge-narrow-20260807T180546Z,ch4-lower-edge-narrow-20260807T180546Z.json,2026-08-08,pluto://ip:192.168.2.1,4,lower,slow_attack,,2500000.0,-12.346062609181992,-12.095855164079998,1,1,1
ch4-lower-edge-narrow-20260807T180755Z,ch4-lower-edge-narrow-20260807T180755Z.json,2026-08-08,pluto://ip:192.168.2.1,4,lower,manual,50.0,2500000.0,-28.61161585239358,-32.49303360014609,5,5,4
ch4-lower-edge-narrow-20260807T181218Z,ch4-lower-edge-narrow-20260807T181218Z.json,2026-08-07,pluto://ip:192.168.2.1,4,lower,slow_attack,,2500000.0,-12.59105828924902,-12.707397315246691,1,1,1
ch4-lower-edge-narrow-20260807T181428Z,ch4-lower-edge-narrow-20260807T181428Z.json,2026-08-08,pluto://ip:192.168.2.1,4,lower,slow_attack,,2500000.0,-12.524709857540694,-12.613758808490353,1,1,1
ch4-lower-edge-narrow-20260807T181721Z,ch4-lower-edge-narrow-20260807T181721Z.json,2026-08-08,pluto://ip:192.168.2.1,4,lower,slow_attack,,2500000.0,-12.891606666998479,-12.981200258092896,1,1,1
ch4-lower-edge-narrow-20260807T182226Z,ch4-lower-edge-narrow-20260807T182226Z.json,2026-08-08,pluto://ip:192.168.2.1,4,lower,slow_attack,,2500000.0,-12.783543330857833,-12.837267469785454,1,1,0
ch4-lower-edge-narrow-20260807T182730Z,ch4-lower-edge-narrow-20260807T182730Z.json,2026-08-08,pluto://ip:192.168.2.1,4,lower,slow_attack,,2500000.0,-12.663858899896683,-12.750618473847071,3,3,2
ch4-lower-edge-narrow-20260807T183243Z,ch4-lower-edge-narrow-20260807T183243Z.json,2026-08-08,pluto://ip:192.168.2.1,4,lower,manual,50.0,2500000.0,-28.286365606707314,-32.22142951654706,6,6,2
ch4-lower-edge-narrow-20260807T183450Z,ch4-lower-edge-narrow-20260807T183450Z.json,2026-08-08,pluto://ip:192.168.2.1,4,lower,manual,50.0,2500000.0,-29.13952626546452,-32.97290328044632,0,0,0
ch4-lower-edge-narrow-20260807T183801Z,ch4-lower-edge-narrow-20260807T183801Z.json,2026-08-08,pluto://ip:192.168.2.1,4,lower,manual,50.0,2500000.0,-28.70626682899205,-32.573271294094575,3,3,3
ch4-lower-edge-narrow-20260807T184100Z,ch4-lower-edge-narrow-20260807T184100Z.json,2026-08-08,pluto://ip:192.168.2.1,4,lower,slow_attack,,2500000.0,-12.819744524962672,-12.802719851653386,3,3,2
ch4-lower-edge-narrow-20260807T184355Z,ch4-lower-edge-narrow-20260807T184355Z.json,2026-08-08,pluto://ip:192.168.2.1,4,lower,manual,50.0,2500000.0,-28.312205488097398,-32.09428047446425,4,4,3
ch4-lower-edge-narrow-20260807T184602Z,ch4-lower-edge-narrow-20260807T184602Z.json,2026-08-08,pluto://ip:192.168.2.1,4,lower,manual,50.0,2500000.0,-28.398731573367087,-32.215447315619755,2,2,1
ch4-lower-edge-narrow-20260807T184912Z,ch4-lower-edge-narrow-20260807T184912Z.json,2026-08-08,pluto://ip:192.168.2.1,4,lower,manual,50.0,2500000.0,-28.36201099340519,-32.171491754404585,0,0,0
ch4-lower-edge-narrow-20260807T185120Z,ch4-lower-edge-narrow-20260807T185120Z.json,2026-08-08,pluto://ip:192.168.2.1,4,lower,slow_attack,,2500000.0,-12.4923079768654,-12.40288696467104,3,0,0
ch4-lower-edge-narrow-20260807T185424Z,ch4-lower-edge-narrow-20260807T185424Z.json,2026-08-08,pluto://ip:192.168.2.1,4,lower,slow_attack,,2500000.0,-12.517171310017227,-12.231713014244532,1,1,1
ch4-lower-edge-narrow-20260807T185643Z,ch4-lower-edge-narrow-20260807T185643Z.json,2026-08-08,pluto://ip:192.168.2.1,4,lower,slow_attack,,2500000.0,-12.463745272239946,-12.504106601708715,3,3,2
ch4-lower-edge-narrow-20260807T185955Z,ch4-lower-edge-narrow-20260807T185955Z.json,2026-08-08,pluto://ip:192.168.2.1,4,lower,manual,50.0,2500000.0,-28.164930293834786,-32.04762023400023,2,2,2
ch4-lower-edge-narrow-20260807T190204Z,ch4-lower-edge-narrow-20260807T190204Z.json,2026-08-08,pluto://ip:192.168.2.1,4,lower,manual,50.0,2500000.0,-28.202868118379754,-32.01934969853403,2,2,1
ch4-lower-edge-narrow-20260807T190543Z,ch4-lower-edge-narrow-20260807T190543Z.json,2026-08-08,pluto://ip:192.168.2.1,4,lower,slow_attack,,2500000.0,-12.51408174957062,-12.317340740530337,0,0,0
ch4-lower-edge-narrow-20260807T190759Z,ch4-lower-edge-narrow-20260807T190759Z.json,2026-08-08,pluto://ip:192.168.2.1,4,lower,slow_attack,,2500000.0,-12.381097098877273,-12.935425514357359,2,2,2
ch4-lower-edge-narrow-20260807T191113Z,ch4-lower-edge-narrow-20260807T191113Z.json,2026-08-08,pluto://ip:192.168.2.1,4,lower,slow_attack,,2500000.0,-12.480130968912382,-12.81968458888569,2,2,2
ch4-lower-edge-narrow-20260807T191338Z,ch4-lower-edge-narrow-20260807T191338Z.json,2026-08-08,pluto://ip:192.168.2.1,4,lower,manual,50.0,2500000.0,-28.03090648611962,-31.801660175938046,2,2,2
ch4-lower-edge-narrow-20260807T191851Z,ch4-lower-edge-narrow-20260807T191851Z.json,2026-08-08,pluto://ip:192.168.2.1,4,lower,slow_attack,,2500000.0,-12.50455173890051,-12.707513427902697,4,4,3
ch4-lower-edge-narrow-20260807T192142Z,ch4-lower-edge-narrow-20260807T192142Z.json,2026-08-08,pluto://ip:192.168.2.1,4,lower,slow_attack,,2500000.0,-12.597869686541074,-12.427577368764823,2,2,2
ch4-lower-edge-narrow-20260807T192311Z,ch4-lower-edge-narrow-20260807T192311Z.json,2026-08-08,pluto://ip:192.168.2.1,4,lower,slow_attack,,2500000.0,-12.464886855941872,-12.281816497502795,3,3,2
ch4-lower-edge-narrow-20260807T192608Z,ch4-lower-edge-narrow-20260807T192608Z.json,2026-08-08,pluto://ip:192.168.2.1,4,lower,slow_attack,,2500000.0,-12.46701111407324,-13.06194582307987,1,0,0
ch4-lower-edge-narrow-20260807T192922Z,ch4-lower-edge-narrow-20260807T192922Z.json,2026-08-08,pluto://ip:192.168.2.1,4,lower,slow_attack,,2500000.0,-12.665052875155718,-12.478136961580057,4,4,4
ch4-lower-edge-narrow-20260807T193132Z,ch4-lower-edge-narrow-20260807T193132Z.json,2026-08-08,pluto://ip:192.168.2.1,4,lower,manual,50.0,2500000.0,-27.761709849539834,-31.800315104933357,3,3,3
ch4-lower-edge-narrow-20260807T193424Z,ch4-lower-edge-narrow-20260807T193424Z.json,2026-08-08,pluto://ip:192.168.2.1,4,lower,manual,50.0,2500000.0,-27.715672382409902,-31.70681586730332,2,2,2
ch4-lower-edge-narrow-20260807T193557Z,ch4-lower-edge-narrow-20260807T193557Z.json,2026-08-08,pluto://ip:192.168.2.1,4,lower,slow_attack,,2500000.0,-12.374015062411202,-13.10351277988878,1,1,1
ch4-lower-edge-narrow-20260807T194242Z,ch4-lower-edge-narrow-20260807T194242Z.json,2026-08-08,pluto://ip:192.168.2.1,4,lower,slow_attack,,2500000.0,-12.623972664322515,-12.518284598760044,5,5,4
ch4-lower-edge-narrow-20260807T194542Z,ch4-lower-edge-narrow-20260807T194542Z.json,2026-08-08,pluto://ip:192.168.2.1,4,lower,slow_attack,,2500000.0,-12.412061434790495,-12.616793824755812,2,2,2
ch4-lower-edge-narrow-20260807T194756Z,ch4-lower-edge-narrow-20260807T194756Z.json,2026-08-08,pluto://ip:192.168.2.1,4,lower,slow_attack,,2500000.0,-12.33854358327617,-13.015179186805641,1,1,1
ch4-lower-edge-narrow-20260807T195108Z,ch4-lower-edge-narrow-20260807T195108Z.json,2026-08-08,pluto://ip:192.168.2.1,4,lower,slow_attack,,2500000.0,-12.626453048742157,-12.379253768999018,2,2,2
ch4-lower-edge-narrow-20260807T195325Z,ch4-lower-edge-narrow-20260807T195325Z.json,2026-08-08,pluto://ip:192.168.2.1,4,lower,manual,50.0,2500000.0,-28.026196791767465,-32.033900133685776,0,0,0
ch4-lower-edge-narrow-20260807T195633Z,ch4-lower-edge-narrow-20260807T195633Z.json,2026-08-08,pluto://ip:192.168.2.1,4,lower,slow_attack,,2500000.0,-12.425764739747898,-12.471507024521053,2,2,2
ch4-lower-edge-narrow-20260807T195851Z,ch4-lower-edge-narrow-20260807T195851Z.json,2026-08-08,pluto://ip:192.168.2.1,4,lower,manual,50.0,2500000.0,-27.346540554271538,-31.53482454512545,3,3,3
ch4-lower-edge-narrow-20260807T200202Z,ch4-lower-edge-narrow-20260807T200202Z.json,2026-08-08,pluto://ip:192.168.2.1,4,lower,slow_attack,,2500000.0,-12.730767112786825,-12.506550177930507,1,1,1
ch4-lower-edge-narrow-20260807T200422Z,ch4-lower-edge-narrow-20260807T200422Z.json,2026-08-08,pluto://ip:192.168.2.1,4,lower,slow_attack,,2500000.0,-12.657322118317387,-12.737325742488505,2,2,2
ch4-lower-edge-narrow-20260807T200813Z,ch4-lower-edge-narrow-20260807T200813Z.json,2026-08-08,pluto://ip:192.168.2.1,4,lower,slow_attack,,2500000.0,-12.834563524340245,-12.731569340283952,4,4,4
ch4-lower-edge-narrow-20260807T201033Z,ch4-lower-edge-narrow-20260807T201033Z.json,2026-08-08,pluto://ip:192.168.2.1,4,lower,manual,50.0,2500000.0,-27.514727551577845,-31.654879917615986,2,2,2
ch4-lower-edge-narrow-20260807T201347Z,ch4-lower-edge-narrow-20260807T201347Z.json,2026-08-08,pluto://ip:192.168.2.1,4,lower,manual,50.0,2500000.0,-27.507240862721364,-31.650328806451178,4,4,3
ch4-lower-edge-narrow-20260807T201624Z,ch4-lower-edge-narrow-20260807T201624Z.json,2026-08-08,pluto://ip:192.168.2.1,4,lower,slow_attack,,2500000.0,-12.871030162435597,-12.853817629323219,1,1,1
ch4-lower-edge-narrow-20260807T202021Z,ch4-lower-edge-narrow-20260807T202021Z.json,2026-08-08,pluto://ip:192.168.2.1,4,lower,manual,50.0,2500000.0,-27.39511309749681,-31.510336698532303,2,2,2
ch4-lower-edge-narrow-20260807T202400Z,ch4-lower-edge-narrow-20260807T202400Z.json,2026-08-08,pluto://ip:192.168.2.1,4,lower,slow_attack,,2500000.0,-12.775127879405986,-12.733390713399169,3,3,3
ch4-lower-edge-narrow-20260807T202654Z,ch4-lower-edge-narrow-20260807T202654Z.json,2026-08-08,pluto://ip:192.168.2.1,4,lower,slow_attack,,2500000.0,-12.325870888383177,-12.050684991331648,1,1,1
ch4-lower-edge-narrow-20260807T202900Z,ch4-lower-edge-narrow-20260807T202900Z.json,2026-08-08,pluto://ip:192.168.2.1,4,lower,slow_attack,,2500000.0,-12.763925553289823,-12.763296980570724,2,2,2
ch4-lower-edge-narrow-20260807T203157Z,ch4-lower-edge-narrow-20260807T203157Z.json,2026-08-08,pluto://ip:192.168.2.1,4,lower,manual,50.0,2500000.0,-28.04220021321617,-31.919110580946114,1,1,1
ch4-lower-edge-narrow-20260807T203403Z,ch4-lower-edge-narrow-20260807T203403Z.json,2026-08-08,pluto://ip:192.168.2.1,4,lower,slow_attack,,2500000.0,-12.38548168621989,-12.23015724792507,2,2,2
ch4-lower-edge-narrow-20260807T203746Z,ch4-lower-edge-narrow-20260807T203746Z.json,2026-08-08,pluto://ip:192.168.2.1,4,lower,manual,50.0,2500000.0,-27.786824797104433,-31.715068531643354,4,4,4
ch4-lower-edge-narrow-20260807T203951Z,ch4-lower-edge-narrow-20260807T203951Z.json,2026-08-07,pluto://ip:192.168.2.1,4,lower,slow_attack,,2500000.0,-12.558128682203964,-12.97179742414067,2,2,2
ch4-lower-edge-narrow-20260807T204300Z,ch4-lower-edge-narrow-20260807T204300Z.json,2026-08-07,pluto://ip:192.168.2.1,4,lower,slow_attack,,2500000.0,-12.573086101129274,-12.933976776739746,4,4,3
ch4-lower-edge-narrow-20260807T204512Z,ch4-lower-edge-narrow-20260807T204512Z.json,2026-08-08,pluto://ip:192.168.2.1,4,lower,slow_attack,,2500000.0,-12.445081672045903,-12.88892726340186,2,2,2
ch4-lower-edge-narrow-20260807T204808Z,ch4-lower-edge-narrow-20260807T204808Z.json,2026-08-07,pluto://ip:192.168.2.1,4,lower,manual,50.0,2500000.0,-28.131323792645478,-31.97916396317439,1,0,0
ch4-lower-edge-narrow-20260807T205019Z,ch4-lower-edge-narrow-20260807T205019Z.json,2026-08-08,pluto://ip:192.168.2.1,4,lower,slow_attack,,2500000.0,-13.014946854678007,-12.9884339651484,1,1,1
ch4-lower-edge-narrow-20260807T205314Z,ch4-lower-edge-narrow-20260807T205314Z.json,2026-08-07,pluto://ip:192.168.2.1,4,lower,slow_attack,,2500000.0,-12.3722271751316,-12.685338295727945,2,2,2
ch4-lower-edge-narrow-20260807T205522Z,ch4-lower-edge-narrow-20260807T205522Z.json,2026-08-08,pluto://ip:192.168.2.1,4,lower,slow_attack,,2500000.0,-12.416935771852009,-12.129854025816938,0,0,0
ch4-lower-edge-narrow-20260807T205816Z,ch4-lower-edge-narrow-20260807T205816Z.json,2026-08-08,pluto://ip:192.168.2.1,4,lower,slow_attack,,2500000.0,-12.754880063151386,-12.775544953342127,0,0,0
ch4-lower-edge-narrow-20260807T210023Z,ch4-lower-edge-narrow-20260807T210023Z.json,2026-08-08,pluto://ip:192.168.2.1,4,lower,manual,50.0,2500000.0,-27.985575868227194,-31.84338263838983,1,1,1
ch4-lower-edge-narrow-20260807T210442Z,ch4-lower-edge-narrow-20260807T210442Z.json,2026-08-07,pluto://ip:192.168.2.1,4,lower,slow_attack,,2500000.0,-12.598703653254326,-12.781381544518812,3,3,2
ch4-lower-edge-narrow-20260807T210701Z,ch4-lower-edge-narrow-20260807T210701Z.json,2026-08-08,pluto://ip:192.168.2.1,4,lower,slow_attack,,2500000.0,-12.764562002337547,-12.662465881526332,3,3,3
ch4-lower-edge-narrow-20260807T210954Z,ch4-lower-edge-narrow-20260807T210954Z.json,2026-08-07,pluto://ip:192.168.2.1,4,lower,slow_attack,,2500000.0,-12.499960192136035,-13.133837718924575,1,1,1
ch4-lower-edge-narrow-20260807T211212Z,ch4-lower-edge-narrow-20260807T211212Z.json,2026-08-07,pluto://ip:192.168.2.1,4,lower,slow_attack,,2500000.0,-12.406014452029142,-12.74961243083544,1,0,0
ch4-lower-edge-narrow-20260807T211500Z,ch4-lower-edge-narrow-20260807T211500Z.json,2026-08-07,pluto://ip:192.168.2.1,4,lower,slow_attack,,2500000.0,-12.575098026777813,-12.26213281191815,4,4,4
ch4-lower-edge-narrow-20260807T211709Z,ch4-lower-edge-narrow-20260807T211709Z.json,2026-08-08,pluto://ip:192.168.2.1,4,lower,slow_attack,,2500000.0,-12.527908147765189,-12.789599468994282,1,1,1
ch4-lower-edge-narrow-20260807T212010Z,ch4-lower-edge-narrow-20260807T212010Z.json,2026-08-07,pluto://ip:192.168.2.1,4,lower,manual,50.0,2500000.0,-28.094458204526727,-31.92749838380734,2,0,0
ch4-lower-edge-narrow-20260807T212227Z,ch4-lower-edge-narrow-20260807T212227Z.json,2026-08-08,pluto://ip:192.168.2.1,4,lower,slow_attack,,2500000.0,-12.284983635590702,-12.815072153291938,1,1,1
ch4-lower-edge-narrow-20260807T212529Z,ch4-lower-edge-narrow-20260807T212529Z.json,2026-08-08,pluto://ip:192.168.2.1,4,lower,slow_attack,,2500000.0,-12.36375065737504,-12.371581399946422,3,3,2
ch4-lower-edge-narrow-20260807T212740Z,ch4-lower-edge-narrow-20260807T212740Z.json,2026-08-07,pluto://ip:192.168.2.1,4,lower,slow_attack,,2500000.0,-12.464641252505743,-12.886300402550386,3,3,2
ch4-lower-edge-narrow-20260807T213109Z,ch4-lower-edge-narrow-20260807T213109Z.json,2026-08-08,pluto://ip:192.168.2.1,4,lower,manual,50.0,2500000.0,-27.04988071507148,-31.199432684077493,3,3,3
ch4-lower-edge-narrow-20260807T213315Z,ch4-lower-edge-narrow-20260807T213315Z.json,2026-08-07,pluto://ip:192.168.2.1,4,lower,slow_attack,,2500000.0,-12.631782246591845,-12.710499142943128,1,1,1
ch4-lower-edge-narrow-20260807T213620Z,ch4-lower-edge-narrow-20260807T213620Z.json,2026-08-07,pluto://ip:192.168.2.1,4,lower,manual,50.0,2500000.0,-27.079995984112955,-31.353405927341488,4,4,2
ch4-lower-edge-narrow-20260807T213831Z,ch4-lower-edge-narrow-20260807T213831Z.json,2026-08-08,pluto://ip:192.168.2.1,4,lower,manual,50.0,2500000.0,-26.489592637096806,-31.111678838281584,4,4,3
ch4-lower-edge-narrow-20260807T214121Z,ch4-lower-edge-narrow-20260807T214121Z.json,2026-08-07,pluto://ip:192.168.2.1,4,lower,slow_attack,,2500000.0,-12.516287684544483,-12.494678193631243,2,2,2
ch4-lower-edge-narrow-20260807T214430Z,ch4-lower-edge-narrow-20260807T214430Z.json,2026-08-07,pluto://ip:192.168.2.1,4,lower,slow_attack,,2500000.0,-12.49123905517142,-12.513645823983115,1,1,1
ch4-lower-edge-narrow-20260807T214722Z,ch4-lower-edge-narrow-20260807T214722Z.json,2026-08-08,pluto://ip:192.168.2.1,4,lower,manual,50.0,2500000.0,-26.84841724724155,-31.32778009769592,2,2,2
ch4-lower-edge-narrow-20260807T214932Z,ch4-lower-edge-narrow-20260807T214932Z.json,2026-08-07,pluto://ip:192.168.2.1,4,lower,manual,50.0,2500000.0,-26.858377804941,-31.334923703870178,3,3,3
ch4-lower-edge-narrow-20260807T215230Z,ch4-lower-edge-narrow-20260807T215230Z.json,2026-08-08,pluto://ip:192.168.2.1,4,lower,manual,50.0,2500000.0,-26.538129251276004,-31.001798161325716,2,2,2
ch4-lower-edge-narrow-20260807T215439Z,ch4-lower-edge-narrow-20260807T215439Z.json,2026-08-07,pluto://ip:192.168.2.1,4,lower,manual,50.0,2500000.0,-26.987976040168107,-31.431332590429022,1,1,0
ch4-lower-edge-narrow-20260807T215809Z,ch4-lower-edge-narrow-20260807T215809Z.json,2026-08-07,pluto://ip:192.168.2.1,4,lower,manual,50.0,2500000.0,-26.339780634520853,-30.983171739113033,5,5,5
ch4-lower-edge-narrow-20260807T220016Z,ch4-lower-edge-narrow-20260807T220016Z.json,2026-08-08,pluto://ip:192.168.2.1,4,lower,slow_attack,,2500000.0,-13.021402271808862,-12.484643647301553,2,2,2
ch4-lower-edge-narrow-20260807T220307Z,ch4-lower-edge-narrow-20260807T220307Z.json,2026-08-08,pluto://ip:192.168.2.1,4,lower,manual,50.0,2500000.0,-27.154741019791437,-31.509949046538004,1,1,1
ch4-lower-edge-narrow-20260807T220515Z,ch4-lower-edge-narrow-20260807T220515Z.json,2026-08-08,pluto://ip:192.168.2.1,4,lower,manual,50.0,2500000.0,-27.090249388864393,-31.5033737289194,1,1,1
ch4-lower-edge-narrow-20260807T220814Z,ch4-lower-edge-narrow-20260807T220814Z.json,2026-08-08,pluto://ip:192.168.2.1,4,lower,slow_attack,,2500000.0,-12.589721482540979,-12.553866504920475,2,2,1
ch4-lower-edge-narrow-20260807T221025Z,ch4-lower-edge-narrow-20260807T221025Z.json,2026-08-07,pluto://ip:192.168.2.1,4,lower,manual,50.0,2500000.0,-27.42188140157721,-31.67258828743976,0,0,0
ch4-lower-edge-narrow-20260807T221316Z,ch4-lower-edge-narrow-20260807T221316Z.json,2026-08-08,pluto://ip:192.168.2.1,4,lower,manual,50.0,2500000.0,-27.59063922359063,-31.759092995133038,0,0,0
ch4-lower-edge-narrow-20260807T221523Z,ch4-lower-edge-narrow-20260807T221523Z.json,2026-08-08,pluto://ip:192.168.2.1,4,lower,manual,50.0,2500000.0,-27.197296881733244,-31.525725332611767,1,1,1
ch4-lower-edge-narrow-20260807T221816Z,ch4-lower-edge-narrow-20260807T221816Z.json,2026-08-07,pluto://ip:192.168.2.1,4,lower,manual,50.0,2500000.0,-26.732438575778215,-31.25326418321777,4,4,3
ch4-lower-edge-narrow-20260807T222026Z,ch4-lower-edge-narrow-20260807T222026Z.json,2026-08-08,pluto://ip:192.168.2.1,4,lower,manual,50.0,2500000.0,-27.199807348555687,-31.42719048532761,4,4,3
ch4-lower-edge-narrow-20260807T222447Z,ch4-lower-edge-narrow-20260807T222447Z.json,2026-08-07,pluto://ip:192.168.2.1,4,lower,manual,50.0,2500000.0,-27.522922535572288,-31.737034934208516,1,1,1
ch4-lower-edge-narrow-20260807T222651Z,ch4-lower-edge-narrow-20260807T222651Z.json,2026-08-08,pluto://ip:192.168.2.1,4,lower,manual,50.0,2500000.0,-27.37711906336949,-31.623845319196807,2,2,2
ch4-lower-edge-narrow-20260807T222942Z,ch4-lower-edge-narrow-20260807T222942Z.json,2026-08-07,pluto://ip:192.168.2.1,4,lower,slow_attack,,2500000.0,-12.726980737555792,-12.203709525951345,2,2,2
ch4-lower-edge-narrow-20260807T223150Z,ch4-lower-edge-narrow-20260807T223150Z.json,2026-08-08,pluto://ip:192.168.2.1,4,lower,slow_attack,,2500000.0,-12.866529411879487,-12.89720950079385,1,0,0
ch4-lower-edge-narrow-20260807T223446Z,ch4-lower-edge-narrow-20260807T223446Z.json,2026-08-07,pluto://ip:192.168.2.1,4,lower,manual,50.0,2500000.0,-27.32447859726285,-31.508752997537115,2,2,2
ch4-lower-edge-narrow-20260807T223655Z,ch4-lower-edge-narrow-20260807T223655Z.json,2026-08-08,pluto://ip:192.168.2.1,4,lower,manual,50.0,2500000.0,-27.47424215644921,-31.676629607493744,1,1,1
ch4-lower-edge-narrow-20260807T223942Z,ch4-lower-edge-narrow-20260807T223942Z.json,2026-08-08,pluto://ip:192.168.2.1,4,lower,slow_attack,,2500000.0,-12.571681249979463,-12.32042515257191,3,3,3
ch4-lower-edge-narrow-20260807T224151Z,ch4-lower-edge-narrow-20260807T224151Z.json,2026-08-07,pluto://ip:192.168.2.1,4,lower,slow_attack,,2500000.0,-12.733260210965359,-12.681064054097785,1,1,1
ch4-lower-edge-narrow-20260807T224445Z,ch4-lower-edge-narrow-20260807T224445Z.json,2026-08-08,pluto://ip:192.168.2.1,4,lower,slow_attack,,2500000.0,-12.548787252687838,-12.617604047660599,2,2,2
ch4-lower-edge-narrow-20260807T224654Z,ch4-lower-edge-narrow-20260807T224654Z.json,2026-08-07,pluto://ip:192.168.2.1,4,lower,manual,50.0,2500000.0,-27.408656284564085,-31.64726236889823,3,3,3
ch4-lower-edge-narrow-20260807T225024Z,ch4-lower-edge-narrow-20260807T225024Z.json,2026-08-08,pluto://ip:192.168.2.1,4,lower,manual,50.0,2500000.0,-27.015197631705128,-31.215017737742304,5,5,5
ch4-lower-edge-narrow-20260807T225230Z,ch4-lower-edge-narrow-20260807T225230Z.json,2026-08-07,pluto://ip:192.168.2.1,4,lower,manual,50.0,2500000.0,-27.194723759887612,-31.40139437565327,2,2,2
ch4-lower-edge-narrow-20260807T225524Z,ch4-lower-edge-narrow-20260807T225524Z.json,2026-08-08,pluto://ip:192.168.2.1,4,lower,manual,50.0,2500000.0,-27.14971964310694,-31.399900704087553,4,4,4
ch4-lower-edge-narrow-20260807T225730Z,ch4-lower-edge-narrow-20260807T225730Z.json,2026-08-07,pluto://ip:192.168.2.1,4,lower,slow_attack,,2500000.0,-12.605943109967328,-12.45306517974438,5,5,4
ch4-lower-edge-narrow-20260807T230025Z,ch4-lower-edge-narrow-20260807T230025Z.json,2026-08-08,pluto://ip:192.168.2.1,4,lower,manual,50.0,2500000.0,-27.777261946602707,-31.811222610418298,0,0,0
ch4-lower-edge-narrow-20260807T230324Z,ch4-lower-edge-narrow-20260807T230324Z.json,2026-08-08,pluto://ip:192.168.2.1,4,lower,slow_attack,,2500000.0,-12.962754121882476,-12.778529263409323,1,1,1
ch4-lower-edge-narrow-20260807T230618Z,ch4-lower-edge-narrow-20260807T230618Z.json,2026-08-07,pluto://ip:192.168.2.1,4,lower,slow_attack,,2500000.0,-13.063218075244524,-12.921631443555501,1,1,1
ch4-lower-edge-narrow-20260807T230826Z,ch4-lower-edge-narrow-20260807T230826Z.json,2026-08-07,pluto://ip:192.168.2.1,4,lower,manual,50.0,2500000.0,-27.600383206997382,-31.600620687792848,3,3,2
ch4-lower-edge-narrow-20260807T231116Z,ch4-lower-edge-narrow-20260807T231116Z.json,2026-08-08,pluto://ip:192.168.2.1,4,lower,manual,50.0,2500000.0,-27.945138832174507,-31.861407573117752,1,1,1
ch4-lower-edge-narrow-20260807T231323Z,ch4-lower-edge-narrow-20260807T231323Z.json,2026-08-08,pluto://ip:192.168.2.1,4,lower,manual,50.0,2500000.0,-27.608316625900002,-31.66459953164169,2,2,2
ch4-lower-edge-narrow-20260807T231655Z,ch4-lower-edge-narrow-20260807T231655Z.json,2026-08-07,pluto://ip:192.168.2.1,4,lower,manual,50.0,2500000.0,-27.771849523499323,-31.678902379553115,2,2,2
ch4-lower-edge-narrow-20260807T231903Z,ch4-lower-edge-narrow-20260807T231903Z.json,2026-08-08,pluto://ip:192.168.2.1,4,lower,slow_attack,,2500000.0,-12.727003409738165,-12.638651791384675,1,1,1
ch4-lower-edge-narrow-20260807T232156Z,ch4-lower-edge-narrow-20260807T232156Z.json,2026-08-08,pluto://ip:192.168.2.1,4,lower,manual,50.0,2500000.0,-27.87039740486183,-31.76381469343482,4,4,2
ch4-lower-edge-narrow-20260807T232403Z,ch4-lower-edge-narrow-20260807T232403Z.json,2026-08-07,pluto://ip:192.168.2.1,4,lower,manual,50.0,2500000.0,-27.69692482722214,-31.71386549714812,3,3,3
ch4-lower-edge-narrow-20260807T232701Z,ch4-lower-edge-narrow-20260807T232701Z.json,2026-08-08,pluto://ip:192.168.2.1,4,lower,manual,50.0,2500000.0,-27.477370304627783,-31.42951851248465,4,4,4
ch4-lower-edge-narrow-20260807T232912Z,ch4-lower-edge-narrow-20260807T232912Z.json,2026-08-07,pluto://ip:192.168.2.1,4,lower,manual,50.0,2500000.0,-26.96981238086922,-31.007493186008197,9,9,7
ch4-lower-edge-narrow-20260807T233231Z,ch4-lower-edge-narrow-20260807T233231Z.json,2026-08-07,pluto://ip:192.168.2.1,4,lower,manual,50.0,2500000.0,-27.573643171319887,-31.709975712722212,3,3,2
ch4-lower-edge-narrow-20260807T233448Z,ch4-lower-edge-narrow-20260807T233448Z.json,2026-08-08,pluto://ip:192.168.2.1,4,lower,manual,50.0,2500000.0,-27.51926300009732,-31.65108810277808,2,2,1
ch4-lower-edge-narrow-20260807T233741Z,ch4-lower-edge-narrow-20260807T233741Z.json,2026-08-08,pluto://ip:192.168.2.1,4,lower,slow_attack,,2500000.0,-12.68560838035419,-12.697971155435361,1,1,1
ch4-lower-edge-narrow-20260807T233950Z,ch4-lower-edge-narrow-20260807T233950Z.json,2026-08-07,pluto://ip:192.168.2.1,4,lower,slow_attack,,2500000.0,-12.570646527615645,-12.470450761845235,4,4,3
ch4-lower-edge-narrow-20260807T234412Z,ch4-lower-edge-narrow-20260807T234412Z.json,2026-08-08,pluto://ip:192.168.2.1,4,lower,manual,50.0,2500000.0,-27.097953158853446,-31.361043154389186,5,5,5
ch4-lower-edge-narrow-20260807T234618Z,ch4-lower-edge-narrow-20260807T234618Z.json,2026-08-07,pluto://ip:192.168.2.1,4,lower,manual,50.0,2500000.0,-27.397744395716117,-31.58702368817938,1,1,1
ch4-lower-edge-narrow-20260807T234922Z,ch4-lower-edge-narrow-20260807T234922Z.json,2026-08-07,pluto://ip:192.168.2.1,4,lower,slow_attack,,2500000.0,-12.68106495817381,-12.123382943884556,1,1,1
ch4-lower-edge-narrow-20260807T235129Z,ch4-lower-edge-narrow-20260807T235129Z.json,2026-08-07,pluto://ip:192.168.2.1,4,lower,slow_attack,,2500000.0,-12.761761940162295,-12.806645433578282,3,3,2
ch4-lower-edge-narrow-20260807T235424Z,ch4-lower-edge-narrow-20260807T235424Z.json,2026-08-08,pluto://ip:192.168.2.1,4,lower,manual,50.0,2500000.0,-27.503786177306893,-31.590285896901513,3,3,2
ch4-lower-edge-narrow-20260807T235634Z,ch4-lower-edge-narrow-20260807T235634Z.json,2026-08-08,pluto://ip:192.168.2.1,4,lower,slow_attack,,2500000.0,-12.905281000969087,-12.838306817384028,2,2,2
ch4-lower-edge-narrow-20260807T235952Z,ch4-lower-edge-narrow-20260807T235952Z.json,2026-08-08,pluto://ip:192.168.2.1,4,lower,manual,50.0,2500000.0,-27.50371593595602,-31.636271946649895,3,3,3
ch4-lower-edge-narrow-20260808T000203Z,ch4-lower-edge-narrow-20260808T000203Z.json,2026-08-08,pluto://ip:192.168.2.1,4,lower,slow_attack,,2500000.0,-12.770594041719272,-12.539536778570074,3,3,3
ch4-lower-edge-narrow-20260808T000503Z,ch4-lower-edge-narrow-20260808T000503Z.json,2026-08-08,pluto://ip:192.168.2.1,4,lower,manual,50.0,2500000.0,-27.633999495970116,-31.70749174918628,1,0,0
ch4-lower-edge-narrow-20260808T000716Z,ch4-lower-edge-narrow-20260808T000716Z.json,2026-08-08,pluto://ip:192.168.2.1,4,lower,manual,50.0,2500000.0,-27.51636238177058,-31.610127536125837,3,3,3
ch4-lower-edge-narrow-20260808T001050Z,ch4-lower-edge-narrow-20260808T001050Z.json,2026-08-08,pluto://ip:192.168.2.1,4,lower,manual,50.0,2500000.0,-27.654529769007677,-31.74313455618131,1,1,1
ch4-lower-edge-narrow-20260808T001305Z,ch4-lower-edge-narrow-20260808T001305Z.json,2026-08-08,pluto://ip:192.168.2.1,4,lower,manual,50.0,2500000.0,-27.654720067320095,-31.724381319332302,1,0,0
ch4-lower-edge-narrow-20260808T001617Z,ch4-lower-edge-narrow-20260808T001617Z.json,2026-08-08,pluto://ip:192.168.2.1,4,lower,slow_attack,,2500000.0,-12.635473919988254,-12.27266607873863,4,4,4
ch4-lower-edge-narrow-20260808T001834Z,ch4-lower-edge-narrow-20260808T001834Z.json,2026-08-08,pluto://ip:192.168.2.1,4,lower,slow_attack,,2500000.0,-12.805075851328365,-12.787709434962524,2,2,2
ch4-lower-edge-narrow-20260808T002133Z,ch4-lower-edge-narrow-20260808T002133Z.json,2026-08-08,pluto://ip:192.168.2.1,4,lower,slow_attack,,2500000.0,-12.622184937527226,-12.584232604799583,6,6,5
ch4-lower-edge-narrow-20260808T002435Z,ch4-lower-edge-narrow-20260808T002435Z.json,2026-08-08,pluto://ip:192.168.2.1,4,lower,slow_attack,,2500000.0,-12.665408633252142,-12.675197714750743,2,2,1
ch4-lower-edge-narrow-20260808T002737Z,ch4-lower-edge-narrow-20260808T002737Z.json,2026-08-08,pluto://ip:192.168.2.1,4,lower,manual,50.0,2500000.0,-27.219425649595372,-31.508203177932863,3,3,3
ch4-lower-edge-narrow-20260808T002943Z,ch4-lower-edge-narrow-20260808T002943Z.json,2026-08-08,pluto://ip:192.168.2.1,4,lower,manual,50.0,2500000.0,-27.43369496540405,-31.67276002603081,0,0,0
ch4-lower-edge-narrow-20260808T003233Z,ch4-lower-edge-narrow-20260808T003233Z.json,2026-08-08,pluto://ip:192.168.2.1,4,lower,slow_attack,,2500000.0,-12.608573611811607,-12.412278656731514,4,4,3
ch4-lower-edge-narrow-20260808T003441Z,ch4-lower-edge-narrow-20260808T003441Z.json,2026-08-08,pluto://ip:192.168.2.1,4,lower,manual,50.0,2500000.0,-26.82419280490732,-31.31545044241279,4,4,3
ch4-lower-edge-narrow-20260808T003822Z,ch4-lower-edge-narrow-20260808T003822Z.json,2026-08-08,pluto://ip:192.168.2.1,4,lower,manual,50.0,2500000.0,-27.123612016599164,-31.487996478584993,0,0,0
ch4-lower-edge-narrow-20260808T004026Z,ch4-lower-edge-narrow-20260808T004026Z.json,2026-08-08,pluto://ip:192.168.2.1,4,lower,manual,50.0,2500000.0,-26.636802597191224,-31.22661413330805,4,4,2
ch4-lower-edge-narrow-20260808T004316Z,ch4-lower-edge-narrow-20260808T004316Z.json,2026-08-08,pluto://ip:192.168.2.1,4,lower,manual,50.0,2500000.0,-26.822650565040625,-31.33560135864533,2,2,1
ch4-lower-edge-narrow-20260808T004526Z,ch4-lower-edge-narrow-20260808T004526Z.json,2026-08-08,pluto://ip:192.168.2.1,4,lower,manual,50.0,2500000.0,-26.745535162629295,-31.220604922059415,2,2,2
ch4-lower-edge-narrow-20260808T004816Z,ch4-lower-edge-narrow-20260808T004816Z.json,2026-08-08,pluto://ip:192.168.2.1,4,lower,manual,50.0,2500000.0,-26.60169702638832,-31.161495872872806,2,2,1
ch4-lower-edge-narrow-20260808T005027Z,ch4-lower-edge-narrow-20260808T005027Z.json,2026-08-08,pluto://ip:192.168.2.1,4,lower,slow_attack,,2500000.0,-12.634853152374276,-12.532260595982503,0,0,0
ch4-lower-edge-narrow-20260808T053321Z,ch4-lower-edge-narrow-20260808T053321Z.json,2026-08-08,pluto://ip:192.168.2.1,4,lower,slow_attack,,2500000.0,-12.505493709659971,-12.745448440559443,1,1,1
ch4-lower-edge-narrow-20260808T053531Z,ch4-lower-edge-narrow-20260808T053531Z.json,2026-08-08,pluto://ip:192.168.2.1,4,lower,manual,50.0,2500000.0,-26.994788477679972,-31.911190259513003,2,2,2
ch4-lower-edge-narrow-20260808T053838Z,ch4-lower-edge-narrow-20260808T053838Z.json,2026-08-08,pluto://ip:192.168.2.1,4,lower,manual,50.0,2500000.0,-26.797486100382915,-31.69079891921534,4,4,3
ch4-lower-edge-narrow-20260808T054047Z,ch4-lower-edge-narrow-20260808T054047Z.json,2026-08-08,pluto://ip:192.168.2.1,4,lower,slow_attack,,2500000.0,-12.81152421319482,-12.446695800133103,2,2,2
ch4-lower-edge-narrow-20260808T054532Z,ch4-lower-edge-narrow-20260808T054532Z.json,2026-08-08,pluto://ip:192.168.2.1,4,lower,manual,50.0,2500000.0,-26.94845558005738,-31.859212782003002,4,4,3
ch4-lower-edge-narrow-20260808T054744Z,ch4-lower-edge-narrow-20260808T054744Z.json,2026-08-08,pluto://ip:192.168.2.1,4,lower,manual,50.0,2500000.0,-27.087580201018675,-31.946318028689817,2,2,2
ch4-lower-edge-narrow-20260808T055058Z,ch4-lower-edge-narrow-20260808T055058Z.json,2026-08-08,pluto://ip:192.168.2.1,4,lower,slow_attack,,2500000.0,-12.578363352764816,-12.438720542450106,6,6,5
ch4-lower-edge-narrow-20260808T055311Z,ch4-lower-edge-narrow-20260808T055311Z.json,2026-08-08,pluto://ip:192.168.2.1,4,lower,manual,50.0,2500000.0,-27.18714857462899,-32.063242672508785,1,1,1
ch4-lower-edge-narrow-20260808T055628Z,ch4-lower-edge-narrow-20260808T055628Z.json,2026-08-08,pluto://ip:192.168.2.1,4,lower,manual,50.0,2500000.0,-27.35447112171656,-32.178035281300374,0,0,0
ch4-lower-edge-narrow-20260808T055905Z,ch4-lower-edge-narrow-20260808T055905Z.json,2026-08-08,pluto://ip:192.168.2.1,4,lower,manual,50.0,2500000.0,-26.979655899377555,-31.853626868673743,5,5,5
ch4-lower-edge-narrow-20260808T071043Z,ch4-lower-edge-narrow-20260808T071043Z.json,2026-08-08,pluto://ip:192.168.2.1,4,lower,slow_attack,,2500000.0,-12.417120598476298,-12.42308651433968,6,6,4
ch4-lower-edge-narrow-20260808T071313Z,ch4-lower-edge-narrow-20260808T071313Z.json,2026-08-08,pluto://ip:192.168.2.1,4,lower,manual,50.0,2500000.0,-27.198426628294637,-32.054052191380265,1,1,0
ch4-lower-edge-narrow-20260808T071619Z,ch4-lower-edge-narrow-20260808T071619Z.json,2026-08-08,pluto://ip:192.168.2.1,4,lower,slow_attack,,2500000.0,-12.429383185520006,-12.36176401448301,2,2,1
ch4-lower-edge-narrow-20260808T071832Z,ch4-lower-edge-narrow-20260808T071832Z.json,2026-08-08,pluto://ip:192.168.2.1,4,lower,manual,50.0,2500000.0,-26.92946689216816,-31.829574405930753,4,4,2
ch4-lower-edge-narrow-20260808T072226Z,ch4-lower-edge-narrow-20260808T072226Z.json,2026-08-08,pluto://ip:192.168.2.1,4,lower,slow_attack,,2500000.0,-12.486711948273149,-12.42117601289608,7,7,5
ch4-lower-edge-narrow-20260808T083353Z,ch4-lower-edge-narrow-20260808T083353Z.json,2026-08-08,pluto://ip:192.168.2.1,4,lower,slow_attack,,2500000.0,-12.678601824962897,-12.491023177883584,1,1,1
ch4-lower-edge-narrow-20260808T083645Z,ch4-lower-edge-narrow-20260808T083645Z.json,2026-08-08,pluto://ip:192.168.2.1,4,lower,manual,50.0,2500000.0,-27.064516442293023,-31.930284917043306,4,4,3
ch4-lower-edge-narrow-20260808T083853Z,ch4-lower-edge-narrow-20260808T083853Z.json,2026-08-08,pluto://ip:192.168.2.1,4,lower,manual,50.0,2500000.0,-26.929471889626527,-31.686778706174508,5,5,5
ch4-lower-edge-narrow-20260808T084144Z,ch4-lower-edge-narrow-20260808T084144Z.json,2026-08-08,pluto://ip:192.168.2.1,4,lower,slow_attack,,2500000.0,-12.263484771098405,-12.478004073009378,4,4,4
ch4-lower-edge-narrow-20260808T084446Z,ch4-lower-edge-narrow-20260808T084446Z.json,2026-08-08,pluto://ip:192.168.2.1,4,lower,manual,50.0,2500000.0,-27.308796038894766,-32.109747465580966,0,0,0
ch4-lower-edge-narrow-20260808T084739Z,ch4-lower-edge-narrow-20260808T084739Z.json,2026-08-08,pluto://ip:192.168.2.1,4,lower,manual,50.0,2500000.0,-27.239221772191552,-31.996360197786203,0,0,0
ch4-lower-edge-narrow-20260808T084948Z,ch4-lower-edge-narrow-20260808T084948Z.json,2026-08-08,pluto://ip:192.168.2.1,4,lower,slow_attack,,2500000.0,-12.407310613881087,-12.28254344627852,5,5,4
ch4-lower-edge-narrow-20260808T085241Z,ch4-lower-edge-narrow-20260808T085241Z.json,2026-08-08,pluto://ip:192.168.2.1,4,lower,slow_attack,,2500000.0,-12.549646477726641,-12.351877564812892,2,2,1
ch4-lower-edge-narrow-20260808T085451Z,ch4-lower-edge-narrow-20260808T085451Z.json,2026-08-08,pluto://ip:192.168.2.1,4,lower,manual,50.0,2500000.0,-27.317431266643126,-32.13206740648647,0,0,0
ch4-lower-edge-narrow-20260808T144122Z,ch4-lower-edge-narrow-20260808T144122Z.json,2026-08-08,pluto://ip:192.168.2.1,4,lower,manual,50.0,2500000.0,-27.703347666714897,-32.38358010643211,0,0,0
ch4-lower-edge-narrow-20260808T144328Z,ch4-lower-edge-narrow-20260808T144328Z.json,2026-08-08,pluto://ip:192.168.2.1,4,lower,manual,50.0,2500000.0,-27.129110932990187,-31.90232392607924,2,2,2
ch4-lower-edge-narrow-20260808T144617Z,ch4-lower-edge-narrow-20260808T144617Z.json,2026-08-08,pluto://ip:192.168.2.1,4,lower,manual,50.0,2500000.0,-27.68069448613719,-32.29765629718231,1,1,1
ch4-lower-edge-narrow-20260808T152026Z,ch4-lower-edge-narrow-20260808T152026Z.json,2026-08-08,pluto://ip:192.168.2.1,4,lower,manual,50.0,2500000.0,-27.47709347249353,-32.17125562262065,1,1,1
ch4-lower-edge-narrow-20260808T152319Z,ch4-lower-edge-narrow-20260808T152319Z.json,2026-08-08,pluto://ip:192.168.2.1,4,lower,slow_attack,,2500000.0,-12.779397204174854,-12.487908669808052,2,2,2
ch4-lower-edge-narrow-20260808T152533Z,ch4-lower-edge-narrow-20260808T152533Z.json,2026-08-08,pluto://ip:192.168.2.1,4,lower,manual,50.0,2500000.0,-27.41111449699964,-32.106463565340825,2,2,1
ch4-lower-edge-narrow-20260808T152834Z,ch4-lower-edge-narrow-20260808T152834Z.json,2026-08-08,pluto://ip:192.168.2.1,4,lower,manual,50.0,2500000.0,-27.486838805296657,-32.176671744622965,2,2,2
ch4-lower-edge-narrow-20260808T153047Z,ch4-lower-edge-narrow-20260808T153047Z.json,2026-08-08,pluto://ip:192.168.2.1,4,lower,manual,50.0,2500000.0,-26.98394209927841,-31.75680288517382,6,6,4
ch4-lower-edge-narrow-20260808T153343Z,ch4-lower-edge-narrow-20260808T153343Z.json,2026-08-08,pluto://ip:192.168.2.1,4,lower,manual,50.0,2500000.0,-26.912148747090963,-31.573746675427607,5,5,4
ch4-lower-edge-narrow-20260808T153551Z,ch4-lower-edge-narrow-20260808T153551Z.json,2026-08-08,pluto://ip:192.168.2.1,4,lower,manual,50.0,2500000.0,-27.5472115248523,-32.21155938339483,0,0,0
ch4-lower-edge-narrow-20260808T154006Z,ch4-lower-edge-narrow-20260808T154006Z.json,2026-08-08,pluto://ip:192.168.2.1,4,lower,slow_attack,,2500000.0,-12.790646776415693,-12.475838165778182,3,3,1
ch4-lower-edge-narrow-20260808T154216Z,ch4-lower-edge-narrow-20260808T154216Z.json,2026-08-08,pluto://ip:192.168.2.1,4,lower,slow_attack,,2500000.0,-12.510751138489521,-12.534471594052421,3,3,3
ch4-lower-edge-narrow-20260808T154508Z,ch4-lower-edge-narrow-20260808T154508Z.json,2026-08-08,pluto://ip:192.168.2.1,4,lower,slow_attack,,2500000.0,-12.942938919791402,-12.52179844467151,1,0,0
ch4-lower-edge-narrow-20260808T154720Z,ch4-lower-edge-narrow-20260808T154720Z.json,2026-08-08,pluto://ip:192.168.2.1,4,lower,slow_attack,,2500000.0,-13.01103210152922,-12.629225522131069,1,1,1
ch4-lower-edge-narrow-20260808T155012Z,ch4-lower-edge-narrow-20260808T155012Z.json,2026-08-08,pluto://ip:192.168.2.1,4,lower,slow_attack,,2500000.0,-13.001117488695314,-12.598003145056431,2,2,2
ch4-lower-edge-narrow-20260808T155223Z,ch4-lower-edge-narrow-20260808T155223Z.json,2026-08-08,pluto://ip:192.168.2.1,4,lower,slow_attack,,2500000.0,-12.694810261035581,-12.473592940783112,5,5,4
ch4-lower-edge-narrow-20260808T155517Z,ch4-lower-edge-narrow-20260808T155517Z.json,2026-08-08,pluto://ip:192.168.2.1,4,lower,manual,50.0,2500000.0,-27.723226245130803,-32.28503244742649,3,3,2
ch4-lower-edge-narrow-20260808T155724Z,ch4-lower-edge-narrow-20260808T155724Z.json,2026-08-08,pluto://ip:192.168.2.1,4,lower,manual,50.0,2500000.0,-27.550129840001226,-32.124220436544064,5,5,4
ch4-lower-edge-narrow-20260808T160020Z,ch4-lower-edge-narrow-20260808T160020Z.json,2026-08-08,pluto://ip:192.168.2.1,4,lower,manual,50.0,2500000.0,-27.584303869321136,-32.028730109715326,3,3,3
ch4-lower-edge-narrow-20260808T160231Z,ch4-lower-edge-narrow-20260808T160231Z.json,2026-08-08,pluto://ip:192.168.2.1,4,lower,slow_attack,,2500000.0,-13.000189315686587,-12.685069057626668,1,1,0
ch4-lower-edge-narrow-20260808T160602Z,ch4-lower-edge-narrow-20260808T160602Z.json,2026-08-08,pluto://ip:192.168.2.1,4,lower,slow_attack,,2500000.0,-12.79677965373815,-12.556919394843266,3,3,2
ch4-lower-edge-narrow-20260808T160810Z,ch4-lower-edge-narrow-20260808T160810Z.json,2026-08-08,pluto://ip:192.168.2.1,4,lower,manual,50.0,2500000.0,-27.306747446287908,-31.894386046205184,5,5,4
ch4-lower-edge-narrow-20260808T161100Z,ch4-lower-edge-narrow-20260808T161100Z.json,2026-08-08,pluto://ip:192.168.2.1,4,lower,manual,50.0,2500000.0,-27.91005165649626,-32.456847108770404,0,0,0
ch4-lower-edge-narrow-20260808T161308Z,ch4-lower-edge-narrow-20260808T161308Z.json,2026-08-08,pluto://ip:192.168.2.1,4,lower,manual,50.0,2500000.0,-27.75985967060988,-32.28792976013668,2,2,2
ch4-lower-edge-narrow-20260808T161558Z,ch4-lower-edge-narrow-20260808T161558Z.json,2026-08-08,pluto://ip:192.168.2.1,4,lower,slow_attack,,2500000.0,-12.70812131522289,-12.45735406886208,3,3,3
ch4-lower-edge-narrow-20260808T161859Z,ch4-lower-edge-narrow-20260808T161859Z.json,2026-08-08,pluto://ip:192.168.2.1,4,lower,manual,50.0,2500000.0,-27.05182708697435,-31.732821073162306,5,5,4
ch4-lower-edge-narrow-20260808T162150Z,ch4-lower-edge-narrow-20260808T162150Z.json,2026-08-08,pluto://ip:192.168.2.1,4,lower,manual,50.0,2500000.0,-27.676710249484323,-32.255429952246715,3,3,3
ch4-lower-edge-narrow-20260808T162357Z,ch4-lower-edge-narrow-20260808T162357Z.json,2026-08-08,pluto://ip:192.168.2.1,4,lower,manual,50.0,2500000.0,-27.804644394806083,-32.2705803349013,1,1,1
ch4-lower-edge-narrow-20260808T162648Z,ch4-lower-edge-narrow-20260808T162648Z.json,2026-08-08,pluto://ip:192.168.2.1,4,lower,manual,50.0,2500000.0,-27.902077624639684,-32.41902639602057,1,1,1
ch4-lower-edge-narrow-20260808T162856Z,ch4-lower-edge-narrow-20260808T162856Z.json,2026-08-08,pluto://ip:192.168.2.1,4,lower,slow_attack,,2500000.0,-12.85335118247264,-12.36913916110592,4,4,4
ch4-lower-edge-narrow-20260808T163222Z,ch4-lower-edge-narrow-20260808T163222Z.json,2026-08-08,pluto://ip:192.168.2.1,4,lower,manual,50.0,2500000.0,-27.515405276896363,-32.03568782830291,5,5,5
ch4-lower-edge-narrow-20260808T163429Z,ch4-lower-edge-narrow-20260808T163429Z.json,2026-08-08,pluto://ip:192.168.2.1,4,lower,slow_attack,,2500000.0,-12.38252688002097,-12.566200443837612,3,3,3
ch4-lower-edge-narrow-20260808T163721Z,ch4-lower-edge-narrow-20260808T163721Z.json,2026-08-08,pluto://ip:192.168.2.1,4,lower,slow_attack,,2500000.0,-12.56577468025248,-12.611403177942101,1,1,1
ch4-lower-edge-narrow-20260808T163932Z,ch4-lower-edge-narrow-20260808T163932Z.json,2026-08-08,pluto://ip:192.168.2.1,4,lower,slow_attack,,2500000.0,-12.624628270182,-12.343827766149953,2,2,2
ch4-lower-edge-narrow-20260808T164226Z,ch4-lower-edge-narrow-20260808T164226Z.json,2026-08-08,pluto://ip:192.168.2.1,4,lower,manual,50.0,2500000.0,-27.45569050449404,-32.06932429249015,5,5,4
ch4-lower-edge-narrow-20260808T164434Z,ch4-lower-edge-narrow-20260808T164434Z.json,2026-08-08,pluto://ip:192.168.2.1,4,lower,manual,50.0,2500000.0,-27.47597481686104,-32.148383436775745,3,3,3
ch4-lower-edge-narrow-20260808T164725Z,ch4-lower-edge-narrow-20260808T164725Z.json,2026-08-08,pluto://ip:192.168.2.1,4,lower,slow_attack,,2500000.0,-12.653315069473726,-12.393719710787428,5,5,5
ch4-lower-edge-narrow-20260808T164935Z,ch4-lower-edge-narrow-20260808T164935Z.json,2026-08-08,pluto://ip:192.168.2.1,4,lower,manual,50.0,2500000.0,-27.4056459011709,-31.998288389165918,3,3,2
ch4-lower-edge-narrow-20260808T165225Z,ch4-lower-edge-narrow-20260808T165225Z.json,2026-08-08,pluto://ip:192.168.2.1,4,lower,slow_attack,,2500000.0,-12.638176035846149,-12.371667743020435,6,6,3
ch4-lower-edge-narrow-20260808T165435Z,ch4-lower-edge-narrow-20260808T165435Z.json,2026-08-08,pluto://ip:192.168.2.1,4,lower,slow_attack,,2500000.0,-12.437682035362766,-12.56081342333144,6,6,6
ch4-lower-edge-narrow-20260808T165849Z,ch4-lower-edge-narrow-20260808T165849Z.json,2026-08-08,pluto://ip:192.168.2.1,4,lower,slow_attack,,2500000.0,-12.804853891843422,-12.534496296526623,5,5,5
ch4-lower-edge-narrow-20260808T170102Z,ch4-lower-edge-narrow-20260808T170102Z.json,2026-08-08,pluto://ip:192.168.2.1,4,lower,slow_attack,,2500000.0,-12.80414368871181,-12.630147944405506,3,3,2
ch4-lower-edge-narrow-20260808T170407Z,ch4-lower-edge-narrow-20260808T170407Z.json,2026-08-08,pluto://ip:192.168.2.1,4,lower,manual,50.0,2500000.0,-26.943263717039493,-31.585025811185787,3,3,3
ch4-lower-edge-narrow-20260808T170621Z,ch4-lower-edge-narrow-20260808T170621Z.json,2026-08-08,pluto://ip:192.168.2.1,4,lower,slow_attack,,2500000.0,-12.778115407677504,-12.40282349714388,6,6,5
ch4-lower-edge-narrow-20260808T170923Z,ch4-lower-edge-narrow-20260808T170923Z.json,2026-08-08,pluto://ip:192.168.2.1,4,lower,slow_attack,,2500000.0,-13.043349300721172,-12.704396042872732,1,1,1
ch4-lower-edge-narrow-20260808T171138Z,ch4-lower-edge-narrow-20260808T171138Z.json,2026-08-08,pluto://ip:192.168.2.1,4,lower,manual,50.0,2500000.0,-26.96642263248464,-31.59040306064686,2,2,2
ch4-lower-edge-narrow-20260808T171438Z,ch4-lower-edge-narrow-20260808T171438Z.json,2026-08-08,pluto://ip:192.168.2.1,4,lower,slow_attack,,2500000.0,-12.538735286713774,-12.296444884643664,5,5,5
ch4-lower-edge-narrow-20260808T171652Z,ch4-lower-edge-narrow-20260808T171652Z.json,2026-08-08,pluto://ip:192.168.2.1,4,lower,manual,50.0,2500000.0,-27.148985296166977,-31.764042772444114,5,5,5
ch4-lower-edge-narrow-20260808T171952Z,ch4-lower-edge-narrow-20260808T171952Z.json,2026-08-08,pluto://ip:192.168.2.1,4,lower,slow_attack,,2500000.0,-12.846886185794125,-12.536717698207344,1,1,1
ch4-lower-edge-narrow-20260808T172208Z,ch4-lower-edge-narrow-20260808T172208Z.json,2026-08-08,pluto://ip:192.168.2.1,4,lower,manual,50.0,2500000.0,-27.39040032094873,-32.04709582309198,3,3,2
ch4-lower-edge-narrow-20260808T172546Z,ch4-lower-edge-narrow-20260808T172546Z.json,2026-08-08,pluto://ip:192.168.2.1,4,lower,slow_attack,,2500000.0,-12.549071095657705,-12.748777494718873,1,1,1
ch4-lower-edge-narrow-20260808T172800Z,ch4-lower-edge-narrow-20260808T172800Z.json,2026-08-08,pluto://ip:192.168.2.1,4,lower,slow_attack,,2500000.0,-12.48905419218719,-12.702337009687518,2,2,1
ch4-lower-edge-narrow-20260808T173100Z,ch4-lower-edge-narrow-20260808T173100Z.json,2026-08-08,pluto://ip:192.168.2.1,4,lower,manual,50.0,2500000.0,-26.91133960030284,-31.482455913259884,7,7,5
ch4-lower-edge-narrow-20260808T173314Z,ch4-lower-edge-narrow-20260808T173314Z.json,2026-08-08,pluto://ip:192.168.2.1,4,lower,slow_attack,,2500000.0,-12.627332121344992,-12.366903476258047,6,6,6
ch4-lower-edge-narrow-20260808T173616Z,ch4-lower-edge-narrow-20260808T173616Z.json,2026-08-08,pluto://ip:192.168.2.1,4,lower,slow_attack,,2500000.0,-12.621277998715275,-12.483873771405127,6,6,6
ch4-lower-edge-narrow-20260808T173928Z,ch4-lower-edge-narrow-20260808T173928Z.json,2026-08-08,pluto://ip:192.168.2.1,4,lower,manual,50.0,2500000.0,-27.86084739006771,-32.46198843065753,2,2,2
ch4-lower-edge-narrow-20260808T174227Z,ch4-lower-edge-narrow-20260808T174227Z.json,2026-08-08,pluto://ip:192.168.2.1,4,lower,slow_attack,,2500000.0,-12.814173289848243,-12.442057202053194,5,5,5
ch4-lower-edge-narrow-20260808T174443Z,ch4-lower-edge-narrow-20260808T174443Z.json,2026-08-08,pluto://ip:192.168.2.1,4,lower,manual,50.0,2500000.0,-27.684153809757355,-32.27966320407321,6,6,5
ch4-lower-edge-narrow-20260808T174741Z,ch4-lower-edge-narrow-20260808T174741Z.json,2026-08-08,pluto://ip:192.168.2.1,4,lower,manual,50.0,2500000.0,-28.074169744199477,-32.62530089855508,0,0,0
ch4-lower-edge-narrow-20260808T174952Z,ch4-lower-edge-narrow-20260808T174952Z.json,2026-08-08,pluto://ip:192.168.2.1,4,lower,manual,50.0,2500000.0,-27.82232773611161,-32.35121435899197,4,4,3
ch4-lower-edge-narrow-20260808T175317Z,ch4-lower-edge-narrow-20260808T175317Z.json,2026-08-08,pluto://ip:192.168.2.1,4,lower,slow_attack,,2500000.0,-12.389112967976326,-12.90489772085811,0,0,0
ch4-lower-edge-narrow-20260808T175526Z,ch4-lower-edge-narrow-20260808T175526Z.json,2026-08-08,pluto://ip:192.168.2.1,4,lower,slow_attack,,2500000.0,-12.59114761376681,-12.809649995105064,2,2,2
ch4-lower-edge-narrow-20260808T175819Z,ch4-lower-edge-narrow-20260808T175819Z.json,2026-08-08,pluto://ip:192.168.2.1,4,lower,manual,50.0,2500000.0,-27.93068865899054,-32.38614923953812,3,3,3
ch4-lower-edge-narrow-20260808T180027Z,ch4-lower-edge-narrow-20260808T180027Z.json,2026-08-08,pluto://ip:192.168.2.1,4,lower,manual,50.0,2500000.0,-28.181519053056405,-32.61316139988891,0,0,0
ch4-lower-edge-narrow-20260808T180318Z,ch4-lower-edge-narrow-20260808T180318Z.json,2026-08-08,pluto://ip:192.168.2.1,4,lower,manual,50.0,2500000.0,-27.733436249922114,-32.1691610581297,4,4,4
ch4-lower-edge-narrow-20260808T180527Z,ch4-lower-edge-narrow-20260808T180527Z.json,2026-08-08,pluto://ip:192.168.2.1,4,lower,manual,50.0,2500000.0,-27.95125975309466,-32.398420812470576,2,2,2
ch4-lower-edge-narrow-20260808T180817Z,ch4-lower-edge-narrow-20260808T180817Z.json,2026-08-08,pluto://ip:192.168.2.1,4,lower,manual,50.0,2500000.0,-27.298203200024055,-31.762822662688453,3,3,3
ch4-lower-edge-narrow-20260808T181025Z,ch4-lower-edge-narrow-20260808T181025Z.json,2026-08-08,pluto://ip:192.168.2.1,4,lower,slow_attack,,2500000.0,-12.419678981460098,-12.63518094819539,4,4,3
ch4-lower-edge-narrow-20260808T181319Z,ch4-lower-edge-narrow-20260808T181319Z.json,2026-08-08,pluto://ip:192.168.2.1,4,lower,manual,50.0,2500000.0,-27.890191597002875,-32.40162224197932,6,6,4
ch4-lower-edge-narrow-20260808T181528Z,ch4-lower-edge-narrow-20260808T181528Z.json,2026-08-08,pluto://ip:192.168.2.1,4,lower,slow_attack,,2500000.0,-12.49092271399616,-12.290908537818176,4,4,4
ch4-lower-edge-narrow-20260808T181945Z,ch4-lower-edge-narrow-20260808T181945Z.json,2026-08-08,pluto://ip:192.168.2.1,4,lower,slow_attack,,2500000.0,-12.518069866366801,-12.430685298480997,8,8,6
ch4-lower-edge-narrow-20260808T182154Z,ch4-lower-edge-narrow-20260808T182154Z.json,2026-08-08,pluto://ip:192.168.2.1,4,lower,slow_attack,,2500000.0,-12.562740723179155,-12.99383227335589,0,0,0
ch4-lower-edge-narrow-20260808T182450Z,ch4-lower-edge-narrow-20260808T182450Z.json,2026-08-08,pluto://ip:192.168.2.1,4,lower,manual,50.0,2500000.0,-28.309602227058164,-32.65349880707647,0,0,0
ch4-lower-edge-narrow-20260808T182700Z,ch4-lower-edge-narrow-20260808T182700Z.json,2026-08-08,pluto://ip:192.168.2.1,4,lower,manual,50.0,2500000.0,-28.12280056261415,-32.52475628896469,2,2,2
ch4-lower-edge-narrow-20260808T182950Z,ch4-lower-edge-narrow-20260808T182950Z.json,2026-08-08,pluto://ip:192.168.2.1,4,lower,manual,50.0,2500000.0,-28.059900507759295,-32.40390121460824,3,3,3
ch4-lower-edge-narrow-20260808T183159Z,ch4-lower-edge-narrow-20260808T183159Z.json,2026-08-08,pluto://ip:192.168.2.1,4,lower,manual,50.0,2500000.0,-27.917049278205447,-32.31342193789005,2,2,2
ch4-lower-edge-narrow-20260808T183449Z,ch4-lower-edge-narrow-20260808T183449Z.json,2026-08-08,pluto://ip:192.168.2.1,4,lower,slow_attack,,2500000.0,-12.383298906478997,-12.583849651016452,1,1,1
ch4-lower-edge-narrow-20260808T183700Z,ch4-lower-edge-narrow-20260808T183700Z.json,2026-08-08,pluto://ip:192.168.2.1,4,lower,slow_attack,,2500000.0,-12.50439523587205,-12.845899811555963,1,1,1
ch4-lower-edge-narrow-20260808T183956Z,ch4-lower-edge-narrow-20260808T183956Z.json,2026-08-08,pluto://ip:192.168.2.1,4,lower,manual,50.0,2500000.0,-28.25713931529155,-32.643705520627655,0,0,0
ch4-lower-edge-narrow-20260808T184205Z,ch4-lower-edge-narrow-20260808T184205Z.json,2026-08-08,pluto://ip:192.168.2.1,4,lower,slow_attack,,2500000.0,-12.402189799654908,-12.53817866391277,4,4,2
ch4-lower-edge-narrow-20260808T184534Z,ch4-lower-edge-narrow-20260808T184534Z.json,2026-08-08,pluto://ip:192.168.2.1,4,lower,slow_attack,,2500000.0,-12.481519587965986,-12.57461902662345,4,4,4
ch4-lower-edge-narrow-20260808T184743Z,ch4-lower-edge-narrow-20260808T184743Z.json,2026-08-08,pluto://ip:192.168.2.1,4,lower,slow_attack,,2500000.0,-12.622601987263767,-12.956681632758702,1,1,1
ch4-lower-edge-narrow-20260808T185037Z,ch4-lower-edge-narrow-20260808T185037Z.json,2026-08-08,pluto://ip:192.168.2.1,4,lower,manual,50.0,2500000.0,-28.405065545884945,-32.73955933380958,1,1,1
ch4-lower-edge-narrow-20260808T185247Z,ch4-lower-edge-narrow-20260808T185247Z.json,2026-08-08,pluto://ip:192.168.2.1,4,lower,slow_attack,,2500000.0,-12.763762007115801,-12.100744480969832,0,0,0
ch4-lower-edge-narrow-20260808T185540Z,ch4-lower-edge-narrow-20260808T185540Z.json,2026-08-08,pluto://ip:192.168.2.1,4,lower,manual,50.0,2500000.0,-28.29673183779889,-32.62455767589118,2,2,2
ch4-lower-edge-narrow-20260808T185840Z,ch4-lower-edge-narrow-20260808T185840Z.json,2026-08-08,pluto://ip:192.168.2.1,4,lower,slow_attack,,2500000.0,-12.670752784035024,-12.460824668066854,2,2,1
ch4-lower-edge-narrow-20260808T190134Z,ch4-lower-edge-narrow-20260808T190134Z.json,2026-08-08,pluto://ip:192.168.2.1,4,lower,slow_attack,,2500000.0,-12.578248429460942,-12.872872251396537,3,3,3
ch4-lower-edge-narrow-20260808T190345Z,ch4-lower-edge-narrow-20260808T190345Z.json,2026-08-08,pluto://ip:192.168.2.1,4,lower,slow_attack,,2500000.0,-12.552087172721523,-12.846927221439831,2,2,2
ch4-lower-edge-narrow-20260808T190639Z,ch4-lower-edge-narrow-20260808T190639Z.json,2026-08-08,pluto://ip:192.168.2.1,4,lower,slow_attack,,2500000.0,-12.591971728640504,-12.848066546649202,5,5,4
ch4-lower-edge-narrow-20260808T190849Z,ch4-lower-edge-narrow-20260808T190849Z.json,2026-08-08,pluto://ip:192.168.2.1,4,lower,slow_attack,,2500000.0,-12.51351208684113,-12.622825504843831,3,3,3
ch4-lower-edge-narrow-20260808T191219Z,ch4-lower-edge-narrow-20260808T191219Z.json,2026-08-08,pluto://ip:192.168.2.1,4,lower,slow_attack,,2500000.0,-12.725456043088803,-12.47968683684298,2,2,1
ch4-lower-edge-narrow-20260808T191429Z,ch4-lower-edge-narrow-20260808T191429Z.json,2026-08-08,pluto://ip:192.168.2.1,4,lower,manual,50.0,2500000.0,-28.191512288240443,-32.484420792655655,3,3,3
ch4-lower-edge-narrow-20260808T191720Z,ch4-lower-edge-narrow-20260808T191720Z.json,2026-08-08,pluto://ip:192.168.2.1,4,lower,manual,50.0,2500000.0,-28.403448981440718,-32.7555716864112,1,1,1
ch4-lower-edge-narrow-20260808T191927Z,ch4-lower-edge-narrow-20260808T191927Z.json,2026-08-08,pluto://ip:192.168.2.1,4,lower,manual,50.0,2500000.0,-28.18475920295455,-32.511990146163434,2,2,2
ch4-lower-edge-narrow-20260808T192219Z,ch4-lower-edge-narrow-20260808T192219Z.json,2026-08-08,pluto://ip:192.168.2.1,4,lower,manual,50.0,2500000.0,-28.031761083208956,-32.31136433411941,3,3,3
ch4-lower-edge-narrow-20260808T192428Z,ch4-lower-edge-narrow-20260808T192428Z.json,2026-08-08,pluto://ip:192.168.2.1,4,lower,manual,50.0,2500000.0,-28.350613614686566,-32.62000830014175,3,3,3
ch4-lower-edge-narrow-20260808T192722Z,ch4-lower-edge-narrow-20260808T192722Z.json,2026-08-08,pluto://ip:192.168.2.1,4,lower,manual,50.0,2500000.0,-28.66323456021144,-32.88309894805825,2,2,2
ch4-lower-edge-narrow-20260808T192930Z,ch4-lower-edge-narrow-20260808T192930Z.json,2026-08-08,pluto://ip:192.168.2.1,4,lower,manual,50.0,2500000.0,-28.73501999026196,-32.89904664437561,1,1,1
ch4-lower-edge-narrow-20260808T193225Z,ch4-lower-edge-narrow-20260808T193225Z.json,2026-08-08,pluto://ip:192.168.2.1,4,lower,manual,50.0,2500000.0,-28.73479170063404,-32.89773322414942,0,0,0
ch4-lower-edge-narrow-20260808T193434Z,ch4-lower-edge-narrow-20260808T193434Z.json,2026-08-08,pluto://ip:192.168.2.1,4,lower,manual,50.0,2500000.0,-28.30882878611432,-32.66146901509678,3,3,3
ch4-lower-edge-narrow-20260808T193855Z,ch4-lower-edge-narrow-20260808T193855Z.json,2026-08-08,pluto://ip:192.168.2.1,4,lower,manual,50.0,2500000.0,-28.58850497555931,-33.01743535111417,0,0,0
ch4-lower-edge-narrow-20260808T194105Z,ch4-lower-edge-narrow-20260808T194105Z.json,2026-08-08,pluto://ip:192.168.2.1,4,lower,slow_attack,,2500000.0,-12.740408247389555,-12.176484538228038,1,1,1
ch4-lower-edge-narrow-20260808T194400Z,ch4-lower-edge-narrow-20260808T194400Z.json,2026-08-08,pluto://ip:192.168.2.1,4,lower,slow_attack,,2500000.0,-12.708348110099646,-12.417384781232233,2,2,2
ch4-lower-edge-narrow-20260808T194611Z,ch4-lower-edge-narrow-20260808T194611Z.json,2026-08-08,pluto://ip:192.168.2.1,4,lower,manual,50.0,2500000.0,-27.822340143862068,-32.432459004381094,4,4,4
ch4-lower-edge-narrow-20260808T194906Z,ch4-lower-edge-narrow-20260808T194906Z.json,2026-08-08,pluto://ip:192.168.2.1,4,lower,slow_attack,,2500000.0,-12.456815422709075,-12.272819458803596,2,2,2
ch4-lower-edge-narrow-20260808T195117Z,ch4-lower-edge-narrow-20260808T195117Z.json,2026-08-08,pluto://ip:192.168.2.1,4,lower,manual,50.0,2500000.0,-28.316520438335395,-32.7824636708298,2,2,2
ch4-lower-edge-narrow-20260808T195409Z,ch4-lower-edge-narrow-20260808T195409Z.json,2026-08-08,pluto://ip:192.168.2.1,4,lower,manual,50.0,2500000.0,-28.21066006682861,-32.70981894383637,4,4,4
ch4-lower-edge-narrow-20260808T195618Z,ch4-lower-edge-narrow-20260808T195618Z.json,2026-08-08,pluto://ip:192.168.2.1,4,lower,slow_attack,,2500000.0,-12.900000052503163,-12.327641418902067,3,3,2
ch4-lower-edge-narrow-20260808T195910Z,ch4-lower-edge-narrow-20260808T195910Z.json,2026-08-08,pluto://ip:192.168.2.1,4,lower,slow_attack,,2500000.0,-13.03372884237757,-12.335577936304329,1,1,1
ch4-lower-edge-narrow-20260808T200121Z,ch4-lower-edge-narrow-20260808T200121Z.json,2026-08-08,pluto://ip:192.168.2.1,4,lower,slow_attack,,2500000.0,-12.744517629561143,-12.360956070501556,2,2,2
ch4-lower-edge-narrow-20260808T200454Z,ch4-lower-edge-narrow-20260808T200454Z.json,2026-08-08,pluto://ip:192.168.2.1,4,lower,slow_attack,,2500000.0,-12.880476616028622,-12.362020917286813,2,2,1
ch4-lower-edge-narrow-20260808T200704Z,ch4-lower-edge-narrow-20260808T200704Z.json,2026-08-08,pluto://ip:192.168.2.1,4,lower,slow_attack,,2500000.0,-12.779885713112414,-12.52847660462475,3,3,2
ch4-lower-edge-narrow-20260808T200958Z,ch4-lower-edge-narrow-20260808T200958Z.json,2026-08-08,pluto://ip:192.168.2.1,4,lower,manual,50.0,2500000.0,-28.797995702536365,-33.08032901205986,0,0,0
ch4-lower-edge-narrow-20260808T201206Z,ch4-lower-edge-narrow-20260808T201206Z.json,2026-08-08,pluto://ip:192.168.2.1,4,lower,manual,50.0,2500000.0,-28.181149557160357,-32.473905333806165,4,4,4
ch4-lower-edge-narrow-20260808T201458Z,ch4-lower-edge-narrow-20260808T201458Z.json,2026-08-08,pluto://ip:192.168.2.1,4,lower,manual,50.0,2500000.0,-28.82654240740557,-33.103063683716705,1,1,0
ch4-lower-edge-narrow-20260808T201757Z,ch4-lower-edge-narrow-20260808T201757Z.json,2026-08-08,pluto://ip:192.168.2.1,4,lower,slow_attack,,2500000.0,-12.548040860812451,-12.574082999795008,3,3,2
ch4-lower-edge-narrow-20260808T202050Z,ch4-lower-edge-narrow-20260808T202050Z.json,2026-08-08,pluto://ip:192.168.2.1,4,lower,slow_attack,,2500000.0,-12.931950337723315,-12.371987231131385,1,1,1
ch4-lower-edge-narrow-20260808T202301Z,ch4-lower-edge-narrow-20260808T202301Z.json,2026-08-08,pluto://ip:192.168.2.1,4,lower,slow_attack,,2500000.0,-12.872663935420425,-12.229501694061728,1,1,1
ch4-lower-edge-narrow-20260808T202555Z,ch4-lower-edge-narrow-20260808T202555Z.json,2026-08-08,pluto://ip:192.168.2.1,4,lower,manual,50.0,2500000.0,-28.48474081215518,-32.82645071406715,3,3,3
ch4-lower-edge-narrow-20260808T202803Z,ch4-lower-edge-narrow-20260808T202803Z.json,2026-08-08,pluto://ip:192.168.2.1,4,lower,manual,50.0,2500000.0,-28.06152456464243,-32.50389267170691,6,6,4
ch4-lower-edge-narrow-20260808T203134Z,ch4-lower-edge-narrow-20260808T203134Z.json,2026-08-08,pluto://ip:192.168.2.1,4,lower,manual,50.0,2500000.0,-28.4531411150724,-32.873191952722564,1,1,1
ch4-lower-edge-narrow-20260808T203342Z,ch4-lower-edge-narrow-20260808T203342Z.json,2026-08-08,pluto://ip:192.168.2.1,4,lower,slow_attack,,2500000.0,-12.904203453893242,-12.284682540275313,0,0,0
ch4-lower-edge-narrow-20260808T203635Z,ch4-lower-edge-narrow-20260808T203635Z.json,2026-08-08,pluto://ip:192.168.2.1,4,lower,slow_attack,,2500000.0,-12.807218480910654,-12.487652372065366,2,2,2
ch4-lower-edge-narrow-20260808T203847Z,ch4-lower-edge-narrow-20260808T203847Z.json,2026-08-08,pluto://ip:192.168.2.1,4,lower,slow_attack,,2500000.0,-12.604036225272266,-12.30402820575118,4,4,3
ch4-lower-edge-narrow-20260808T204145Z,ch4-lower-edge-narrow-20260808T204145Z.json,2026-08-08,pluto://ip:192.168.2.1,4,lower,slow_attack,,2500000.0,-13.082205774086834,-12.278435436445534,2,0,0
ch4-lower-edge-narrow-20260808T204414Z,ch4-lower-edge-narrow-20260808T204414Z.json,2026-08-08,pluto://ip:192.168.2.1,4,lower,slow_attack,,2500000.0,-13.039265245188702,-12.36159342840563,0,0,0
ch4-lower-edge-narrow-20260808T204759Z,ch4-lower-edge-narrow-20260808T204759Z.json,2026-08-08,pluto://ip:192.168.2.1,4,lower,slow_attack,,2500000.0,-12.700024973550354,-12.460474015633912,1,0,0
ch4-lower-edge-narrow-20260808T205042Z,ch4-lower-edge-narrow-20260808T205042Z.json,2026-08-08,pluto://ip:192.168.2.1,4,lower,manual,50.0,2500000.0,-28.819689861198317,-33.05051003863005,1,1,1
ch4-lower-edge-narrow-20260808T205424Z,ch4-lower-edge-narrow-20260808T205424Z.json,2026-08-08,pluto://ip:192.168.2.1,4,lower,manual,50.0,2500000.0,-28.834567768823213,-33.09808212296899,0,0,0
ch4-lower-edge-narrow-20260808T205706Z,ch4-lower-edge-narrow-20260808T205706Z.json,2026-08-08,pluto://ip:192.168.2.1,4,lower,slow_attack,,2500000.0,-12.768979790672166,-12.467211130245994,3,3,3
ch4-lower-edge-narrow-20260808T210138Z,ch4-lower-edge-narrow-20260808T210138Z.json,2026-08-08,pluto://ip:192.168.2.1,4,lower,slow_attack,,2500000.0,-12.875006996707501,-12.251760665647698,1,1,0
ch4-lower-edge-narrow-20260808T210348Z,ch4-lower-edge-narrow-20260808T210348Z.json,2026-08-08,pluto://ip:192.168.2.1,4,lower,slow_attack,,2500000.0,-12.70605752648978,-12.686538797041127,3,3,1
ch4-lower-edge-narrow-20260808T210642Z,ch4-lower-edge-narrow-20260808T210642Z.json,2026-08-08,pluto://ip:192.168.2.1,4,lower,manual,50.0,2500000.0,-28.550640849388948,-32.77269642653825,1,1,1
ch4-lower-edge-narrow-20260808T210851Z,ch4-lower-edge-narrow-20260808T210851Z.json,2026-08-08,pluto://ip:192.168.2.1,4,lower,manual,50.0,2500000.0,-28.67959065288104,-32.95779219809737,3,3,3
ch4-lower-edge-narrow-20260808T211144Z,ch4-lower-edge-narrow-20260808T211144Z.json,2026-08-08,pluto://ip:192.168.2.1,4,lower,manual,50.0,2500000.0,-28.192960607843727,-32.457823357055354,3,3,2
ch4-lower-edge-narrow-20260808T211355Z,ch4-lower-edge-narrow-20260808T211355Z.json,2026-08-08,pluto://ip:192.168.2.1,4,lower,slow_attack,,2500000.0,-12.910717130118998,-12.501707993892165,2,2,2
ch4-lower-edge-narrow-20260808T211647Z,ch4-lower-edge-narrow-20260808T211647Z.json,2026-08-08,pluto://ip:192.168.2.1,4,lower,slow_attack,,2500000.0,-12.448565382004947,-12.441149046192697,2,2,2
ch4-lower-edge-narrow-20260808T211852Z,ch4-lower-edge-narrow-20260808T211852Z.json,2026-08-08,pluto://ip:192.168.2.1,4,lower,slow_attack,,2500000.0,-12.531995892915596,-12.495530781059177,10,10,9
ch4-lower-edge-narrow-20260808T212223Z,ch4-lower-edge-narrow-20260808T212223Z.json,2026-08-08,pluto://ip:192.168.2.1,4,lower,manual,50.0,2500000.0,-28.29130818668037,-32.6919888920052,3,3,3
ch4-lower-edge-narrow-20260808T212426Z,ch4-lower-edge-narrow-20260808T212426Z.json,2026-08-08,pluto://ip:192.168.2.1,4,lower,slow_attack,,2500000.0,-12.722548399856088,-12.249599595562186,2,2,2
ch4-lower-edge-narrow-20260808T212816Z,ch4-lower-edge-narrow-20260808T212816Z.json,2026-08-08,pluto://ip:192.168.2.1,4,lower,manual,50.0,2500000.0,-28.70605114976641,-32.989336510039855,1,1,1
ch4-lower-edge-narrow-20260808T213234Z,ch4-lower-edge-narrow-20260808T213234Z.json,2026-08-08,pluto://ip:192.168.2.1,4,lower,manual,50.0,2500000.0,-28.45189493273423,-32.85022509275962,4,4,4
ch4-lower-edge-narrow-20260808T213515Z,ch4-lower-edge-narrow-20260808T213515Z.json,2026-08-08,pluto://ip:192.168.2.1,4,lower,slow_attack,,2500000.0,-12.770893523576293,-12.292626423149798,1,1,1
ch4-lower-edge-narrow-20260808T213720Z,ch4-lower-edge-narrow-20260808T213720Z.json,2026-08-08,pluto://ip:192.168.2.1,4,lower,manual,50.0,2500000.0,-28.455229336782722,-32.83223514788177,2,2,2
ch4-lower-edge-narrow-20260808T213910Z,ch4-lower-edge-narrow-20260808T213910Z.json,2026-08-08,pluto://ip:192.168.2.1,4,lower,manual,50.0,2500000.0,-28.618513415447655,-32.97253468075991,3,3,2
ch4-lower-edge-narrow-20260808T214148Z,ch4-lower-edge-narrow-20260808T214148Z.json,2026-08-08,pluto://ip:192.168.2.1,4,lower,manual,50.0,2500000.0,-28.57326563895085,-32.90395785043897,3,3,2
ch4-lower-edge-narrow-20260808T214441Z,ch4-lower-edge-narrow-20260808T214441Z.json,2026-08-08,pluto://ip:192.168.2.1,4,lower,manual,50.0,2500000.0,-28.63219665380306,-32.980910885838085,0,0,0
ch4-lower-edge-narrow-20260808T214929Z,ch4-lower-edge-narrow-20260808T214929Z.json,2026-08-08,pluto://ip:192.168.2.1,4,lower,slow_attack,,2500000.0,-12.846509834646785,-12.306911869724061,2,2,2
ch4-lower-edge-narrow-20260808T215216Z,ch4-lower-edge-narrow-20260808T215216Z.json,2026-08-08,pluto://ip:192.168.2.1,4,lower,manual,50.0,2500000.0,-28.42472562054281,-32.770127871126206,1,1,1
ch4-lower-edge-narrow-20260808T215450Z,ch4-lower-edge-narrow-20260808T215450Z.json,2026-08-08,pluto://ip:192.168.2.1,4,lower,manual,50.0,2500000.0,-28.535891768460356,-32.85705305172538,3,3,3
ch4-lower-edge-narrow-20260808T215745Z,ch4-lower-edge-narrow-20260808T215745Z.json,2026-08-08,pluto://ip:192.168.2.1,4,lower,slow_attack,,2500000.0,-12.657536028318502,-12.307227291390127,3,3,3
ch4-lower-edge-narrow-20260808T220050Z,ch4-lower-edge-narrow-20260808T220050Z.json,2026-08-08,pluto://ip:192.168.2.1,4,lower,manual,50.0,2500000.0,-28.381712574038716,-32.76241693902542,3,3,3
ch4-lower-edge-narrow-20260808T220355Z,ch4-lower-edge-narrow-20260808T220355Z.json,2026-08-08,pluto://ip:192.168.2.1,4,lower,slow_attack,,2500000.0,-12.663265819752693,-12.401528945623387,1,1,1
ch4-lower-edge-narrow-20260808T220715Z,ch4-lower-edge-narrow-20260808T220715Z.json,2026-08-08,pluto://ip:192.168.2.1,4,lower,slow_attack,,2500000.0,-12.68640258693061,-12.410694198435744,1,1,1
ch4-lower-edge-narrow-20260808T222126Z,ch4-lower-edge-narrow-20260808T222126Z.json,2026-08-08,pluto://ip:192.168.2.1,4,lower,manual,50.0,2500000.0,-28.296394458133154,-32.82524338895789,2,0,0
ch4-lower-edge-narrow-20260808T222329Z,ch4-lower-edge-narrow-20260808T222329Z.json,2026-08-08,pluto://ip:192.168.2.1,4,lower,slow_attack,,2500000.0,-12.556707461513579,-12.520662453067322,0,0,0
ch4-lower-edge-narrow-20260808T222805Z,ch4-lower-edge-narrow-20260808T222805Z.json,2026-08-08,pluto://ip:192.168.2.1,4,lower,manual,50.0,2500000.0,-27.708720171346542,-32.38450022523669,1,1,1
ch4-lower-edge-narrow-20260808T223010Z,ch4-lower-edge-narrow-20260808T223010Z.json,2026-08-08,pluto://ip:192.168.2.1,4,lower,slow_attack,,2500000.0,-12.564438164358723,-12.67573226437367,3,3,3
ch4-lower-edge-narrow-20260808T223307Z,ch4-lower-edge-narrow-20260808T223307Z.json,2026-08-08,pluto://ip:192.168.2.1,4,lower,slow_attack,,2500000.0,-12.534366653292068,-12.768356838272794,1,1,1
ch4-lower-edge-narrow-20260808T223657Z,ch4-lower-edge-narrow-20260808T223657Z.json,2026-08-08,pluto://ip:192.168.2.1,4,lower,manual,50.0,2500000.0,-27.647884946557582,-32.371189641702486,1,1,1
ch4-lower-edge-narrow-20260808T224000Z,ch4-lower-edge-narrow-20260808T224000Z.json,2026-08-08,pluto://ip:192.168.2.1,4,lower,slow_attack,,2500000.0,-12.92150451397183,-12.837044913408697,2,2,2
ch4-lower-edge-narrow-20260808T224221Z,ch4-lower-edge-narrow-20260808T224221Z.json,2026-08-08,pluto://ip:192.168.2.1,4,lower,slow_attack,,2500000.0,-12.728770430754967,-12.710964771200413,3,3,3
ch4-lower-edge-narrow-20260808T224902Z,ch4-lower-edge-narrow-20260808T224902Z.json,2026-08-08,pluto://ip:192.168.2.1,4,lower,slow_attack,,2500000.0,-13.038250778512346,-12.798213673063275,3,3,3
ch4-lower-edge-narrow-20260808T225123Z,ch4-lower-edge-narrow-20260808T225123Z.json,2026-08-08,pluto://ip:192.168.2.1,4,lower,manual,50.0,2500000.0,-27.349952573238866,-32.21065703349791,3,3,3
ch4-lower-edge-narrow-20260808T225359Z,ch4-lower-edge-narrow-20260808T225359Z.json,2026-08-08,pluto://ip:192.168.2.1,4,lower,slow_attack,,2500000.0,-12.802161748943652,-12.807180389379901,3,3,2
ch4-lower-edge-narrow-20260808T225644Z,ch4-lower-edge-narrow-20260808T225644Z.json,2026-08-08,pluto://ip:192.168.2.1,4,lower,manual,50.0,2500000.0,-27.85851849615822,-32.646495723591165,2,2,2
ch4-lower-edge-narrow-20260808T225847Z,ch4-lower-edge-narrow-20260808T225847Z.json,2026-08-08,pluto://ip:192.168.2.1,4,lower,slow_attack,,2500000.0,-12.732262787293163,-12.928636747637306,1,1,1
ch4-lower-edge-narrow-20260808T230130Z,ch4-lower-edge-narrow-20260808T230130Z.json,2026-08-08,pluto://ip:192.168.2.1,4,lower,slow_attack,,2500000.0,-12.7448439382078,-12.747399699607879,0,0,0
ch4-lower-edge-narrow-20260808T230335Z,ch4-lower-edge-narrow-20260808T230335Z.json,2026-08-08,pluto://ip:192.168.2.1,4,lower,slow_attack,,2500000.0,-12.445503000314131,-11.952587409638884,0,0,0
ch4-lower-edge-narrow-20260808T230618Z,ch4-lower-edge-narrow-20260808T230618Z.json,2026-08-08,pluto://ip:192.168.2.1,4,lower,slow_attack,,2500000.0,-12.408607171718222,-12.69551517601454,1,1,1
ch4-lower-edge-narrow-20260808T230823Z,ch4-lower-edge-narrow-20260808T230823Z.json,2026-08-08,pluto://ip:192.168.2.1,4,lower,slow_attack,,2500000.0,-12.579994858899111,-12.972732156454585,1,1,1
ch4-lower-edge-narrow-20260808T231106Z,ch4-lower-edge-narrow-20260808T231106Z.json,2026-08-08,pluto://ip:192.168.2.1,4,lower,slow_attack,,2500000.0,-12.687102359652604,-12.621574473946776,2,2,2
ch4-lower-edge-narrow-20260808T231311Z,ch4-lower-edge-narrow-20260808T231311Z.json,2026-08-08,pluto://ip:192.168.2.1,4,lower,slow_attack,,2500000.0,-12.91181780597209,-12.148893114944778,1,1,1
ch4-lower-edge-narrow-20260808T231631Z,ch4-lower-edge-narrow-20260808T231631Z.json,2026-08-08,pluto://ip:192.168.2.1,4,lower,slow_attack,,2500000.0,-12.746020248622937,-12.355454109098412,1,1,1
ch4-lower-edge-narrow-20260808T231836Z,ch4-lower-edge-narrow-20260808T231836Z.json,2026-08-08,pluto://ip:192.168.2.1,4,lower,manual,50.0,2500000.0,-27.562771099497905,-32.363119205916384,2,2,2
ch4-lower-edge-narrow-20260808T232118Z,ch4-lower-edge-narrow-20260808T232118Z.json,2026-08-08,pluto://ip:192.168.2.1,4,lower,manual,50.0,2500000.0,-27.63202728175578,-32.36761700562664,1,1,1
ch4-lower-edge-narrow-20260808T232321Z,ch4-lower-edge-narrow-20260808T232321Z.json,2026-08-08,pluto://ip:192.168.2.1,4,lower,slow_attack,,2500000.0,-12.743755345139,-12.583664000456325,2,2,2
ch4-lower-edge-narrow-20260808T232606Z,ch4-lower-edge-narrow-20260808T232606Z.json,2026-08-08,pluto://ip:192.168.2.1,4,lower,manual,50.0,2500000.0,-27.553416105621075,-32.43166252290569,2,2,2
ch4-lower-edge-narrow-20260808T232851Z,ch4-lower-edge-narrow-20260808T232851Z.json,2026-08-08,pluto://ip:192.168.2.1,4,lower,manual,50.0,2500000.0,-27.069299675829654,-31.99158738514365,4,4,3
ch4-lower-edge-narrow-20260808T233134Z,ch4-lower-edge-narrow-20260808T233134Z.json,2026-08-08,pluto://ip:192.168.2.1,4,lower,manual,50.0,2500000.0,-27.691852780639366,-32.55936580444705,0,0,0
ch4-lower-edge-narrow-20260808T233337Z,ch4-lower-edge-narrow-20260808T233337Z.json,2026-08-08,pluto://ip:192.168.2.1,4,lower,manual,50.0,2500000.0,-27.207636793135386,-32.154665255005106,5,5,5
ch4-lower-edge-narrow-20260808T233618Z,ch4-lower-edge-narrow-20260808T233618Z.json,2026-08-08,pluto://ip:192.168.2.1,4,lower,manual,50.0,2500000.0,-27.487301191380066,-32.39454585189009,1,1,1
ch4-lower-edge-narrow-20260808T233821Z,ch4-lower-edge-narrow-20260808T233821Z.json,2026-08-08,pluto://ip:192.168.2.1,4,lower,slow_attack,,2500000.0,-12.951026630888041,-12.78020831162416,0,0,0
ch4-lower-edge-narrow-20260808T234138Z,ch4-lower-edge-narrow-20260808T234138Z.json,2026-08-08,pluto://ip:192.168.2.1,4,lower,manual,50.0,2500000.0,-27.520416019590964,-32.4471722713331,1,1,1
ch4-lower-edge-narrow-20260808T234340Z,ch4-lower-edge-narrow-20260808T234340Z.json,2026-08-08,pluto://ip:192.168.2.1,4,lower,manual,50.0,2500000.0,-27.46673469663844,-32.395977390899546,2,2,2
ch4-lower-edge-narrow-20260808T234622Z,ch4-lower-edge-narrow-20260808T234622Z.json,2026-08-08,pluto://ip:192.168.2.1,4,lower,slow_attack,,2500000.0,-12.548458054177559,-12.534846842770298,1,1,1
ch4-lower-edge-narrow-20260808T234827Z,ch4-lower-edge-narrow-20260808T234827Z.json,2026-08-08,pluto://ip:192.168.2.1,4,lower,slow_attack,,2500000.0,-12.679163456287615,-12.603913664837705,1,1,1
ch4-lower-edge-narrow-20260808T235111Z,ch4-lower-edge-narrow-20260808T235111Z.json,2026-08-08,pluto://ip:192.168.2.1,4,lower,manual,50.0,2500000.0,-27.55037311498785,-32.45688025028278,1,0,0
ch4-lower-edge-narrow-20260808T235314Z,ch4-lower-edge-narrow-20260808T235314Z.json,2026-08-09,pluto://ip:192.168.2.1,4,lower,manual,50.0,2500000.0,-27.260058333602668,-32.22757992903926,1,1,1
ch4-lower-edge-narrow-20260808T235556Z,ch4-lower-edge-narrow-20260808T235556Z.json,2026-08-09,pluto://ip:192.168.2.1,4,lower,slow_attack,,2500000.0,-12.642223326150738,-12.555512399800474,4,4,4
ch4-lower-edge-narrow-20260808T235801Z,ch4-lower-edge-narrow-20260808T235801Z.json,2026-08-09,pluto://ip:192.168.2.1,4,lower,slow_attack,,2500000.0,-12.915863259900298,-12.867388702416891,0,0,0
ch4-lower-edge-narrow-20260809T000045Z,ch4-lower-edge-narrow-20260809T000045Z.json,2026-08-09,pluto://ip:192.168.2.1,4,lower,slow_attack,,2500000.0,-12.664270302774959,-12.682098171202227,1,1,1
ch4-lower-edge-narrow-20260809T000250Z,ch4-lower-edge-narrow-20260809T000250Z.json,2026-08-09,pluto://ip:192.168.2.1,4,lower,manual,50.0,2500000.0,-27.44527281343516,-32.41685833810624,1,1,1
ch4-lower-edge-narrow-20260809T000645Z,ch4-lower-edge-narrow-20260809T000645Z.json,2026-08-09,pluto://ip:192.168.2.1,4,lower,manual,50.0,2500000.0,-27.392521464256383,-32.482438905775325,1,0,0
ch4-lower-edge-narrow-20260809T000849Z,ch4-lower-edge-narrow-20260809T000849Z.json,2026-08-09,pluto://ip:192.168.2.1,4,lower,manual,50.0,2500000.0,-27.49277397508442,-32.54379009590195,0,0,0
ch4-lower-edge-narrow-20260809T001129Z,ch4-lower-edge-narrow-20260809T001129Z.json,2026-08-09,pluto://ip:192.168.2.1,4,lower,slow_attack,,2500000.0,-12.486527756618752,-12.439545701689328,3,3,2
ch4-lower-edge-narrow-20260809T001334Z,ch4-lower-edge-narrow-20260809T001334Z.json,2026-08-09,pluto://ip:192.168.2.1,4,lower,slow_attack,,2500000.0,-12.570219418023672,-12.539680572146917,2,2,2
ch4-lower-edge-narrow-20260809T001620Z,ch4-lower-edge-narrow-20260809T001620Z.json,2026-08-09,pluto://ip:192.168.2.1,4,lower,manual,50.0,2500000.0,-27.36161177515114,-32.44801030516017,2,2,2
ch4-lower-edge-narrow-20260809T001824Z,ch4-lower-edge-narrow-20260809T001824Z.json,2026-08-09,pluto://ip:192.168.2.1,4,lower,manual,50.0,2500000.0,-27.366153343568858,-32.47011440271551,1,1,1
ch4-lower-edge-narrow-20260809T002106Z,ch4-lower-edge-narrow-20260809T002106Z.json,2026-08-09,pluto://ip:192.168.2.1,4,lower,manual,50.0,2500000.0,-27.073251197483703,-32.23768609644867,3,3,2
ch4-lower-edge-narrow-20260809T002308Z,ch4-lower-edge-narrow-20260809T002308Z.json,2026-08-09,pluto://ip:192.168.2.1,4,lower,slow_attack,,2500000.0,-12.814458711733375,-12.789210135185435,0,0,0
ch4-lower-edge-narrow-20260809T002552Z,ch4-lower-edge-narrow-20260809T002552Z.json,2026-08-09,pluto://ip:192.168.2.1,4,lower,slow_attack,,2500000.0,-12.703337388331096,-12.77040946718966,3,0,0
ch4-lower-edge-narrow-20260809T002757Z,ch4-lower-edge-narrow-20260809T002757Z.json,2026-08-09,pluto://ip:192.168.2.1,4,lower,slow_attack,,2500000.0,-12.54544543085281,-12.277912577106473,3,3,2
ch4-lower-edge-narrow-20260809T003113Z,ch4-lower-edge-narrow-20260809T003113Z.json,2026-08-09,pluto://ip:192.168.2.1,4,lower,slow_attack,,2500000.0,-12.789130299412534,-12.84490460812201,1,0,0
ch4-lower-edge-narrow-20260809T003318Z,ch4-lower-edge-narrow-20260809T003318Z.json,2026-08-09,pluto://ip:192.168.2.1,4,lower,slow_attack,,2500000.0,-12.852853245229813,-12.636744188559202,0,0,0
ch4-lower-edge-narrow-20260809T003601Z,ch4-lower-edge-narrow-20260809T003601Z.json,2026-08-09,pluto://ip:192.168.2.1,4,lower,slow_attack,,2500000.0,-12.74917571250647,-12.791036147805421,1,1,1
ch4-lower-edge-narrow-20260809T003806Z,ch4-lower-edge-narrow-20260809T003806Z.json,2026-08-09,pluto://ip:192.168.2.1,4,lower,manual,50.0,2500000.0,-27.411118271251564,-32.45438965943161,1,1,1
ch4-lower-edge-narrow-20260809T004047Z,ch4-lower-edge-narrow-20260809T004047Z.json,2026-08-09,pluto://ip:192.168.2.1,4,lower,manual,50.0,2500000.0,-27.562160470572962,-32.53592123908209,2,2,1
ch4-lower-edge-narrow-20260809T004331Z,ch4-lower-edge-narrow-20260809T004331Z.json,2026-08-09,pluto://ip:192.168.2.1,4,lower,manual,50.0,2500000.0,-27.562252172331494,-32.54379292800694,0,0,0
ch4-lower-edge-narrow-20260809T004615Z,ch4-lower-edge-narrow-20260809T004615Z.json,2026-08-09,pluto://ip:192.168.2.1,4,lower,slow_attack,,2500000.0,-12.384853993790895,-12.4915962984919,3,3,3
ch4-lower-edge-narrow-20260809T004821Z,ch4-lower-edge-narrow-20260809T004821Z.json,2026-08-09,pluto://ip:192.168.2.1,4,lower,slow_attack,,2500000.0,-12.633723853833455,-12.680156675913265,1,1,1
ch4-lower-edge-narrow-20260809T005105Z,ch4-lower-edge-narrow-20260809T005105Z.json,2026-08-09,pluto://ip:192.168.2.1,4,lower,slow_attack,,2500000.0,-12.858964006739075,-12.849424559279761,0,0,0
ch4-lower-edge-narrow-20260809T005310Z,ch4-lower-edge-narrow-20260809T005310Z.json,2026-08-09,pluto://ip:192.168.2.1,4,lower,manual,50.0,2500000.0,-27.177716917314363,-32.19715884280631,3,3,3
ch4-lower-edge-narrow-20260809T005626Z,ch4-lower-edge-narrow-20260809T005626Z.json,2026-08-09,pluto://ip:192.168.2.1,4,lower,manual,50.0,2500000.0,-27.420928184323934,-32.45583162863553,1,1,1
ch4-lower-edge-narrow-20260809T005829Z,ch4-lower-edge-narrow-20260809T005829Z.json,2026-08-09,pluto://ip:192.168.2.1,4,lower,slow_attack,,2500000.0,-12.63229562882449,-12.476320090572028,1,1,1
ch4-lower-edge-narrow-20260809T010113Z,ch4-lower-edge-narrow-20260809T010113Z.json,2026-08-09,pluto://ip:192.168.2.1,4,lower,manual,50.0,2500000.0,-27.493670605064086,-32.50419621361018,1,0,0
ch4-lower-edge-narrow-20260809T010316Z,ch4-lower-edge-narrow-20260809T010316Z.json,2026-08-09,pluto://ip:192.168.2.1,4,lower,slow_attack,,2500000.0,-12.778786039990095,-12.476318268168054,2,2,2
ch4-lower-edge-narrow-20260809T010600Z,ch4-lower-edge-narrow-20260809T010600Z.json,2026-08-09,pluto://ip:192.168.2.1,4,lower,manual,50.0,2500000.0,-26.80514111227685,-31.92227497565021,6,6,5
ch4-lower-edge-narrow-20260809T010803Z,ch4-lower-edge-narrow-20260809T010803Z.json,2026-08-09,pluto://ip:192.168.2.1,4,lower,manual,50.0,2500000.0,-27.407960106671602,-32.42939308820399,2,1,1
ch4-lower-edge-narrow-20260809T011045Z,ch4-lower-edge-narrow-20260809T011045Z.json,2026-08-09,pluto://ip:192.168.2.1,4,lower,manual,50.0,2500000.0,-27.497655085395856,-32.53122287605275,1,0,0
ch4-lower-edge-narrow-20260809T011248Z,ch4-lower-edge-narrow-20260809T011248Z.json,2026-08-09,pluto://ip:192.168.2.1,4,lower,slow_attack,,2500000.0,-12.543297372923021,-12.598182053918654,1,1,1
ch4-lower-edge-narrow-20260809T011530Z,ch4-lower-edge-narrow-20260809T011530Z.json,2026-08-09,pluto://ip:192.168.2.1,4,lower,manual,50.0,2500000.0,-27.088813310860715,-32.21292180061048,4,4,4
ch4-lower-edge-narrow-20260809T011733Z,ch4-lower-edge-narrow-20260809T011733Z.json,2026-08-09,pluto://ip:192.168.2.1,4,lower,slow_attack,,2500000.0,-12.547540505749954,-12.390464119501702,4,4,3
ch4-lower-edge-narrow-20260809T012131Z,ch4-lower-edge-narrow-20260809T012131Z.json,2026-08-09,pluto://ip:192.168.2.1,4,lower,manual,50.0,2500000.0,-27.172013304615746,-32.25025019040298,2,2,1
ch4-lower-edge-narrow-20260809T012335Z,ch4-lower-edge-narrow-20260809T012335Z.json,2026-08-09,pluto://ip:192.168.2.1,4,lower,slow_attack,,2500000.0,-12.64180817438003,-12.630465590754891,1,1,1
ch4-lower-edge-narrow-20260809T012619Z,ch4-lower-edge-narrow-20260809T012619Z.json,2026-08-09,pluto://ip:192.168.2.1,4,lower,manual,50.0,2500000.0,-27.215948672562348,-32.37552707766631,2,2,2
ch4-lower-edge-narrow-20260809T012822Z,ch4-lower-edge-narrow-20260809T012822Z.json,2026-08-09,pluto://ip:192.168.2.1,4,lower,manual,50.0,2500000.0,-27.2243534977305,-32.39962811013936,1,1,1
ch4-lower-edge-narrow-20260809T013104Z,ch4-lower-edge-narrow-20260809T013104Z.json,2026-08-09,pluto://ip:192.168.2.1,4,lower,manual,50.0,2500000.0,-27.180132503159523,-32.26632699591241,2,2,1
ch4-lower-edge-narrow-20260809T013307Z,ch4-lower-edge-narrow-20260809T013307Z.json,2026-08-09,pluto://ip:192.168.2.1,4,lower,manual,50.0,2500000.0,-27.46863062220885,-32.540953866876265,0,0,0
ch4-lower-edge-narrow-20260809T013548Z,ch4-lower-edge-narrow-20260809T013548Z.json,2026-08-09,pluto://ip:192.168.2.1,4,lower,slow_attack,,2500000.0,-12.64778803169211,-12.667549201781192,1,1,1
ch4-lower-edge-narrow-20260809T013753Z,ch4-lower-edge-narrow-20260809T013753Z.json,2026-08-09,pluto://ip:192.168.2.1,4,lower,manual,50.0,2500000.0,-27.048220342697554,-32.217193348088315,1,1,1
ch4-lower-edge-narrow-20260809T014032Z,ch4-lower-edge-narrow-20260809T014032Z.json,2026-08-09,pluto://ip:192.168.2.1,4,lower,slow_attack,,2500000.0,-12.558062600190826,-12.52243217534956,3,3,2
ch4-lower-edge-narrow-20260809T014237Z,ch4-lower-edge-narrow-20260809T014237Z.json,2026-08-09,pluto://ip:192.168.2.1,4,lower,slow_attack,,2500000.0,-12.65564950053599,-12.624439301567117,2,2,2
ch4-lower-edge-narrow-20260809T014555Z,ch4-lower-edge-narrow-20260809T014555Z.json,2026-08-09,pluto://ip:192.168.2.1,4,lower,slow_attack,,2500000.0,-12.689522346767976,-12.7005452724409,0,0,0
ch4-lower-edge-narrow-20260809T014800Z,ch4-lower-edge-narrow-20260809T014800Z.json,2026-08-09,pluto://ip:192.168.2.1,4,lower,slow_attack,,2500000.0,-12.48750075176659,-12.50491693386593,2,2,2
ch4-lower-edge-narrow-20260809T015043Z,ch4-lower-edge-narrow-20260809T015043Z.json,2026-08-09,pluto://ip:192.168.2.1,4,lower,slow_attack,,2500000.0,-12.443106712204754,-12.370313952418826,5,5,3
ch4-lower-edge-narrow-20260809T015248Z,ch4-lower-edge-narrow-20260809T015248Z.json,2026-08-09,pluto://ip:192.168.2.1,4,lower,manual,50.0,2500000.0,-27.078015578289005,-32.07799277214589,2,2,2
ch4-lower-edge-narrow-20260809T015530Z,ch4-lower-edge-narrow-20260809T015530Z.json,2026-08-09,pluto://ip:192.168.2.1,4,lower,manual,50.0,2500000.0,-27.020654731822454,-31.98836940284059,4,4,2
ch4-lower-edge-narrow-20260809T015816Z,ch4-lower-edge-narrow-20260809T015816Z.json,2026-08-09,pluto://ip:192.168.2.1,4,lower,slow_attack,,2500000.0,-12.511805580741198,-12.368551970300386,2,2,1
ch4-lower-edge-narrow-20260809T020101Z,ch4-lower-edge-narrow-20260809T020101Z.json,2026-08-09,pluto://ip:192.168.2.1,4,lower,manual,50.0,2500000.0,-27.25510408422414,-32.35248825553694,0,0,0
ch4-lower-edge-narrow-20260809T020304Z,ch4-lower-edge-narrow-20260809T020304Z.json,2026-08-09,pluto://ip:192.168.2.1,4,lower,manual,50.0,2500000.0,-27.0292414950736,-32.109081665845245,1,1,1
ch4-lower-edge-narrow-20260809T020545Z,ch4-lower-edge-narrow-20260809T020545Z.json,2026-08-09,pluto://ip:192.168.2.1,4,lower,manual,50.0,2500000.0,-26.577762585931154,-31.583375272174735,1,1,1
ch4-lower-edge-narrow-20260809T020748Z,ch4-lower-edge-narrow-20260809T020748Z.json,2026-08-09,pluto://ip:192.168.2.1,4,lower,slow_attack,,2500000.0,-12.437680061349576,-12.44860823748125,1,1,1
ch4-lower-edge-narrow-20260809T021107Z,ch4-lower-edge-narrow-20260809T021107Z.json,2026-08-09,pluto://ip:192.168.2.1,4,lower,manual,50.0,2500000.0,-27.147393577223728,-32.1152434554166,2,2,1
ch4-lower-edge-narrow-20260809T021310Z,ch4-lower-edge-narrow-20260809T021310Z.json,2026-08-09,pluto://ip:192.168.2.1,4,lower,manual,50.0,2500000.0,-27.062028229985565,-32.12366619947018,1,1,1
ch4-lower-edge-narrow-20260809T021555Z,ch4-lower-edge-narrow-20260809T021555Z.json,2026-08-09,pluto://ip:192.168.2.1,4,lower,manual,50.0,2500000.0,-27.082836959727736,-32.09620134681582,1,1,1
ch4-lower-edge-narrow-20260809T021758Z,ch4-lower-edge-narrow-20260809T021758Z.json,2026-08-09,pluto://ip:192.168.2.1,4,lower,manual,50.0,2500000.0,-27.288447348157323,-32.24898124727089,1,1,1
ch4-lower-edge-narrow-20260809T042540Z,ch4-lower-edge-narrow-20260809T042540Z.json,2026-08-09,pluto://ip:192.168.2.1,4,lower,slow_attack,,2500000.0,-12.616947517511065,-12.57328782726704,2,2,2
ch4-lower-edge-narrow-20260809T042745Z,ch4-lower-edge-narrow-20260809T042745Z.json,2026-08-09,pluto://ip:192.168.2.1,4,lower,slow_attack,,2500000.0,-12.441228269214665,-12.303597050836906,1,1,1
ch4-lower-edge-narrow-20260809T043036Z,ch4-lower-edge-narrow-20260809T043036Z.json,2026-08-09,pluto://ip:192.168.2.1,4,lower,slow_attack,,2500000.0,-12.373933948016848,-12.469003170816597,6,6,2
ch4-lower-edge-narrow-20260809T043242Z,ch4-lower-edge-narrow-20260809T043242Z.json,2026-08-09,pluto://ip:192.168.2.1,4,lower,manual,50.0,2500000.0,-27.049980012541784,-32.12983161451385,1,1,1
ch4-lower-edge-narrow-20260809T043531Z,ch4-lower-edge-narrow-20260809T043531Z.json,2026-08-09,pluto://ip:192.168.2.1,4,lower,slow_attack,,2500000.0,-12.618775747290616,-12.498942179128834,7,7,6
ch4-lower-edge-narrow-20260809T043736Z,ch4-lower-edge-narrow-20260809T043736Z.json,2026-08-09,pluto://ip:192.168.2.1,4,lower,manual,50.0,2500000.0,-26.843777781160426,-31.899988541352954,5,5,4
ch4-lower-edge-narrow-20260809T044133Z,ch4-lower-edge-narrow-20260809T044133Z.json,2026-08-09,pluto://ip:192.168.2.1,4,lower,slow_attack,,2500000.0,-12.582172376034917,-12.470984215194685,1,1,1
ch4-lower-edge-narrow-20260809T044339Z,ch4-lower-edge-narrow-20260809T044339Z.json,2026-08-09,pluto://ip:192.168.2.1,4,lower,slow_attack,,2500000.0,-12.496727916736285,-12.491036337374496,2,2,2
ch4-lower-edge-narrow-20260809T044623Z,ch4-lower-edge-narrow-20260809T044623Z.json,2026-08-09,pluto://ip:192.168.2.1,4,lower,manual,50.0,2500000.0,-27.05017992603193,-32.09749290100581,2,2,2
ch4-lower-edge-narrow-20260809T044826Z,ch4-lower-edge-narrow-20260809T044826Z.json,2026-08-09,pluto://ip:192.168.2.1,4,lower,manual,50.0,2500000.0,-26.568183225396545,-31.612717172635804,3,3,2
ch4-lower-edge-narrow-20260809T045109Z,ch4-lower-edge-narrow-20260809T045109Z.json,2026-08-09,pluto://ip:192.168.2.1,4,lower,slow_attack,,2500000.0,-12.606303198155391,-12.596251387101795,1,1,1
ch4-lower-edge-narrow-20260809T045315Z,ch4-lower-edge-narrow-20260809T045315Z.json,2026-08-09,pluto://ip:192.168.2.1,4,lower,slow_attack,,2500000.0,-12.51274221806231,-12.484042171680287,1,1,1
ch4-lower-edge-narrow-20260809T045557Z,ch4-lower-edge-narrow-20260809T045557Z.json,2026-08-09,pluto://ip:192.168.2.1,4,lower,slow_attack,,2500000.0,-12.604487699296076,-12.584569690254304,3,3,2
ch4-lower-edge-narrow-20260809T045802Z,ch4-lower-edge-narrow-20260809T045802Z.json,2026-08-09,pluto://ip:192.168.2.1,4,lower,slow_attack,,2500000.0,-12.588781863431194,-12.527533729853456,3,3,3
ch4-lower-edge-narrow-20260809T050047Z,ch4-lower-edge-narrow-20260809T050047Z.json,2026-08-09,pluto://ip:192.168.2.1,4,lower,slow_attack,,2500000.0,-12.66061672857407,-12.58518459192297,0,0,0
ch4-lower-edge-narrow-20260809T050253Z,ch4-lower-edge-narrow-20260809T050253Z.json,2026-08-09,pluto://ip:192.168.2.1,4,lower,manual,50.0,2500000.0,-27.227561931062816,-32.27656048836088,2,2,2
ch4-lower-edge-narrow-20260809T050611Z,ch4-lower-edge-narrow-20260809T050611Z.json,2026-08-09,pluto://ip:192.168.2.1,4,lower,slow_attack,,2500000.0,-12.539660815652809,-12.207865402594965,4,4,4
ch4-lower-edge-narrow-20260809T050817Z,ch4-lower-edge-narrow-20260809T050817Z.json,2026-08-09,pluto://ip:192.168.2.1,4,lower,slow_attack,,2500000.0,-12.618498306065637,-12.507962497001477,1,1,1
ch4-lower-edge-narrow-20260809T051101Z,ch4-lower-edge-narrow-20260809T051101Z.json,2026-08-09,pluto://ip:192.168.2.1,4,lower,manual,50.0,2500000.0,-27.225267074497154,-32.33440703217476,2,2,2
ch4-lower-edge-narrow-20260809T051304Z,ch4-lower-edge-narrow-20260809T051304Z.json,2026-08-09,pluto://ip:192.168.2.1,4,lower,manual,50.0,2500000.0,-27.02305108707419,-32.09108211599603,1,1,1
ch4-lower-edge-narrow-20260809T051545Z,ch4-lower-edge-narrow-20260809T051545Z.json,2026-08-09,pluto://ip:192.168.2.1,4,lower,slow_attack,,2500000.0,-12.707009545765827,-12.716520413890322,1,0,0
ch4-lower-edge-narrow-20260809T051831Z,ch4-lower-edge-narrow-20260809T051831Z.json,2026-08-09,pluto://ip:192.168.2.1,4,lower,manual,50.0,2500000.0,-26.61690014584407,-31.768002941531776,3,3,3
ch4-lower-edge-narrow-20260809T052117Z,ch4-lower-edge-narrow-20260809T052117Z.json,2026-08-09,pluto://ip:192.168.2.1,4,lower,manual,50.0,2500000.0,-27.167379760543152,-32.22237039367805,2,1,0
ch4-lower-edge-narrow-20260809T052320Z,ch4-lower-edge-narrow-20260809T052320Z.json,2026-08-09,pluto://ip:192.168.2.1,4,lower,manual,50.0,2500000.0,-26.95252353053082,-32.009250634908646,4,4,4
ch4-lower-edge-narrow-20260809T052602Z,ch4-lower-edge-narrow-20260809T052602Z.json,2026-08-09,pluto://ip:192.168.2.1,4,lower,slow_attack,,2500000.0,-12.633197147871106,-12.571164403423163,1,1,1
ch4-lower-edge-narrow-20260809T052807Z,ch4-lower-edge-narrow-20260809T052807Z.json,2026-08-09,pluto://ip:192.168.2.1,4,lower,slow_attack,,2500000.0,-12.60491517460294,-12.617306486668355,1,0,0
ch4-lower-edge-narrow-20260809T053122Z,ch4-lower-edge-narrow-20260809T053122Z.json,2026-08-09,pluto://ip:192.168.2.1,4,lower,slow_attack,,2500000.0,-12.681555655303708,-12.669389418450553,2,2,2
ch4-lower-edge-narrow-20260809T053327Z,ch4-lower-edge-narrow-20260809T053327Z.json,2026-08-09,pluto://ip:192.168.2.1,4,lower,slow_attack,,2500000.0,-12.70628364263024,-12.689039725166541,1,0,0
ch4-lower-edge-narrow-20260809T053610Z,ch4-lower-edge-narrow-20260809T053610Z.json,2026-08-09,pluto://ip:192.168.2.1,4,lower,slow_attack,,2500000.0,-12.482631660971922,-12.542485994134305,1,1,1
ch4-lower-edge-narrow-20260809T053815Z,ch4-lower-edge-narrow-20260809T053815Z.json,2026-08-09,pluto://ip:192.168.2.1,4,lower,slow_attack,,2500000.0,-12.650288055189389,-12.610561713929538,2,2,2
ch4-lower-edge-narrow-20260809T054058Z,ch4-lower-edge-narrow-20260809T054058Z.json,2026-08-09,pluto://ip:192.168.2.1,4,lower,manual,50.0,2500000.0,-27.18190817116114,-32.23820462635301,3,3,3
ch4-lower-edge-narrow-20260809T054301Z,ch4-lower-edge-narrow-20260809T054301Z.json,2026-08-09,pluto://ip:192.168.2.1,4,lower,slow_attack,,2500000.0,-12.560201243783041,-12.427929433505708,5,5,3
ch4-lower-edge-narrow-20260809T054544Z,ch4-lower-edge-narrow-20260809T054544Z.json,2026-08-09,pluto://ip:192.168.2.1,4,lower,slow_attack,,2500000.0,-12.519269234028751,-12.577965662891021,2,0,0
ch4-lower-edge-narrow-20260809T054749Z,ch4-lower-edge-narrow-20260809T054749Z.json,2026-08-09,pluto://ip:192.168.2.1,4,lower,manual,50.0,2500000.0,-26.87571023320137,-31.987067832923266,2,2,2
ch4-lower-edge-narrow-20260809T055030Z,ch4-lower-edge-narrow-20260809T055030Z.json,2026-08-09,pluto://ip:192.168.2.1,4,lower,slow_attack,,2500000.0,-12.620421348485003,-12.533037901240789,2,2,2
ch4-lower-edge-narrow-20260809T055235Z,ch4-lower-edge-narrow-20260809T055235Z.json,2026-08-09,pluto://ip:192.168.2.1,4,lower,manual,50.0,2500000.0,-27.218008292613547,-32.39621351535038,0,0,0
ch4-lower-edge-narrow-20260809T055630Z,ch4-lower-edge-narrow-20260809T055630Z.json,2026-08-09,pluto://ip:192.168.2.1,4,lower,manual,50.0,2500000.0,-27.22843361002773,-32.34283376323703,0,0,0
ch4-lower-edge-narrow-20260809T055834Z,ch4-lower-edge-narrow-20260809T055834Z.json,2026-08-09,pluto://ip:192.168.2.1,4,lower,manual,50.0,2500000.0,-27.30553859476352,-32.39446390727811,1,1,1
ch4-lower-edge-narrow-20260809T060116Z,ch4-lower-edge-narrow-20260809T060116Z.json,2026-08-09,pluto://ip:192.168.2.1,4,lower,manual,50.0,2500000.0,-27.41929598142056,-32.5019017634277,1,1,1
ch4-lower-edge-narrow-20260809T060319Z,ch4-lower-edge-narrow-20260809T060319Z.json,2026-08-09,pluto://ip:192.168.2.1,4,lower,slow_attack,,2500000.0,-12.584268787168549,-12.675529159446965,0,0,0
ch4-lower-edge-narrow-20260809T060603Z,ch4-lower-edge-narrow-20260809T060603Z.json,2026-08-09,pluto://ip:192.168.2.1,4,lower,manual,50.0,2500000.0,-27.338822394410897,-32.417286561326094,1,1,0
ch4-lower-edge-narrow-20260809T060807Z,ch4-lower-edge-narrow-20260809T060807Z.json,2026-08-09,pluto://ip:192.168.2.1,4,lower,slow_attack,,2500000.0,-12.680439486907517,-12.755138595766986,0,0,0
ch4-lower-edge-narrow-20260809T061049Z,ch4-lower-edge-narrow-20260809T061049Z.json,2026-08-09,pluto://ip:192.168.2.1,4,lower,slow_attack,,2500000.0,-12.627821396015511,-12.578030100060086,1,1,1
ch4-lower-edge-narrow-20260809T061254Z,ch4-lower-edge-narrow-20260809T061254Z.json,2026-08-09,pluto://ip:192.168.2.1,4,lower,slow_attack,,2500000.0,-12.623949264072001,-12.615904755056192,2,2,2
ch4-lower-edge-narrow-20260809T061538Z,ch4-lower-edge-narrow-20260809T061538Z.json,2026-08-09,pluto://ip:192.168.2.1,4,lower,manual,50.0,2500000.0,-26.757317647338184,-31.861813344563377,1,1,1
ch4-lower-edge-narrow-20260809T061740Z,ch4-lower-edge-narrow-20260809T061740Z.json,2026-08-09,pluto://ip:192.168.2.1,4,lower,slow_attack,,2500000.0,-12.31956572762924,-12.311090158073297,5,5,5
ch4-lower-edge-narrow-20260809T062055Z,ch4-lower-edge-narrow-20260809T062055Z.json,2026-08-09,pluto://ip:192.168.2.1,4,lower,slow_attack,,2500000.0,-12.608926389577622,-12.537861854352597,2,2,2
ch4-lower-edge-narrow-20260809T062300Z,ch4-lower-edge-narrow-20260809T062300Z.json,2026-08-09,pluto://ip:192.168.2.1,4,lower,slow_attack,,2500000.0,-12.614679250570438,-12.514087975352822,4,4,2
ch4-lower-edge-narrow-20260809T062543Z,ch4-lower-edge-narrow-20260809T062543Z.json,2026-08-09,pluto://ip:192.168.2.1,4,lower,slow_attack,,2500000.0,-12.556604100672521,-12.32044207181422,4,4,3
ch4-lower-edge-narrow-20260809T062748Z,ch4-lower-edge-narrow-20260809T062748Z.json,2026-08-09,pluto://ip:192.168.2.1,4,lower,slow_attack,,2500000.0,-12.770991820062637,-12.616457784754864,3,3,2
ch4-lower-edge-narrow-20260809T063031Z,ch4-lower-edge-narrow-20260809T063031Z.json,2026-08-09,pluto://ip:192.168.2.1,4,lower,slow_attack,,2500000.0,-12.60316534057572,-12.567204891767238,1,1,1
ch4-lower-edge-narrow-20260809T063318Z,ch4-lower-edge-narrow-20260809T063318Z.json,2026-08-09,pluto://ip:192.168.2.1,4,lower,slow_attack,,2500000.0,-12.594944477573318,-12.42585996380952,3,3,2
ch4-lower-edge-narrow-20260809T063602Z,ch4-lower-edge-narrow-20260809T063602Z.json,2026-08-09,pluto://ip:192.168.2.1,4,lower,slow_attack,,2500000.0,-12.66504530020557,-12.676796036064935,1,1,1
ch4-lower-edge-narrow-20260809T063807Z,ch4-lower-edge-narrow-20260809T063807Z.json,2026-08-09,pluto://ip:192.168.2.1,4,lower,manual,50.0,2500000.0,-27.18682793505634,-32.212300203015474,1,1,1
ch4-lower-edge-narrow-20260809T064047Z,ch4-lower-edge-narrow-20260809T064047Z.json,2026-08-09,pluto://ip:192.168.2.1,4,lower,manual,50.0,2500000.0,-26.614388355489464,-31.793273542500472,6,6,5
ch4-lower-edge-narrow-20260809T064250Z,ch4-lower-edge-narrow-20260809T064250Z.json,2026-08-09,pluto://ip:192.168.2.1,4,lower,slow_attack,,2500000.0,-12.530769383659512,-12.565217502637438,2,2,2
ch4-lower-edge-narrow-20260809T064604Z,ch4-lower-edge-narrow-20260809T064604Z.json,2026-08-09,pluto://ip:192.168.2.1,4,lower,slow_attack,,2500000.0,-12.634343445580889,-12.544996893145841,2,2,1
ch4-lower-edge-narrow-20260809T064809Z,ch4-lower-edge-narrow-20260809T064809Z.json,2026-08-09,pluto://ip:192.168.2.1,4,lower,slow_attack,,2500000.0,-12.58864750379692,-12.545191791746861,4,4,2
ch4-lower-edge-narrow-20260809T065055Z,ch4-lower-edge-narrow-20260809T065055Z.json,2026-08-09,pluto://ip:192.168.2.1,4,lower,manual,50.0,2500000.0,-27.122423183193675,-32.22768177388413,1,1,1
ch4-lower-edge-narrow-20260809T065257Z,ch4-lower-edge-narrow-20260809T065257Z.json,2026-08-09,pluto://ip:192.168.2.1,4,lower,slow_attack,,2500000.0,-12.643348603611093,-12.725639787994446,1,1,1
ch4-lower-edge-narrow-20260809T065541Z,ch4-lower-edge-narrow-20260809T065541Z.json,2026-08-09,pluto://ip:192.168.2.1,4,lower,slow_attack,,2500000.0,-12.620831546802107,-12.510980781855663,5,5,3
ch4-lower-edge-narrow-20260809T065746Z,ch4-lower-edge-narrow-20260809T065746Z.json,2026-08-09,pluto://ip:192.168.2.1,4,lower,slow_attack,,2500000.0,-12.57348366298271,-12.672506640760442,1,1,1
ch4-lower-edge-narrow-20260809T070028Z,ch4-lower-edge-narrow-20260809T070028Z.json,2026-08-09,pluto://ip:192.168.2.1,4,lower,manual,50.0,2500000.0,-27.112631756228293,-32.247849439707835,2,2,2
ch4-lower-edge-narrow-20260809T070231Z,ch4-lower-edge-narrow-20260809T070231Z.json,2026-08-09,pluto://ip:192.168.2.1,4,lower,manual,50.0,2500000.0,-27.28549498852678,-32.344368012617885,1,1,1
ch4-lower-edge-narrow-20260809T070512Z,ch4-lower-edge-narrow-20260809T070512Z.json,2026-08-09,pluto://ip:192.168.2.1,4,lower,slow_attack,,2500000.0,-12.60295241996097,-12.486891740922026,1,1,1
ch4-lower-edge-narrow-20260809T070717Z,ch4-lower-edge-narrow-20260809T070717Z.json,2026-08-09,pluto://ip:192.168.2.1,4,lower,slow_attack,,2500000.0,-12.733973563826705,-12.746671519275122,0,0,0
ch4-lower-edge-narrow-20260809T071114Z,ch4-lower-edge-narrow-20260809T071114Z.json,2026-08-09,pluto://ip:192.168.2.1,4,lower,manual,50.0,2500000.0,-27.053960770989587,-32.1755927730931,2,2,2
ch4-lower-edge-narrow-20260809T071317Z,ch4-lower-edge-narrow-20260809T071317Z.json,2026-08-09,pluto://ip:192.168.2.1,4,lower,slow_attack,,2500000.0,-12.567805199251652,-12.649288168993314,2,2,2
ch4-lower-edge-narrow-20260809T071600Z,ch4-lower-edge-narrow-20260809T071600Z.json,2026-08-09,pluto://ip:192.168.2.1,4,lower,manual,50.0,2500000.0,-27.16514843097176,-32.266249574539344,1,1,1
ch4-lower-edge-narrow-20260809T071803Z,ch4-lower-edge-narrow-20260809T071803Z.json,2026-08-09,pluto://ip:192.168.2.1,4,lower,slow_attack,,2500000.0,-12.693597121830813,-12.559797702871286,3,3,2
ch4-lower-edge-narrow-20260809T072046Z,ch4-lower-edge-narrow-20260809T072046Z.json,2026-08-09,pluto://ip:192.168.2.1,4,lower,slow_attack,,2500000.0,-12.602015491868485,-12.447436872030497,1,1,1
ch4-lower-edge-narrow-20260809T072251Z,ch4-lower-edge-narrow-20260809T072251Z.json,2026-08-09,pluto://ip:192.168.2.1,4,lower,slow_attack,,2500000.0,-12.527305160010924,-12.42015346914373,2,2,2
ch4-lower-edge-narrow-20260809T072533Z,ch4-lower-edge-narrow-20260809T072533Z.json,2026-08-09,pluto://ip:192.168.2.1,4,lower,slow_attack,,2500000.0,-12.507861744884162,-12.385558512340138,4,4,4
ch4-lower-edge-narrow-20260809T072738Z,ch4-lower-edge-narrow-20260809T072738Z.json,2026-08-09,pluto://ip:192.168.2.1,4,lower,manual,50.0,2500000.0,-26.594801800236468,-31.683958207798682,2,2,2
ch4-lower-edge-narrow-20260809T073020Z,ch4-lower-edge-narrow-20260809T073020Z.json,2026-08-09,pluto://ip:192.168.2.1,4,lower,slow_attack,,2500000.0,-12.74317684223082,-12.792384021765486,1,1,1
ch4-lower-edge-narrow-20260809T073225Z,ch4-lower-edge-narrow-20260809T073225Z.json,2026-08-09,pluto://ip:192.168.2.1,4,lower,slow_attack,,2500000.0,-12.783337858461778,-12.77947623310636,1,1,1
ch4-lower-edge-narrow-20260809T073542Z,ch4-lower-edge-narrow-20260809T073542Z.json,2026-08-09,pluto://ip:192.168.2.1,4,lower,slow_attack,,2500000.0,-12.73894247027309,-12.674169487115206,0,0,0
ch4-lower-edge-narrow-20260809T073747Z,ch4-lower-edge-narrow-20260809T073747Z.json,2026-08-09,pluto://ip:192.168.2.1,4,lower,manual,50.0,2500000.0,-27.217669774296212,-32.2709018172886,4,4,4
ch4-lower-edge-narrow-20260809T074027Z,ch4-lower-edge-narrow-20260809T074027Z.json,2026-08-09,pluto://ip:192.168.2.1,4,lower,manual,50.0,2500000.0,-27.462194841278418,-32.43850196144523,1,1,1
ch4-lower-edge-narrow-20260809T074230Z,ch4-lower-edge-narrow-20260809T074230Z.json,2026-08-09,pluto://ip:192.168.2.1,4,lower,slow_attack,,2500000.0,-12.883274558918313,-12.817094458430027,1,0,0
ch4-lower-edge-narrow-20260809T074513Z,ch4-lower-edge-narrow-20260809T074513Z.json,2026-08-09,pluto://ip:192.168.2.1,4,lower,slow_attack,,2500000.0,-12.702977110919422,-12.64657753442645,2,2,1
ch4-lower-edge-narrow-20260809T074800Z,ch4-lower-edge-narrow-20260809T074800Z.json,2026-08-09,pluto://ip:192.168.2.1,4,lower,manual,50.0,2500000.0,-27.520399938720335,-32.53277984018377,1,0,0
ch4-lower-edge-narrow-20260809T075042Z,ch4-lower-edge-narrow-20260809T075042Z.json,2026-08-09,pluto://ip:192.168.2.1,4,lower,manual,50.0,2500000.0,-27.293156489400467,-32.300610970411626,1,1,1
ch4-lower-edge-narrow-20260809T075245Z,ch4-lower-edge-narrow-20260809T075245Z.json,2026-08-09,pluto://ip:192.168.2.1,4,lower,slow_attack,,2500000.0,-12.431040074378366,-12.33771096334096,5,5,4
ch4-lower-edge-narrow-20260809T075530Z,ch4-lower-edge-narrow-20260809T075530Z.json,2026-08-09,pluto://ip:192.168.2.1,4,lower,manual,50.0,2500000.0,-26.960375531360977,-32.10411903932045,5,5,3
ch4-lower-edge-narrow-20260809T075733Z,ch4-lower-edge-narrow-20260809T075733Z.json,2026-08-09,pluto://ip:192.168.2.1,4,lower,manual,50.0,2500000.0,-26.811082668847355,-31.87553254894219,4,4,3
ch4-lower-edge-narrow-20260809T080047Z,ch4-lower-edge-narrow-20260809T080047Z.json,2026-08-09,pluto://ip:192.168.2.1,4,lower,manual,50.0,2500000.0,-27.61887469427931,-32.596710732549894,0,0,0
ch4-lower-edge-narrow-20260809T080250Z,ch4-lower-edge-narrow-20260809T080250Z.json,2026-08-09,pluto://ip:192.168.2.1,4,lower,manual,50.0,2500000.0,-27.15566743866146,-32.177342462465965,3,3,3
ch4-lower-edge-narrow-20260809T080531Z,ch4-lower-edge-narrow-20260809T080531Z.json,2026-08-09,pluto://ip:192.168.2.1,4,lower,slow_attack,,2500000.0,-12.931694237275234,-12.860685868143252,0,0,0
ch4-lower-edge-narrow-20260809T080736Z,ch4-lower-edge-narrow-20260809T080736Z.json,2026-08-09,pluto://ip:192.168.2.1,4,lower,manual,50.0,2500000.0,-27.441594281448445,-32.48188732245635,1,0,0
ch4-lower-edge-narrow-20260809T081017Z,ch4-lower-edge-narrow-20260809T081017Z.json,2026-08-09,pluto://ip:192.168.2.1,4,lower,manual,50.0,2500000.0,-27.124941373767662,-32.16813713871198,1,1,1
ch4-lower-edge-narrow-20260809T081220Z,ch4-lower-edge-narrow-20260809T081220Z.json,2026-08-09,pluto://ip:192.168.2.1,4,lower,manual,50.0,2500000.0,-27.416264993393927,-32.39865450590884,2,2,2
ch4-lower-edge-narrow-20260809T081500Z,ch4-lower-edge-narrow-20260809T081500Z.json,2026-08-09,pluto://ip:192.168.2.1,4,lower,manual,50.0,2500000.0,-27.59361466895271,-32.57699295340525,0,0,0
ch4-lower-edge-narrow-20260809T081703Z,ch4-lower-edge-narrow-20260809T081703Z.json,2026-08-09,pluto://ip:192.168.2.1,4,lower,manual,50.0,2500000.0,-27.586571785445972,-32.55655953499416,0,0,0
ch4-lower-edge-narrow-20260809T081945Z,ch4-lower-edge-narrow-20260809T081945Z.json,2026-08-09,pluto://ip:192.168.2.1,4,lower,manual,50.0,2500000.0,-27.64459766296655,-32.59369815418127,0,0,0
ch4-lower-edge-narrow-20260809T082148Z,ch4-lower-edge-narrow-20260809T082148Z.json,2026-08-09,pluto://ip:192.168.2.1,4,lower,manual,50.0,2500000.0,-27.252103910852433,-32.351586443524035,2,2,1
ch4-lower-edge-narrow-20260809T082542Z,ch4-lower-edge-narrow-20260809T082542Z.json,2026-08-09,pluto://ip:192.168.2.1,4,lower,slow_attack,,2500000.0,-12.832548369098777,-12.813146904695632,0,0,0
ch4-lower-edge-narrow-20260809T082748Z,ch4-lower-edge-narrow-20260809T082748Z.json,2026-08-09,pluto://ip:192.168.2.1,4,lower,slow_attack,,2500000.0,-12.625807250057674,-12.611517119023961,2,2,2
ch4-lower-edge-narrow-20260809T083031Z,ch4-lower-edge-narrow-20260809T083031Z.json,2026-08-09,pluto://ip:192.168.2.1,4,lower,slow_attack,,2500000.0,-12.569917099490972,-12.544216370914935,2,2,2
ch4-lower-edge-narrow-20260809T083236Z,ch4-lower-edge-narrow-20260809T083236Z.json,2026-08-09,pluto://ip:192.168.2.1,4,lower,slow_attack,,2500000.0,-12.742476744018331,-12.792671690003177,1,0,0
ch4-lower-edge-narrow-20260809T083520Z,ch4-lower-edge-narrow-20260809T083520Z.json,2026-08-09,pluto://ip:192.168.2.1,4,lower,manual,50.0,2500000.0,-27.074830773802347,-31.995763526377907,2,2,2
ch4-lower-edge-narrow-20260809T083722Z,ch4-lower-edge-narrow-20260809T083722Z.json,2026-08-09,pluto://ip:192.168.2.1,4,lower,slow_attack,,2500000.0,-12.734002482556768,-12.825200198088156,1,0,0
ch4-lower-edge-narrow-20260809T084005Z,ch4-lower-edge-narrow-20260809T084005Z.json,2026-08-09,pluto://ip:192.168.2.1,4,lower,slow_attack,,2500000.0,-12.674446768936727,-12.586925982812783,2,2,2
ch4-lower-edge-narrow-20260809T084210Z,ch4-lower-edge-narrow-20260809T084210Z.json,2026-08-09,pluto://ip:192.168.2.1,4,lower,manual,50.0,2500000.0,-27.39549650623158,-32.36450549927469,2,2,1
ch4-lower-edge-narrow-20260809T084452Z,ch4-lower-edge-narrow-20260809T084452Z.json,2026-08-09,pluto://ip:192.168.2.1,4,lower,manual,50.0,2500000.0,-27.217676132326844,-32.24871207177741,5,5,4
ch4-lower-edge-narrow-20260809T084655Z,ch4-lower-edge-narrow-20260809T084655Z.json,2026-08-09,pluto://ip:192.168.2.1,4,lower,manual,50.0,2500000.0,-27.537633990317264,-32.51150324584656,0,0,0
ch4-lower-edge-narrow-20260809T085008Z,ch4-lower-edge-narrow-20260809T085008Z.json,2026-08-09,pluto://ip:192.168.2.1,4,lower,slow_attack,,2500000.0,-12.773927548926807,-12.68326498648026,4,4,3
ch4-lower-edge-narrow-20260809T085212Z,ch4-lower-edge-narrow-20260809T085212Z.json,2026-08-09,pluto://ip:192.168.2.1,4,lower,slow_attack,,2500000.0,-12.637835323144424,-12.60209405724006,2,2,2
ch4-lower-edge-narrow-20260809T085455Z,ch4-lower-edge-narrow-20260809T085455Z.json,2026-08-09,pluto://ip:192.168.2.1,4,lower,slow_attack,,2500000.0,-12.550374099695286,-12.524620982272392,3,3,3
ch4-lower-edge-narrow-20260809T085700Z,ch4-lower-edge-narrow-20260809T085700Z.json,2026-08-09,pluto://ip:192.168.2.1,4,lower,slow_attack,,2500000.0,-12.633513598286397,-12.565116824653753,3,3,3
ch4-lower-edge-narrow-20260809T085942Z,ch4-lower-edge-narrow-20260809T085942Z.json,2026-08-09,pluto://ip:192.168.2.1,4,lower,slow_attack,,2500000.0,-12.61161048826552,-12.167856172500034,2,2,2
ch4-lower-edge-narrow-20260809T090228Z,ch4-lower-edge-narrow-20260809T090228Z.json,2026-08-09,pluto://ip:192.168.2.1,4,lower,manual,50.0,2500000.0,-27.495768632447778,-32.52874477377737,1,1,1
ch4-lower-edge-narrow-20260809T090510Z,ch4-lower-edge-narrow-20260809T090510Z.json,2026-08-09,pluto://ip:192.168.2.1,4,lower,slow_attack,,2500000.0,-12.887941857778642,-12.818521778464568,2,2,2
ch4-lower-edge-narrow-20260809T090715Z,ch4-lower-edge-narrow-20260809T090715Z.json,2026-08-09,pluto://ip:192.168.2.1,4,lower,slow_attack,,2500000.0,-12.564072246464193,-12.396559456496183,3,3,3
ch4-lower-edge-narrow-20260809T090958Z,ch4-lower-edge-narrow-20260809T090958Z.json,2026-08-09,pluto://ip:192.168.2.1,4,lower,manual,50.0,2500000.0,-27.196211231916365,-32.23412852278015,3,3,3
ch4-lower-edge-narrow-20260809T091201Z,ch4-lower-edge-narrow-20260809T091201Z.json,2026-08-09,pluto://ip:192.168.2.1,4,lower,slow_attack,,2500000.0,-12.779086516265501,-11.975392732113242,2,2,2
ch4-lower-edge-narrow-20260809T091515Z,ch4-lower-edge-narrow-20260809T091515Z.json,2026-08-09,pluto://ip:192.168.2.1,4,lower,slow_attack,,2500000.0,-12.64990605126968,-12.532377157010892,2,2,2
ch4-lower-edge-narrow-20260809T091720Z,ch4-lower-edge-narrow-20260809T091720Z.json,2026-08-09,pluto://ip:192.168.2.1,4,lower,slow_attack,,2500000.0,-12.77456030751955,-12.743359575147906,4,4,3
ch4-lower-edge-narrow-20260809T092004Z,ch4-lower-edge-narrow-20260809T092004Z.json,2026-08-09,pluto://ip:192.168.2.1,4,lower,manual,50.0,2500000.0,-27.345544545705224,-32.38218220585749,2,2,2
ch4-lower-edge-narrow-20260809T092207Z,ch4-lower-edge-narrow-20260809T092207Z.json,2026-08-09,pluto://ip:192.168.2.1,4,lower,manual,50.0,2500000.0,-27.232356129590514,-32.29189343165246,3,3,3
ch4-lower-edge-narrow-20260809T092450Z,ch4-lower-edge-narrow-20260809T092450Z.json,2026-08-09,pluto://ip:192.168.2.1,4,lower,manual,50.0,2500000.0,-27.463841303666847,-32.49543560762682,1,1,1
ch4-lower-edge-narrow-20260809T092652Z,ch4-lower-edge-narrow-20260809T092652Z.json,2026-08-09,pluto://ip:192.168.2.1,4,lower,manual,50.0,2500000.0,-27.35183584367072,-32.46642207650108,1,1,1
ch4-lower-edge-narrow-20260809T092933Z,ch4-lower-edge-narrow-20260809T092933Z.json,2026-08-09,pluto://ip:192.168.2.1,4,lower,manual,50.0,2500000.0,-27.102569411162428,-32.17006578559469,1,1,1
ch4-lower-edge-narrow-20260809T093136Z,ch4-lower-edge-narrow-20260809T093136Z.json,2026-08-09,pluto://ip:192.168.2.1,4,lower,slow_attack,,2500000.0,-12.73741466379926,-12.680289735164676,1,1,1
ch4-lower-edge-narrow-20260809T093419Z,ch4-lower-edge-narrow-20260809T093419Z.json,2026-08-09,pluto://ip:192.168.2.1,4,lower,slow_attack,,2500000.0,-12.796431038310871,-12.128470301830706,2,2,2
ch4-lower-edge-narrow-20260809T093624Z,ch4-lower-edge-narrow-20260809T093624Z.json,2026-08-09,pluto://ip:192.168.2.1,4,lower,manual,50.0,2500000.0,-26.94514008496872,-31.91847419104054,2,2,2
ch4-lower-edge-narrow-20260809T094019Z,ch4-lower-edge-narrow-20260809T094019Z.json,2026-08-09,pluto://ip:192.168.2.1,4,lower,manual,50.0,2500000.0,-27.177142555124863,-32.24803228741739,2,2,2
ch4-lower-edge-narrow-20260809T094223Z,ch4-lower-edge-narrow-20260809T094223Z.json,2026-08-09,pluto://ip:192.168.2.1,4,lower,manual,50.0,2500000.0,-27.129043982785692,-32.105221969786975,6,6,4
ch4-lower-edge-narrow-20260809T094504Z,ch4-lower-edge-narrow-20260809T094504Z.json,2026-08-09,pluto://ip:192.168.2.1,4,lower,manual,50.0,2500000.0,-27.34219007315618,-32.32698565973608,1,1,1
ch4-lower-edge-narrow-20260809T094707Z,ch4-lower-edge-narrow-20260809T094707Z.json,2026-08-09,pluto://ip:192.168.2.1,4,lower,manual,50.0,2500000.0,-27.591263254367163,-32.586083265657216,0,0,0
ch4-lower-edge-narrow-20260809T094948Z,ch4-lower-edge-narrow-20260809T094948Z.json,2026-08-09,pluto://ip:192.168.2.1,4,lower,slow_attack,,2500000.0,-12.654108927379111,-12.719344103283758,1,1,1
ch4-lower-edge-narrow-20260809T095153Z,ch4-lower-edge-narrow-20260809T095153Z.json,2026-08-09,pluto://ip:192.168.2.1,4,lower,slow_attack,,2500000.0,-12.86223958836381,-12.679410435392569,4,4,3
ch4-lower-edge-narrow-20260809T095437Z,ch4-lower-edge-narrow-20260809T095437Z.json,2026-08-09,pluto://ip:192.168.2.1,4,lower,manual,50.0,2500000.0,-27.488494828513744,-32.524595013769506,1,1,1
ch4-lower-edge-narrow-20260809T095639Z,ch4-lower-edge-narrow-20260809T095639Z.json,2026-08-09,pluto://ip:192.168.2.1,4,lower,slow_attack,,2500000.0,-12.659792249997132,-12.77571751495018,2,2,2
ch4-lower-edge-narrow-20260809T095922Z,ch4-lower-edge-narrow-20260809T095922Z.json,2026-08-09,pluto://ip:192.168.2.1,4,lower,slow_attack,,2500000.0,-12.532582027343944,-12.523009688937421,3,3,3
ch4-lower-edge-narrow-20260809T100126Z,ch4-lower-edge-narrow-20260809T100126Z.json,2026-08-09,pluto://ip:192.168.2.1,4,lower,manual,50.0,2500000.0,-27.023574859911818,-32.05903193714962,6,6,6
ch4-lower-edge-narrow-20260809T100442Z,ch4-lower-edge-narrow-20260809T100442Z.json,2026-08-09,pluto://ip:192.168.2.1,4,lower,slow_attack,,2500000.0,-12.314968884371904,-12.325518468934671,5,5,4
ch4-lower-edge-narrow-20260809T100646Z,ch4-lower-edge-narrow-20260809T100646Z.json,2026-08-09,pluto://ip:192.168.2.1,4,lower,slow_attack,,2500000.0,-12.844072466005265,-12.647624882972865,1,1,1
ch4-lower-edge-narrow-20260809T100929Z,ch4-lower-edge-narrow-20260809T100929Z.json,2026-08-09,pluto://ip:192.168.2.1,4,lower,manual,50.0,2500000.0,-27.390560213308845,-32.37592131186057,3,3,2
ch4-lower-edge-narrow-20260809T101132Z,ch4-lower-edge-narrow-20260809T101132Z.json,2026-08-09,pluto://ip:192.168.2.1,4,lower,manual,50.0,2500000.0,-27.460147147902163,-32.49336980522908,1,0,0
ch4-lower-edge-narrow-20260809T101413Z,ch4-lower-edge-narrow-20260809T101413Z.json,2026-08-09,pluto://ip:192.168.2.1,4,lower,slow_attack,,2500000.0,-12.549849737293734,-12.52523415925376,4,4,4
ch4-lower-edge-narrow-20260809T101702Z,ch4-lower-edge-narrow-20260809T101702Z.json,2026-08-09,pluto://ip:192.168.2.1,4,lower,manual,50.0,2500000.0,-27.443839920948694,-32.4206792598642,2,2,2
ch4-lower-edge-narrow-20260809T101946Z,ch4-lower-edge-narrow-20260809T101946Z.json,2026-08-09,pluto://ip:192.168.2.1,4,lower,slow_attack,,2500000.0,-12.895239630652284,-12.873530077990637,0,0,0
ch4-lower-edge-narrow-20260809T102150Z,ch4-lower-edge-narrow-20260809T102150Z.json,2026-08-09,pluto://ip:192.168.2.1,4,lower,manual,50.0,2500000.0,-27.2274680981255,-32.368674536726225,2,2,2
ch4-lower-edge-narrow-20260809T102433Z,ch4-lower-edge-narrow-20260809T102433Z.json,2026-08-09,pluto://ip:192.168.2.1,4,lower,slow_attack,,2500000.0,-12.897941454845533,-12.832952519392984,0,0,0
ch4-lower-edge-narrow-20260809T102638Z,ch4-lower-edge-narrow-20260809T102638Z.json,2026-08-09,pluto://ip:192.168.2.1,4,lower,manual,50.0,2500000.0,-27.079379441784926,-32.12207399450114,3,3,3
ch4-lower-edge-narrow-20260809T102949Z,ch4-lower-edge-narrow-20260809T102949Z.json,2026-08-09,pluto://ip:192.168.2.1,4,lower,slow_attack,,2500000.0,-12.828622195971915,-12.45964092048428,2,2,2
ch4-lower-edge-narrow-20260809T103154Z,ch4-lower-edge-narrow-20260809T103154Z.json,2026-08-09,pluto://ip:192.168.2.1,4,lower,slow_attack,,2500000.0,-12.90459151368433,-12.797056705490226,3,3,3
ch4-lower-edge-narrow-20260809T103438Z,ch4-lower-edge-narrow-20260809T103438Z.json,2026-08-09,pluto://ip:192.168.2.1,4,lower,slow_attack,,2500000.0,-12.882354049310386,-12.84946680319855,0,0,0
ch4-lower-edge-narrow-20260809T103643Z,ch4-lower-edge-narrow-20260809T103643Z.json,2026-08-09,pluto://ip:192.168.2.1,4,lower,manual,50.0,2500000.0,-27.708397250095086,-32.649732486206176,0,0,0
ch4-lower-edge-narrow-20260809T103925Z,ch4-lower-edge-narrow-20260809T103925Z.json,2026-08-09,pluto://ip:192.168.2.1,4,lower,manual,50.0,2500000.0,-27.446689470617166,-32.47327128607029,2,2,2
ch4-lower-edge-narrow-20260809T104128Z,ch4-lower-edge-narrow-20260809T104128Z.json,2026-08-09,pluto://ip:192.168.2.1,4,lower,slow_attack,,2500000.0,-12.64355481312726,-12.586287510375564,2,2,2
ch4-lower-edge-narrow-20260809T104413Z,ch4-lower-edge-narrow-20260809T104413Z.json,2026-08-09,pluto://ip:192.168.2.1,4,lower,manual,50.0,2500000.0,-27.35859584408292,-32.339170504123935,3,3,3
ch4-lower-edge-narrow-20260809T104616Z,ch4-lower-edge-narrow-20260809T104616Z.json,2026-08-09,pluto://ip:192.168.2.1,4,lower,slow_attack,,2500000.0,-12.808339959253082,-12.76804332571584,1,1,1
ch4-lower-edge-narrow-20260809T104901Z,ch4-lower-edge-narrow-20260809T104901Z.json,2026-08-09,pluto://ip:192.168.2.1,4,lower,manual,50.0,2500000.0,-27.650301609995257,-32.61084426472888,0,0,0
ch4-lower-edge-narrow-20260809T105104Z,ch4-lower-edge-narrow-20260809T105104Z.json,2026-08-09,pluto://ip:192.168.2.1,4,lower,slow_attack,,2500000.0,-12.593486168796982,-12.59564123568408,3,3,2
ch4-lower-edge-narrow-20260809T105500Z,ch4-lower-edge-narrow-20260809T105500Z.json,2026-08-09,pluto://ip:192.168.2.1,4,lower,manual,50.0,2500000.0,-26.62203232554788,-31.72546253243885,3,3,3
ch4-lower-edge-narrow-20260809T105704Z,ch4-lower-edge-narrow-20260809T105704Z.json,2026-08-09,pluto://ip:192.168.2.1,4,lower,slow_attack,,2500000.0,-12.873965767688896,-12.681605804863636,2,2,1
ch4-lower-edge-narrow-20260809T105946Z,ch4-lower-edge-narrow-20260809T105946Z.json,2026-08-09,pluto://ip:192.168.2.1,4,lower,manual,50.0,2500000.0,-27.046044223445435,-32.08810260166962,2,2,2
ch4-lower-edge-narrow-20260809T110149Z,ch4-lower-edge-narrow-20260809T110149Z.json,2026-08-09,pluto://ip:192.168.2.1,4,lower,manual,50.0,2500000.0,-27.580461932606454,-32.58678239672947,0,0,0
ch4-lower-edge-narrow-20260809T110431Z,ch4-lower-edge-narrow-20260809T110431Z.json,2026-08-09,pluto://ip:192.168.2.1,4,lower,slow_attack,,2500000.0,-12.536404021767634,-12.52123446056703,5,5,3
ch4-lower-edge-narrow-20260809T110635Z,ch4-lower-edge-narrow-20260809T110635Z.json,2026-08-09,pluto://ip:192.168.2.1,4,lower,manual,50.0,2500000.0,-27.35598159853427,-32.39500858974083,1,1,1
ch4-lower-edge-narrow-20260809T110917Z,ch4-lower-edge-narrow-20260809T110917Z.json,2026-08-09,pluto://ip:192.168.2.1,4,lower,manual,50.0,2500000.0,-27.28541225345362,-32.26042409105572,3,3,3
ch4-lower-edge-narrow-20260809T111120Z,ch4-lower-edge-narrow-20260809T111120Z.json,2026-08-09,pluto://ip:192.168.2.1,4,lower,manual,50.0,2500000.0,-27.13905082697281,-32.12391073234536,5,5,4
ch4-lower-edge-narrow-20260809T111401Z,ch4-lower-edge-narrow-20260809T111401Z.json,2026-08-09,pluto://ip:192.168.2.1,4,lower,slow_attack,,2500000.0,-12.57459817507602,-12.403679721083027,3,3,3
ch4-lower-edge-narrow-20260809T111606Z,ch4-lower-edge-narrow-20260809T111606Z.json,2026-08-09,pluto://ip:192.168.2.1,4,lower,slow_attack,,2500000.0,-12.889121009955389,-12.844753574813573,1,1,1
ch4-lower-edge-narrow-20260809T111923Z,ch4-lower-edge-narrow-20260809T111923Z.json,2026-08-09,pluto://ip:192.168.2.1,4,lower,manual,50.0,2500000.0,-27.303738075054447,-32.33009034607251,2,2,2
ch4-lower-edge-narrow-20260809T112126Z,ch4-lower-edge-narrow-20260809T112126Z.json,2026-08-09,pluto://ip:192.168.2.1,4,lower,manual,50.0,2500000.0,-27.062326077990242,-32.15286762581203,3,3,3
ch4-lower-edge-narrow-20260809T112407Z,ch4-lower-edge-narrow-20260809T112407Z.json,2026-08-09,pluto://ip:192.168.2.1,4,lower,manual,50.0,2500000.0,-27.35343293201078,-32.300558691589806,1,1,1
ch4-lower-edge-narrow-20260809T112610Z,ch4-lower-edge-narrow-20260809T112610Z.json,2026-08-09,pluto://ip:192.168.2.1,4,lower,slow_attack,,2500000.0,-12.440111342377753,-12.550904002493704,3,3,3
ch4-lower-edge-narrow-20260809T112854Z,ch4-lower-edge-narrow-20260809T112854Z.json,2026-08-09,pluto://ip:192.168.2.1,4,lower,slow_attack,,2500000.0,-12.85301925255024,-12.694677770457998,1,1,1
ch4-lower-edge-narrow-20260809T113143Z,ch4-lower-edge-narrow-20260809T113143Z.json,2026-08-09,pluto://ip:192.168.2.1,4,lower,manual,50.0,2500000.0,-27.080226247942036,-32.16301669510694,2,2,2
ch4-lower-edge-narrow-20260809T113425Z,ch4-lower-edge-narrow-20260809T113425Z.json,2026-08-09,pluto://ip:192.168.2.1,4,lower,slow_attack,,2500000.0,-12.757478243682732,-12.570775502404201,1,1,1
ch4-lower-edge-narrow-20260809T113629Z,ch4-lower-edge-narrow-20260809T113629Z.json,2026-08-09,pluto://ip:192.168.2.1,4,lower,slow_attack,,2500000.0,-12.639845447103024,-12.163725038333444,3,3,2
ch4-lower-edge-narrow-20260809T113912Z,ch4-lower-edge-narrow-20260809T113912Z.json,2026-08-09,pluto://ip:192.168.2.1,4,lower,slow_attack,,2500000.0,-12.527396594410556,-12.308998852743219,1,1,1
ch4-lower-edge-narrow-20260809T114117Z,ch4-lower-edge-narrow-20260809T114117Z.json,2026-08-09,pluto://ip:192.168.2.1,4,lower,manual,50.0,2500000.0,-27.58440092853318,-32.601873901388345,2,2,1
ch4-lower-edge-narrow-20260809T114428Z,ch4-lower-edge-narrow-20260809T114428Z.json,2026-08-09,pluto://ip:192.168.2.1,4,lower,slow_attack,,2500000.0,-12.729128507308511,-12.687432026196355,1,1,1
ch4-lower-edge-narrow-20260809T114633Z,ch4-lower-edge-narrow-20260809T114633Z.json,2026-08-09,pluto://ip:192.168.2.1,4,lower,slow_attack,,2500000.0,-12.666519997092822,-12.6672594551973,1,0,0
ch4-lower-edge-narrow-20260809T114915Z,ch4-lower-edge-narrow-20260809T114915Z.json,2026-08-09,pluto://ip:192.168.2.1,4,lower,manual,50.0,2500000.0,-27.13651555094483,-32.27606978730682,2,2,2
ch4-lower-edge-narrow-20260809T115118Z,ch4-lower-edge-narrow-20260809T115118Z.json,2026-08-09,pluto://ip:192.168.2.1,4,lower,slow_attack,,2500000.0,-12.498145279302035,-12.481454452598326,4,4,4
ch4-lower-edge-narrow-20260809T115402Z,ch4-lower-edge-narrow-20260809T115402Z.json,2026-08-09,pluto://ip:192.168.2.1,4,lower,slow_attack,,2500000.0,-12.58331202854542,-12.632017408818756,2,2,2
ch4-lower-edge-narrow-20260809T115607Z,ch4-lower-edge-narrow-20260809T115607Z.json,2026-08-09,pluto://ip:192.168.2.1,4,lower,slow_attack,,2500000.0,-12.688753100558364,-12.114283257601222,0,0,0
ch4-lower-edge-narrow-20260809T115850Z,ch4-lower-edge-narrow-20260809T115850Z.json,2026-08-09,pluto://ip:192.168.2.1,4,lower,manual,50.0,2500000.0,-27.33368009338857,-32.389985856806966,3,3,3
ch4-lower-edge-narrow-20260809T120053Z,ch4-lower-edge-narrow-20260809T120053Z.json,2026-08-09,pluto://ip:192.168.2.1,4,lower,slow_attack,,2500000.0,-12.871876781453818,-12.789126064527705,1,1,1
ch4-lower-edge-narrow-20260809T120338Z,ch4-lower-edge-narrow-20260809T120338Z.json,2026-08-09,pluto://ip:192.168.2.1,4,lower,slow_attack,,2500000.0,-12.60384459786517,-12.58677168463783,2,2,2
ch4-lower-edge-narrow-20260809T120543Z,ch4-lower-edge-narrow-20260809T120543Z.json,2026-08-09,pluto://ip:192.168.2.1,4,lower,slow_attack,,2500000.0,-12.437139038026821,-12.493798711887322,2,2,2
ch4-lower-edge-narrow-20260809T120941Z,ch4-lower-edge-narrow-20260809T120941Z.json,2026-08-09,pluto://ip:192.168.2.1,4,lower,manual,50.0,2500000.0,-27.195167176704985,-32.16498495115935,3,3,3
ch4-lower-edge-narrow-20260809T121144Z,ch4-lower-edge-narrow-20260809T121144Z.json,2026-08-09,pluto://ip:192.168.2.1,4,lower,manual,50.0,2500000.0,-26.42801744715754,-31.507117932989082,2,2,2
ch4-lower-edge-narrow-20260809T121425Z,ch4-lower-edge-narrow-20260809T121425Z.json,2026-08-09,pluto://ip:192.168.2.1,4,lower,slow_attack,,2500000.0,-12.80868465143239,-12.642841956115419,1,1,1
ch4-lower-edge-narrow-20260809T121630Z,ch4-lower-edge-narrow-20260809T121630Z.json,2026-08-09,pluto://ip:192.168.2.1,4,lower,slow_attack,,2500000.0,-12.628255857827043,-12.46239318125003,6,6,5
ch4-lower-edge-narrow-20260809T121913Z,ch4-lower-edge-narrow-20260809T121913Z.json,2026-08-09,pluto://ip:192.168.2.1,4,lower,manual,50.0,2500000.0,-27.39375019657919,-32.27377972335043,1,1,1
ch4-lower-edge-narrow-20260809T122116Z,ch4-lower-edge-narrow-20260809T122116Z.json,2026-08-09,pluto://ip:192.168.2.1,4,lower,slow_attack,,2500000.0,-12.6482642609467,-12.287034895239682,2,2,2
ch4-lower-edge-narrow-20260809T122359Z,ch4-lower-edge-narrow-20260809T122359Z.json,2026-08-09,pluto://ip:192.168.2.1,4,lower,slow_attack,,2500000.0,-12.808407300504946,-12.772643689774094,1,1,1
ch4-lower-edge-narrow-20260809T122604Z,ch4-lower-edge-narrow-20260809T122604Z.json,2026-08-09,pluto://ip:192.168.2.1,4,lower,slow_attack,,2500000.0,-12.761099110118174,-11.927240170922717,1,1,1
ch4-lower-edge-narrow-20260809T122848Z,ch4-lower-edge-narrow-20260809T122848Z.json,2026-08-09,pluto://ip:192.168.2.1,4,lower,slow_attack,,2500000.0,-12.568993713711983,-12.532641955903141,2,2,1
ch4-lower-edge-narrow-20260809T123052Z,ch4-lower-edge-narrow-20260809T123052Z.json,2026-08-09,pluto://ip:192.168.2.1,4,lower,slow_attack,,2500000.0,-12.632641363690793,-12.66260164510828,3,3,3
ch4-lower-edge-narrow-20260809T123407Z,ch4-lower-edge-narrow-20260809T123407Z.json,2026-08-09,pluto://ip:192.168.2.1,4,lower,manual,50.0,2500000.0,-26.82948908736996,-32.0385539394101,3,3,2
ch4-lower-edge-narrow-20260809T123610Z,ch4-lower-edge-narrow-20260809T123610Z.json,2026-08-09,pluto://ip:192.168.2.1,4,lower,slow_attack,,2500000.0,-12.797903642015505,-12.686770914608827,2,2,1
ch4-lower-edge-narrow-20260809T123853Z,ch4-lower-edge-narrow-20260809T123853Z.json,2026-08-09,pluto://ip:192.168.2.1,4,lower,slow_attack,,2500000.0,-12.758911698724125,-12.526110104696881,1,1,1
ch4-lower-edge-narrow-20260809T124058Z,ch4-lower-edge-narrow-20260809T124058Z.json,2026-08-09,pluto://ip:192.168.2.1,4,lower,slow_attack,,2500000.0,-12.882040158021471,-12.558145058450476,0,0,0
ch4-lower-edge-narrow-20260809T124341Z,ch4-lower-edge-narrow-20260809T124341Z.json,2026-08-09,pluto://ip:192.168.2.1,4,lower,manual,50.0,2500000.0,-27.28388562237097,-32.3562552111765,2,2,2
ch4-lower-edge-narrow-20260809T124628Z,ch4-lower-edge-narrow-20260809T124628Z.json,2026-08-09,pluto://ip:192.168.2.1,4,lower,manual,50.0,2500000.0,-26.807435952343816,-31.974614395752976,1,1,1
ch4-lower-edge-narrow-20260809T124910Z,ch4-lower-edge-narrow-20260809T124910Z.json,2026-08-09,pluto://ip:192.168.2.1,4,lower,manual,50.0,2500000.0,-27.25665334349712,-32.41599160892257,2,2,2
ch4-lower-edge-narrow-20260809T125112Z,ch4-lower-edge-narrow-20260809T125112Z.json,2026-08-09,pluto://ip:192.168.2.1,4,lower,manual,50.0,2500000.0,-27.10147051568713,-32.15300913837923,2,2,2
ch4-lower-edge-narrow-20260809T125354Z,ch4-lower-edge-narrow-20260809T125354Z.json,2026-08-09,pluto://ip:192.168.2.1,4,lower,manual,50.0,2500000.0,-27.088463717831633,-32.22332743023837,2,2,2
ch4-lower-edge-narrow-20260809T125557Z,ch4-lower-edge-narrow-20260809T125557Z.json,2026-08-09,pluto://ip:192.168.2.1,4,lower,manual,50.0,2500000.0,-27.13781953378436,-32.266294783545504,1,1,1
ch4-lower-edge-narrow-20260809T125909Z,ch4-lower-edge-narrow-20260809T125909Z.json,2026-08-09,pluto://ip:192.168.2.1,4,lower,manual,50.0,2500000.0,-27.598437800715985,-32.57425368754822,1,1,1
ch4-lower-edge-narrow-20260809T130112Z,ch4-lower-edge-narrow-20260809T130112Z.json,2026-08-09,pluto://ip:192.168.2.1,4,lower,manual,50.0,2500000.0,-26.8541152539262,-32.006310833091945,5,5,4
ch4-lower-edge-narrow-20260809T130353Z,ch4-lower-edge-narrow-20260809T130353Z.json,2026-08-09,pluto://ip:192.168.2.1,4,lower,manual,50.0,2500000.0,-27.381698867705765,-32.523932488890715,1,1,1
ch4-lower-edge-narrow-20260809T130555Z,ch4-lower-edge-narrow-20260809T130555Z.json,2026-08-09,pluto://ip:192.168.2.1,4,lower,slow_attack,,2500000.0,-12.64030848337953,-12.795282622151943,2,2,1
ch4-lower-edge-narrow-20260809T130838Z,ch4-lower-edge-narrow-20260809T130838Z.json,2026-08-09,pluto://ip:192.168.2.1,4,lower,manual,50.0,2500000.0,-27.29471980340349,-32.275350275251036,3,3,2
ch4-lower-edge-narrow-20260809T131041Z,ch4-lower-edge-narrow-20260809T131041Z.json,2026-08-09,pluto://ip:192.168.2.1,4,lower,manual,50.0,2500000.0,-27.081270664124347,-32.24954815499824,3,3,3
ch4-lower-edge-narrow-20260809T131323Z,ch4-lower-edge-narrow-20260809T131323Z.json,2026-08-09,pluto://ip:192.168.2.1,4,lower,slow_attack,,2500000.0,-12.851745801655808,-11.78294076276703,0,0,0
ch4-lower-edge-narrow-20260809T131528Z,ch4-lower-edge-narrow-20260809T131528Z.json,2026-08-09,pluto://ip:192.168.2.1,4,lower,slow_attack,,2500000.0,-12.84600045706809,-12.844653086594613,1,0,0
ch4-lower-edge-narrow-20260809T131812Z,ch4-lower-edge-narrow-20260809T131812Z.json,2026-08-09,pluto://ip:192.168.2.1,4,lower,manual,50.0,2500000.0,-26.747986174850816,-31.87185306509107,3,3,3
ch4-lower-edge-narrow-20260809T132014Z,ch4-lower-edge-narrow-20260809T132014Z.json,2026-08-09,pluto://ip:192.168.2.1,4,lower,slow_attack,,2500000.0,-12.565334396691535,-12.631467862938324,3,3,2
ch4-lower-edge-narrow-20260809T132411Z,ch4-lower-edge-narrow-20260809T132411Z.json,2026-08-09,pluto://ip:192.168.2.1,4,lower,manual,50.0,2500000.0,-27.475467119325504,-32.58651214915014,1,1,1
ch4-lower-edge-narrow-20260809T132615Z,ch4-lower-edge-narrow-20260809T132615Z.json,2026-08-09,pluto://ip:192.168.2.1,4,lower,manual,50.0,2500000.0,-27.244466849844482,-32.37411324779321,2,2,2
ch4-lower-edge-narrow-20260809T132855Z,ch4-lower-edge-narrow-20260809T132855Z.json,2026-08-09,pluto://ip:192.168.2.1,4,lower,manual,50.0,2500000.0,-27.387128989070337,-32.548724822855,1,1,1
ch4-lower-edge-narrow-20260809T133058Z,ch4-lower-edge-narrow-20260809T133058Z.json,2026-08-09,pluto://ip:192.168.2.1,4,lower,manual,50.0,2500000.0,-27.544871928003268,-32.631042173484836,0,0,0
ch4-lower-edge-narrow-20260809T133408Z,ch4-lower-edge-narrow-20260809T133408Z.json,2026-08-09,pluto://ip:192.168.2.1,4,lower,slow_attack,,2500000.0,-12.518534843910597,-12.375949900806853,2,2,2
ch4-lower-edge-narrow-20260809T133613Z,ch4-lower-edge-narrow-20260809T133613Z.json,2026-08-09,pluto://ip:192.168.2.1,4,lower,slow_attack,,2500000.0,-12.526717215927231,-12.587962634786953,3,3,3
ch4-lower-edge-narrow-20260809T133856Z,ch4-lower-edge-narrow-20260809T133856Z.json,2026-08-09,pluto://ip:192.168.2.1,4,lower,manual,50.0,2500000.0,-27.086503809387015,-32.22892818854448,3,3,2
ch4-lower-edge-narrow-20260809T134059Z,ch4-lower-edge-narrow-20260809T134059Z.json,2026-08-09,pluto://ip:192.168.2.1,4,lower,manual,50.0,2500000.0,-27.210269054814606,-32.30739116322324,3,3,3
ch4-lower-edge-narrow-20260809T134340Z,ch4-lower-edge-narrow-20260809T134340Z.json,2026-08-09,pluto://ip:192.168.2.1,4,lower,slow_attack,,2500000.0,-12.325983346758045,-12.313417258667723,5,5,4
ch4-lower-edge-narrow-20260809T134545Z,ch4-lower-edge-narrow-20260809T134545Z.json,2026-08-09,pluto://ip:192.168.2.1,4,lower,slow_attack,,2500000.0,-12.46725574405797,-12.684656109541004,2,2,2
ch4-lower-edge-narrow-20260809T134902Z,ch4-lower-edge-narrow-20260809T134902Z.json,2026-08-09,pluto://ip:192.168.2.1,4,lower,slow_attack,,2500000.0,-12.678705731294732,-12.610599440466622,3,3,3
ch4-lower-edge-narrow-20260809T135106Z,ch4-lower-edge-narrow-20260809T135106Z.json,2026-08-09,pluto://ip:192.168.2.1,4,lower,slow_attack,,2500000.0,-12.728848962329092,-12.86677208280447,1,1,1
ch4-lower-edge-narrow-20260809T135350Z,ch4-lower-edge-narrow-20260809T135350Z.json,2026-08-09,pluto://ip:192.168.2.1,4,lower,slow_attack,,2500000.0,-12.742903956252933,-12.303572234042612,6,6,6
ch4-lower-edge-narrow-20260809T135555Z,ch4-lower-edge-narrow-20260809T135555Z.json,2026-08-09,pluto://ip:192.168.2.1,4,lower,slow_attack,,2500000.0,-12.573344114462085,-12.539361132636257,3,3,3
ch4-lower-edge-narrow-20260809T135838Z,ch4-lower-edge-narrow-20260809T135838Z.json,2026-08-09,pluto://ip:192.168.2.1,4,lower,slow_attack,,2500000.0,-12.803539899838611,-12.851061376329591,1,1,1
ch4-lower-edge-narrow-20260809T140125Z,ch4-lower-edge-narrow-20260809T140125Z.json,2026-08-09,pluto://ip:192.168.2.1,4,lower,slow_attack,,2500000.0,-12.49772905496762,-12.696421246236337,4,4,3
ch4-lower-edge-narrow-20260809T140409Z,ch4-lower-edge-narrow-20260809T140409Z.json,2026-08-09,pluto://ip:192.168.2.1,4,lower,manual,50.0,2500000.0,-27.34230668017551,-32.36192481646766,3,3,3
ch4-lower-edge-narrow-20260809T140612Z,ch4-lower-edge-narrow-20260809T140612Z.json,2026-08-09,pluto://ip:192.168.2.1,4,lower,slow_attack,,2500000.0,-12.392261727309963,-12.581057643665655,3,3,3
ch4-lower-edge-narrow-20260809T140856Z,ch4-lower-edge-narrow-20260809T140856Z.json,2026-08-09,pluto://ip:192.168.2.1,4,lower,slow_attack,,2500000.0,-12.838780860202817,-12.804404998225657,1,0,0
ch4-lower-edge-narrow-20260809T141101Z,ch4-lower-edge-narrow-20260809T141101Z.json,2026-08-09,pluto://ip:192.168.2.1,4,lower,slow_attack,,2500000.0,-12.57503087948545,-12.57734516413701,3,3,3
ch4-lower-edge-narrow-20260809T141418Z,ch4-lower-edge-narrow-20260809T141418Z.json,2026-08-09,pluto://ip:192.168.2.1,4,lower,manual,50.0,2500000.0,-27.30712869829995,-32.34231239550846,3,3,3
ch4-lower-edge-narrow-20260809T141620Z,ch4-lower-edge-narrow-20260809T141620Z.json,2026-08-09,pluto://ip:192.168.2.1,4,lower,manual,50.0,2500000.0,-27.38924803576608,-32.40452178162451,2,2,2
ch4-lower-edge-narrow-20260809T141901Z,ch4-lower-edge-narrow-20260809T141901Z.json,2026-08-09,pluto://ip:192.168.2.1,4,lower,slow_attack,,2500000.0,-12.747470132948743,-12.273335003994179,2,2,2
ch4-lower-edge-narrow-20260809T142106Z,ch4-lower-edge-narrow-20260809T142106Z.json,2026-08-09,pluto://ip:192.168.2.1,4,lower,slow_attack,,2500000.0,-12.534604842696531,-12.483753653286797,2,2,2
ch4-lower-edge-narrow-20260809T142349Z,ch4-lower-edge-narrow-20260809T142349Z.json,2026-08-09,pluto://ip:192.168.2.1,4,lower,slow_attack,,2500000.0,-12.479168602617172,-12.404170900767415,7,7,7
ch4-lower-edge-narrow-20260809T142554Z,ch4-lower-edge-narrow-20260809T142554Z.json,2026-08-09,pluto://ip:192.168.2.1,4,lower,slow_attack,,2500000.0,-12.798847793574904,-12.625024137508419,2,2,2
ch4-lower-edge-narrow-20260809T142838Z,ch4-lower-edge-narrow-20260809T142838Z.json,2026-08-09,pluto://ip:192.168.2.1,4,lower,manual,50.0,2500000.0,-27.20109424056477,-32.228174640444934,1,1,1
ch4-lower-edge-narrow-20260809T143041Z,ch4-lower-edge-narrow-20260809T143041Z.json,2026-08-09,pluto://ip:192.168.2.1,4,lower,manual,50.0,2500000.0,-27.556376698763078,-32.5703700644882,2,2,1
ch4-lower-edge-narrow-20260809T143322Z,ch4-lower-edge-narrow-20260809T143322Z.json,2026-08-09,pluto://ip:192.168.2.1,4,lower,manual,50.0,2500000.0,-27.22669300080353,-32.32305965598539,2,2,1
ch4-lower-edge-narrow-20260809T143525Z,ch4-lower-edge-narrow-20260809T143525Z.json,2026-08-09,pluto://ip:192.168.2.1,4,lower,manual,50.0,2500000.0,-26.767265415159926,-31.911014391250138,2,2,2
ch4-lower-edge-narrow-20260809T143923Z,ch4-lower-edge-narrow-20260809T143923Z.json,2026-08-09,pluto://ip:192.168.2.1,4,lower,manual,50.0,2500000.0,-27.13123257357367,-32.21690481007855,2,2,2
ch4-lower-edge-narrow-20260809T144127Z,ch4-lower-edge-narrow-20260809T144127Z.json,2026-08-09,pluto://ip:192.168.2.1,4,lower,slow_attack,,2500000.0,-12.738691580293406,-12.644822523480837,3,3,2
ch4-lower-edge-narrow-20260809T144408Z,ch4-lower-edge-narrow-20260809T144408Z.json,2026-08-09,pluto://ip:192.168.2.1,4,lower,manual,50.0,2500000.0,-27.500890360587658,-32.475251564870156,2,2,2
ch4-lower-edge-narrow-20260809T144611Z,ch4-lower-edge-narrow-20260809T144611Z.json,2026-08-09,pluto://ip:192.168.2.1,4,lower,manual,50.0,2500000.0,-27.085457340270803,-32.2562637577664,2,2,2
ch4-lower-edge-narrow-20260809T144851Z,ch4-lower-edge-narrow-20260809T144851Z.json,2026-08-09,pluto://ip:192.168.2.1,4,lower,slow_attack,,2500000.0,-12.72524880218413,-12.51982062249114,5,5,5
ch4-lower-edge-narrow-20260809T145056Z,ch4-lower-edge-narrow-20260809T145056Z.json,2026-08-09,pluto://ip:192.168.2.1,4,lower,manual,50.0,2500000.0,-27.741413989176706,-32.642193267100126,1,1,1
ch4-lower-edge-narrow-20260809T145339Z,ch4-lower-edge-narrow-20260809T145339Z.json,2026-08-09,pluto://ip:192.168.2.1,4,lower,slow_attack,,2500000.0,-12.606818806768288,-12.538403796788486,3,3,3
ch4-lower-edge-narrow-20260809T145544Z,ch4-lower-edge-narrow-20260809T145544Z.json,2026-08-09,pluto://ip:192.168.2.1,4,lower,manual,50.0,2500000.0,-27.352118548507388,-32.37052298891929,4,4,4
ch4-lower-edge-narrow-20260809T145824Z,ch4-lower-edge-narrow-20260809T145824Z.json,2026-08-09,pluto://ip:192.168.2.1,4,lower,manual,50.0,2500000.0,-27.912905115040914,-32.78413364851355,0,0,0
ch4-lower-edge-narrow-20260809T150027Z,ch4-lower-edge-narrow-20260809T150027Z.json,2026-08-09,pluto://ip:192.168.2.1,4,lower,slow_attack,,2500000.0,-12.625218609680754,-12.008206713861522,1,1,1
ch4-lower-edge-narrow-20260809T150341Z,ch4-lower-edge-narrow-20260809T150341Z.json,2026-08-09,pluto://ip:192.168.2.1,4,lower,manual,50.0,2500000.0,-27.511180680856462,-32.419222478815826,2,2,2
ch4-lower-edge-narrow-20260809T150544Z,ch4-lower-edge-narrow-20260809T150544Z.json,2026-08-09,pluto://ip:192.168.2.1,4,lower,slow_attack,,2500000.0,-12.964597599600463,-12.857573192424576,2,2,2
ch4-lower-edge-narrow-20260809T150827Z,ch4-lower-edge-narrow-20260809T150827Z.json,2026-08-09,pluto://ip:192.168.2.1,4,lower,manual,50.0,2500000.0,-27.606923084246446,-32.35123234791058,1,1,1
ch4-lower-edge-narrow-20260809T151030Z,ch4-lower-edge-narrow-20260809T151030Z.json,2026-08-09,pluto://ip:192.168.2.1,4,lower,slow_attack,,2500000.0,-12.910029266219738,-12.826645963909758,1,1,1
ch4-lower-edge-narrow-20260809T151313Z,ch4-lower-edge-narrow-20260809T151313Z.json,2026-08-09,pluto://ip:192.168.2.1,4,lower,slow_attack,,2500000.0,-13.266828681179,-12.959799583417418,1,1,1
ch4-lower-edge-narrow-20260809T151600Z,ch4-lower-edge-narrow-20260809T151600Z.json,2026-08-09,pluto://ip:192.168.2.1,4,lower,slow_attack,,2500000.0,-12.440665638065056,-12.833109064668252,2,2,2
ch4-lower-edge-narrow-20260809T151844Z,ch4-lower-edge-narrow-20260809T151844Z.json,2026-08-09,pluto://ip:192.168.2.1,4,lower,slow_attack,,2500000.0,-12.574232981154072,-12.67172491400271,3,3,3
ch4-lower-edge-narrow-20260809T152049Z,ch4-lower-edge-narrow-20260809T152049Z.json,2026-08-09,pluto://ip:192.168.2.1,4,lower,manual,50.0,2500000.0,-27.62413092852406,-32.413095230886604,4,4,4
ch4-lower-edge-narrow-20260809T152331Z,ch4-lower-edge-narrow-20260809T152331Z.json,2026-08-09,pluto://ip:192.168.2.1,4,lower,manual,50.0,2500000.0,-27.850305026444218,-32.592754114176294,1,1,1
ch4-lower-edge-narrow-20260809T152534Z,ch4-lower-edge-narrow-20260809T152534Z.json,2026-08-09,pluto://ip:192.168.2.1,4,lower,slow_attack,,2500000.0,-12.854966511563294,-12.648464359819766,1,1,1
ch4-lower-edge-narrow-20260809T152851Z,ch4-lower-edge-narrow-20260809T152851Z.json,2026-08-09,pluto://ip:192.168.2.1,4,lower,manual,50.0,2500000.0,-27.240136562202352,-31.92533399814698,3,3,3
ch4-lower-edge-narrow-20260809T153055Z,ch4-lower-edge-narrow-20260809T153055Z.json,2026-08-09,pluto://ip:192.168.2.1,4,lower,slow_attack,,2500000.0,-12.488310690075629,-12.409251288379675,5,5,4
ch4-lower-edge-narrow-20260809T153338Z,ch4-lower-edge-narrow-20260809T153338Z.json,2026-08-09,pluto://ip:192.168.2.1,4,lower,manual,50.0,2500000.0,-27.768061042520916,-32.562095355709296,3,3,3
ch4-lower-edge-narrow-20260809T153542Z,ch4-lower-edge-narrow-20260809T153542Z.json,2026-08-09,pluto://ip:192.168.2.1,4,lower,manual,50.0,2500000.0,-27.769995284376545,-32.51656970814348,2,2,2
ch4-lower-edge-narrow-20260809T153823Z,ch4-lower-edge-narrow-20260809T153823Z.json,2026-08-09,pluto://ip:192.168.2.1,4,lower,manual,50.0,2500000.0,-27.994859016599598,-32.66526923319427,2,2,2
ch4-lower-edge-narrow-20260809T154026Z,ch4-lower-edge-narrow-20260809T154026Z.json,2026-08-09,pluto://ip:192.168.2.1,4,lower,manual,50.0,2500000.0,-28.063362263208383,-32.74198129047533,1,1,1
ch4-lower-edge-narrow-20260809T154307Z,ch4-lower-edge-narrow-20260809T154307Z.json,2026-08-09,pluto://ip:192.168.2.1,4,lower,manual,50.0,2500000.0,-27.588593794372915,-32.42857579429298,5,5,4
ch4-lower-edge-narrow-20260809T154510Z,ch4-lower-edge-narrow-20260809T154510Z.json,2026-08-09,pluto://ip:192.168.2.1,4,lower,manual,50.0,2500000.0,-27.742686228137345,-32.45897272130352,4,4,4
ch4-lower-edge-narrow-20260809T154752Z,ch4-lower-edge-narrow-20260809T154752Z.json,2026-08-09,pluto://ip:192.168.2.1,4,lower,manual,50.0,2500000.0,-27.889953795439453,-32.75163262230022,1,1,1
ch4-lower-edge-narrow-20260809T154955Z,ch4-lower-edge-narrow-20260809T154955Z.json,2026-08-09,pluto://ip:192.168.2.1,4,lower,slow_attack,,2500000.0,-13.107149096874979,-13.006767959783117,1,1,1
ch4-lower-edge-narrow-20260809T155352Z,ch4-lower-edge-narrow-20260809T155352Z.json,2026-08-09,pluto://ip:192.168.2.1,4,lower,manual,50.0,2500000.0,-28.137543511779157,-32.81564360629979,2,2,2
ch4-lower-edge-narrow-20260809T155556Z,ch4-lower-edge-narrow-20260809T155556Z.json,2026-08-09,pluto://ip:192.168.2.1,4,lower,slow_attack,,2500000.0,-12.248339560545084,-12.299374770130427,2,2,2
ch4-lower-edge-narrow-20260809T155839Z,ch4-lower-edge-narrow-20260809T155839Z.json,2026-08-09,pluto://ip:192.168.2.1,4,lower,manual,50.0,2500000.0,-28.14692300499989,-32.76012869461723,1,1,1
ch4-lower-edge-narrow-20260809T160042Z,ch4-lower-edge-narrow-20260809T160042Z.json,2026-08-09,pluto://ip:192.168.2.1,4,lower,manual,50.0,2500000.0,-28.055242415952083,-32.72504754766886,2,2,2
ch4-lower-edge-narrow-20260809T160324Z,ch4-lower-edge-narrow-20260809T160324Z.json,2026-08-09,pluto://ip:192.168.2.1,4,lower,manual,50.0,2500000.0,-28.20717400633326,-32.852580731670976,1,1,1
ch4-lower-edge-narrow-20260809T160527Z,ch4-lower-edge-narrow-20260809T160527Z.json,2026-08-09,pluto://ip:192.168.2.1,4,lower,slow_attack,,2500000.0,-12.473784729236904,-12.88015532235804,2,2,2
ch4-lower-edge-narrow-20260809T160809Z,ch4-lower-edge-narrow-20260809T160809Z.json,2026-08-09,pluto://ip:192.168.2.1,4,lower,manual,50.0,2500000.0,-27.34636118789257,-32.01731671454562,5,5,5
ch4-lower-edge-narrow-20260809T161012Z,ch4-lower-edge-narrow-20260809T161012Z.json,2026-08-09,pluto://ip:192.168.2.1,4,lower,slow_attack,,2500000.0,-12.321208840172773,-12.355583902224927,3,3,3
ch4-lower-edge-narrow-20260809T161254Z,ch4-lower-edge-narrow-20260809T161254Z.json,2026-08-09,pluto://ip:192.168.2.1,4,lower,slow_attack,,2500000.0,-12.290999705881116,-12.91579659819696,4,4,4
ch4-lower-edge-narrow-20260809T161459Z,ch4-lower-edge-narrow-20260809T161459Z.json,2026-08-09,pluto://ip:192.168.2.1,4,lower,manual,50.0,2500000.0,-28.024495905738718,-32.68130767183403,4,4,4
ch4-lower-edge-narrow-20260809T161812Z,ch4-lower-edge-narrow-20260809T161812Z.json,2026-08-09,pluto://ip:192.168.2.1,4,lower,manual,50.0,2500000.0,-27.593166752695698,-32.22514732161607,5,5,5
ch4-lower-edge-narrow-20260809T162015Z,ch4-lower-edge-narrow-20260809T162015Z.json,2026-08-09,pluto://ip:192.168.2.1,4,lower,slow_attack,,2500000.0,-12.613454325933112,-13.103536908892657,1,1,1
ch4-lower-edge-narrow-20260809T162258Z,ch4-lower-edge-narrow-20260809T162258Z.json,2026-08-09,pluto://ip:192.168.2.1,4,lower,manual,50.0,2500000.0,-28.278128851023133,-32.77656252651576,2,2,2
ch4-lower-edge-narrow-20260809T162501Z,ch4-lower-edge-narrow-20260809T162501Z.json,2026-08-09,pluto://ip:192.168.2.1,4,lower,slow_attack,,2500000.0,-12.48077598527729,-12.615123798616265,1,1,1
ch4-lower-edge-narrow-20260809T162743Z,ch4-lower-edge-narrow-20260809T162743Z.json,2026-08-09,pluto://ip:192.168.2.1,4,lower,slow_attack,,2500000.0,-12.505840937003276,-12.613148534036519,1,1,0
ch4-lower-edge-narrow-20260809T163034Z,ch4-lower-edge-narrow-20260809T163034Z.json,2026-08-10,pluto://ip:192.168.2.1,4,lower,slow_attack,,2500000.0,-12.475356766375139,-12.552066175540995,1,1,1
ch4-lower-edge-narrow-20260809T163320Z,ch4-lower-edge-narrow-20260809T163320Z.json,2026-08-09,pluto://ip:192.168.2.1,4,lower,manual,50.0,2500000.0,-28.24428349890338,-32.82017415915608,2,2,2
ch4-lower-edge-narrow-20260809T163523Z,ch4-lower-edge-narrow-20260809T163523Z.json,2026-08-09,pluto://ip:192.168.2.1,4,lower,slow_attack,,2500000.0,-12.564145754699418,-12.375681347874174,6,6,6
ch4-lower-edge-narrow-20260809T163802Z,ch4-lower-edge-narrow-20260809T163802Z.json,2026-08-09,pluto://ip:192.168.2.1,4,lower,manual,50.0,2500000.0,-28.066992900540505,-32.519089534929975,2,2,2
ch4-lower-edge-narrow-20260809T164004Z,ch4-lower-edge-narrow-20260809T164004Z.json,2026-08-09,pluto://ip:192.168.2.1,4,lower,manual,50.0,2500000.0,-28.02971739862926,-32.600805859702334,3,3,3
ch4-lower-edge-narrow-20260809T164312Z,ch4-lower-edge-narrow-20260809T164312Z.json,2026-08-09,pluto://ip:192.168.2.1,4,lower,slow_attack,,2500000.0,-12.531124892900074,-12.726117299795856,2,2,2
ch4-lower-edge-narrow-20260809T164516Z,ch4-lower-edge-narrow-20260809T164516Z.json,2026-08-09,pluto://ip:192.168.2.1,4,lower,slow_attack,,2500000.0,-12.565990234730124,-13.099840091589279,1,1,1
ch4-lower-edge-narrow-20260809T164755Z,ch4-lower-edge-narrow-20260809T164755Z.json,2026-08-09,pluto://ip:192.168.2.1,4,lower,slow_attack,,2500000.0,-12.518005435500584,-12.60907626216987,4,4,4
ch4-lower-edge-narrow-20260809T165000Z,ch4-lower-edge-narrow-20260809T165000Z.json,2026-08-09,pluto://ip:192.168.2.1,4,lower,manual,50.0,2500000.0,-28.23378735437387,-32.687478947110975,2,2,2
ch4-lower-edge-narrow-20260809T165238Z,ch4-lower-edge-narrow-20260809T165238Z.json,2026-08-09,pluto://ip:192.168.2.1,4,lower,manual,50.0,2500000.0,-27.88532519112068,-32.45629040049169,4,4,4
ch4-lower-edge-narrow-20260809T165440Z,ch4-lower-edge-narrow-20260809T165440Z.json,2026-08-09,pluto://ip:192.168.2.1,4,lower,manual,50.0,2500000.0,-28.291099922369185,-32.80164688232262,2,2,2
ch4-lower-edge-narrow-20260809T165717Z,ch4-lower-edge-narrow-20260809T165717Z.json,2026-08-09,pluto://ip:192.168.2.1,4,lower,slow_attack,,2500000.0,-12.521608713457844,-12.022765343888729,2,2,2
ch4-lower-edge-narrow-20260809T165921Z,ch4-lower-edge-narrow-20260809T165921Z.json,2026-08-09,pluto://ip:192.168.2.1,4,lower,manual,50.0,2500000.0,-28.157493242420017,-32.65547796446705,5,5,4
ch4-lower-edge-narrow-20260809T170159Z,ch4-lower-edge-narrow-20260809T170159Z.json,2026-08-09,pluto://ip:192.168.2.1,4,lower,manual,50.0,2500000.0,-28.207911471195196,-32.64344480441359,1,1,1
ch4-lower-edge-narrow-20260809T170401Z,ch4-lower-edge-narrow-20260809T170401Z.json,2026-08-09,pluto://ip:192.168.2.1,4,lower,slow_attack,,2500000.0,-12.616753348159783,-12.58464634085215,3,3,3
ch4-lower-edge-narrow-20260809T170753Z,ch4-lower-edge-narrow-20260809T170753Z.json,2026-08-09,pluto://ip:192.168.2.1,4,lower,slow_attack,,2500000.0,-12.9590663342308,-12.424622971291797,1,1,1
ch4-lower-edge-narrow-20260809T170959Z,ch4-lower-edge-narrow-20260809T170959Z.json,2026-08-09,pluto://ip:192.168.2.1,4,lower,slow_attack,,2500000.0,-12.501384712604775,-12.347877147377957,4,0,0
ch4-lower-edge-narrow-20260809T171237Z,ch4-lower-edge-narrow-20260809T171237Z.json,2026-08-09,pluto://ip:192.168.2.1,4,lower,slow_attack,,2500000.0,-12.48435075364267,-12.294430236646761,3,0,0
ch4-lower-edge-narrow-20260809T171442Z,ch4-lower-edge-narrow-20260809T171442Z.json,2026-08-09,pluto://ip:192.168.2.1,4,lower,slow_attack,,2500000.0,-12.475018304132773,-12.406716626934536,7,7,2
ch4-lower-edge-narrow-20260809T171722Z,ch4-lower-edge-narrow-20260809T171722Z.json,2026-08-09,pluto://ip:192.168.2.1,4,lower,slow_attack,,2500000.0,-12.551327568550168,-12.524739791278636,1,1,1
ch4-lower-edge-narrow-20260809T171926Z,ch4-lower-edge-narrow-20260809T171926Z.json,2026-08-09,pluto://ip:192.168.2.1,4,lower,slow_attack,,2500000.0,-12.594841407958373,-12.359855583570887,1,0,0
ch4-lower-edge-narrow-20260809T172206Z,ch4-lower-edge-narrow-20260809T172206Z.json,2026-08-09,pluto://ip:192.168.2.1,4,lower,slow_attack,,2500000.0,-12.60354050069074,-12.461673990056559,1,1,1
ch4-lower-edge-narrow-20260809T172410Z,ch4-lower-edge-narrow-20260809T172410Z.json,2026-08-09,pluto://ip:192.168.2.1,4,lower,slow_attack,,2500000.0,-12.686531763178362,-12.444190090758454,0,0,0
ch4-lower-edge-narrow-20260809T172651Z,ch4-lower-edge-narrow-20260809T172651Z.json,2026-08-09,pluto://ip:192.168.2.1,4,lower,slow_attack,,2500000.0,-12.698169886095771,-12.442575390588095,1,1,1
ch4-lower-edge-narrow-20260809T172856Z,ch4-lower-edge-narrow-20260809T172856Z.json,2026-08-09,pluto://ip:192.168.2.1,4,lower,slow_attack,,2500000.0,-12.598731164270836,-12.383613057315479,1,1,1
ch4-lower-edge-narrow-20260809T173207Z,ch4-lower-edge-narrow-20260809T173207Z.json,2026-08-09,pluto://ip:192.168.2.1,4,lower,slow_attack,,2500000.0,-12.490464597980138,-12.369720990639886,2,0,0
ch4-lower-edge-narrow-20260809T173412Z,ch4-lower-edge-narrow-20260809T173412Z.json,2026-08-09,pluto://ip:192.168.2.1,4,lower,slow_attack,,2500000.0,-12.64178426375265,-12.409106018791846,1,1,1
ch4-lower-edge-narrow-20260809T173653Z,ch4-lower-edge-narrow-20260809T173653Z.json,2026-08-09,pluto://ip:192.168.2.1,4,lower,manual,50.0,2500000.0,-28.610823872081163,-32.59320309307348,4,4,3
ch4-lower-edge-narrow-20260809T173855Z,ch4-lower-edge-narrow-20260809T173855Z.json,2026-08-09,pluto://ip:192.168.2.1,4,lower,manual,50.0,2500000.0,-28.944628176049182,-32.98330791534811,1,1,1
ch4-lower-edge-narrow-20260809T174134Z,ch4-lower-edge-narrow-20260809T174134Z.json,2026-08-09,pluto://ip:192.168.2.1,4,lower,slow_attack,,2500000.0,-12.469466919200267,-12.412670985574996,3,3,2
ch4-lower-edge-narrow-20260809T174423Z,ch4-lower-edge-narrow-20260809T174423Z.json,2026-08-09,pluto://ip:192.168.2.1,4,lower,slow_attack,,2500000.0,-12.655138865473763,-12.46114519426061,0,0,0
ch4-lower-edge-narrow-20260809T174704Z,ch4-lower-edge-narrow-20260809T174704Z.json,2026-08-09,pluto://ip:192.168.2.1,4,lower,manual,50.0,2500000.0,-29.452758402028046,-33.29677791843886,1,0,0
ch4-lower-edge-narrow-20260809T174907Z,ch4-lower-edge-narrow-20260809T174907Z.json,2026-08-09,pluto://ip:192.168.2.1,4,lower,slow_attack,,2500000.0,-12.556973959193664,-12.296500534540023,4,0,0
ch4-lower-edge-narrow-20260809T175147Z,ch4-lower-edge-narrow-20260809T175147Z.json,2026-08-09,pluto://ip:192.168.2.1,4,lower,manual,50.0,2500000.0,-29.23173151576979,-33.007471868065664,1,1,1
ch4-lower-edge-narrow-20260809T175350Z,ch4-lower-edge-narrow-20260809T175350Z.json,2026-08-09,pluto://ip:192.168.2.1,4,lower,manual,50.0,2500000.0,-29.13438218337764,-33.016428383899914,0,0,0
ch4-lower-edge-narrow-20260809T175701Z,ch4-lower-edge-narrow-20260809T175701Z.json,2026-08-09,pluto://ip:192.168.2.1,4,lower,manual,50.0,2500000.0,-29.02395452635666,-33.03995958196857,2,2,2
ch4-lower-edge-narrow-20260809T175903Z,ch4-lower-edge-narrow-20260809T175903Z.json,2026-08-09,pluto://ip:192.168.2.1,4,lower,slow_attack,,2500000.0,-12.66492381284043,-12.441969665670442,1,1,1
ch4-lower-edge-narrow-20260809T180144Z,ch4-lower-edge-narrow-20260809T180144Z.json,2026-08-09,pluto://ip:192.168.2.1,4,lower,manual,50.0,2500000.0,-29.000440438164304,-33.1002343160266,1,1,1
ch4-lower-edge-narrow-20260809T180347Z,ch4-lower-edge-narrow-20260809T180347Z.json,2026-08-09,pluto://ip:192.168.2.1,4,lower,manual,50.0,2500000.0,-28.928752013184173,-33.0623598776256,1,0,0
ch4-lower-edge-narrow-20260809T180625Z,ch4-lower-edge-narrow-20260809T180625Z.json,2026-08-09,pluto://ip:192.168.2.1,4,lower,slow_attack,,2500000.0,-12.78652639184702,-12.349327492561253,4,0,0
ch4-lower-edge-narrow-20260809T180830Z,ch4-lower-edge-narrow-20260809T180830Z.json,2026-08-09,pluto://ip:192.168.2.1,4,lower,slow_attack,,2500000.0,-12.523530571277849,-12.508142381343983,0,0,0
ch4-lower-edge-narrow-20260809T181110Z,ch4-lower-edge-narrow-20260809T181110Z.json,2026-08-09,pluto://ip:192.168.2.1,4,lower,manual,50.0,2500000.0,-28.718366154591017,-32.975700324051644,0,0,0
ch4-lower-edge-narrow-20260809T181313Z,ch4-lower-edge-narrow-20260809T181313Z.json,2026-08-09,pluto://ip:192.168.2.1,4,lower,slow_attack,,2500000.0,-12.75710856560028,-12.283649434667668,0,0,0
ch4-lower-edge-narrow-20260809T181553Z,ch4-lower-edge-narrow-20260809T181553Z.json,2026-08-09,pluto://ip:192.168.2.1,4,lower,slow_attack,,2500000.0,-12.659886275029068,-12.446481889790107,1,1,1
ch4-lower-edge-narrow-20260809T181757Z,ch4-lower-edge-narrow-20260809T181757Z.json,2026-08-09,pluto://ip:192.168.2.1,4,lower,manual,50.0,2500000.0,-28.88329409849994,-33.117931798134926,0,0,0
ch4-lower-edge-narrow-20260809T182147Z,ch4-lower-edge-narrow-20260809T182147Z.json,2026-08-09,pluto://ip:192.168.2.1,4,lower,slow_attack,,2500000.0,-12.500270337319485,-12.323976669476318,4,4,2
ch4-lower-edge-narrow-20260809T182352Z,ch4-lower-edge-narrow-20260809T182352Z.json,2026-08-09,pluto://ip:192.168.2.1,4,lower,manual,50.0,2500000.0,-28.416452558018932,-32.7222946169337,3,3,3
ch4-lower-edge-narrow-20260809T182630Z,ch4-lower-edge-narrow-20260809T182630Z.json,2026-08-09,pluto://ip:192.168.2.1,4,lower,manual,50.0,2500000.0,-28.38686580511343,-32.634786441558425,3,3,2
ch4-lower-edge-narrow-20260809T182832Z,ch4-lower-edge-narrow-20260809T182832Z.json,2026-08-09,pluto://ip:192.168.2.1,4,lower,slow_attack,,2500000.0,-12.74720833851376,-12.34264943505142,1,1,1
ch4-lower-edge-narrow-20260809T183113Z,ch4-lower-edge-narrow-20260809T183113Z.json,2026-08-09,pluto://ip:192.168.2.1,4,lower,manual,50.0,2500000.0,-28.39429554872288,-32.700722134198216,2,2,2
ch4-lower-edge-narrow-20260809T183315Z,ch4-lower-edge-narrow-20260809T183315Z.json,2026-08-09,pluto://ip:192.168.2.1,4,lower,slow_attack,,2500000.0,-12.877046885979617,-12.352542864262793,2,2,2
ch4-lower-edge-narrow-20260809T183556Z,ch4-lower-edge-narrow-20260809T183556Z.json,2026-08-09,pluto://ip:192.168.2.1,4,lower,manual,50.0,2500000.0,-28.17787905754495,-32.50396590636156,4,4,2
ch4-lower-edge-narrow-20260809T183759Z,ch4-lower-edge-narrow-20260809T183759Z.json,2026-08-09,pluto://ip:192.168.2.1,4,lower,manual,50.0,2500000.0,-28.34069267203473,-32.54135975565739,4,4,2
ch4-lower-edge-narrow-20260809T184038Z,ch4-lower-edge-narrow-20260809T184038Z.json,2026-08-09,pluto://ip:192.168.2.1,4,lower,slow_attack,,2500000.0,-12.74585917605015,-12.256329004348617,3,0,0
ch4-lower-edge-narrow-20260809T184242Z,ch4-lower-edge-narrow-20260809T184242Z.json,2026-08-09,pluto://ip:192.168.2.1,4,lower,slow_attack,,2500000.0,-12.809716135757183,-12.319772944363045,1,1,1
ch4-lower-edge-narrow-20260809T184555Z,ch4-lower-edge-narrow-20260809T184555Z.json,2026-08-09,pluto://ip:192.168.2.1,4,lower,slow_attack,,2500000.0,-12.630086346284575,-12.744809180961468,3,3,3
ch4-lower-edge-narrow-20260809T184800Z,ch4-lower-edge-narrow-20260809T184800Z.json,2026-08-09,pluto://ip:192.168.2.1,4,lower,manual,50.0,2500000.0,-28.252012890766274,-32.70505815715529,2,2,2
ch4-lower-edge-narrow-20260809T185038Z,ch4-lower-edge-narrow-20260809T185038Z.json,2026-08-09,pluto://ip:192.168.2.1,4,lower,slow_attack,,2500000.0,-12.472131925592102,-12.801832547292832,4,4,4
ch4-lower-edge-narrow-20260809T185242Z,ch4-lower-edge-narrow-20260809T185242Z.json,2026-08-09,pluto://ip:192.168.2.1,4,lower,slow_attack,,2500000.0,-12.92878999838248,-12.351159716119612,2,2,2
ch4-lower-edge-narrow-20260809T185522Z,ch4-lower-edge-narrow-20260809T185522Z.json,2026-08-09,pluto://ip:192.168.2.1,4,lower,manual,50.0,2500000.0,-28.66057101178447,-32.90384987382893,2,2,2
ch4-lower-edge-narrow-20260809T185806Z,ch4-lower-edge-narrow-20260809T185806Z.json,2026-08-09,pluto://ip:192.168.2.1,4,lower,manual,50.0,2500000.0,-28.878146693953347,-33.1161640323515,0,0,0
ch4-lower-edge-narrow-20260809T190045Z,ch4-lower-edge-narrow-20260809T190045Z.json,2026-08-09,pluto://ip:192.168.2.1,4,lower,manual,50.0,2500000.0,-28.70139042822138,-32.964885597444734,1,1,1
ch4-lower-edge-narrow-20260809T190247Z,ch4-lower-edge-narrow-20260809T190247Z.json,2026-08-09,pluto://ip:192.168.2.1,4,lower,manual,50.0,2500000.0,-27.9202222220245,-32.26881830203527,3,3,2
ch4-lower-edge-narrow-20260809T190525Z,ch4-lower-edge-narrow-20260809T190525Z.json,2026-08-09,pluto://ip:192.168.2.1,4,lower,manual,50.0,2500000.0,-28.80133150362297,-33.00687014201321,3,1,1
ch4-lower-edge-narrow-20260809T190728Z,ch4-lower-edge-narrow-20260809T190728Z.json,2026-08-09,pluto://ip:192.168.2.1,4,lower,slow_attack,,2500000.0,-12.683128208093608,-12.43957452074988,2,2,2
ch4-lower-edge-narrow-20260809T191038Z,ch4-lower-edge-narrow-20260809T191038Z.json,2026-08-09,pluto://ip:192.168.2.1,4,lower,slow_attack,,2500000.0,-12.972316660028557,-12.234142016062757,1,1,1
ch4-lower-edge-narrow-20260809T191242Z,ch4-lower-edge-narrow-20260809T191242Z.json,2026-08-09,pluto://ip:192.168.2.1,4,lower,slow_attack,,2500000.0,-12.31798002012546,-12.484573165490264,0,0,0
ch4-lower-edge-narrow-20260809T191523Z,ch4-lower-edge-narrow-20260809T191523Z.json,2026-08-09,pluto://ip:192.168.2.1,4,lower,manual,50.0,2500000.0,-28.486503597232897,-32.70265196769572,1,1,1
ch4-lower-edge-narrow-20260809T191726Z,ch4-lower-edge-narrow-20260809T191726Z.json,2026-08-09,pluto://ip:192.168.2.1,4,lower,slow_attack,,2500000.0,-12.814207174660178,-12.304873648760461,2,2,2
ch4-lower-edge-narrow-20260809T192007Z,ch4-lower-edge-narrow-20260809T192007Z.json,2026-08-09,pluto://ip:192.168.2.1,4,lower,slow_attack,,2500000.0,-12.63702548233976,-12.381099378908353,2,0,0
ch4-lower-edge-narrow-20260809T192211Z,ch4-lower-edge-narrow-20260809T192211Z.json,2026-08-09,pluto://ip:192.168.2.1,4,lower,slow_attack,,2500000.0,-12.742003726372182,-12.438841582426248,1,1,0
ch4-lower-edge-narrow-20260809T192452Z,ch4-lower-edge-narrow-20260809T192452Z.json,2026-08-09,pluto://ip:192.168.2.1,4,lower,slow_attack,,2500000.0,-12.736268536197208,-12.315629315582619,3,0,0
ch4-lower-edge-narrow-20260809T192657Z,ch4-lower-edge-narrow-20260809T192657Z.json,2026-08-09,pluto://ip:192.168.2.1,4,lower,slow_attack,,2500000.0,-12.471804948237935,-12.387685449770716,0,0,0
ch4-lower-edge-narrow-20260809T192938Z,ch4-lower-edge-narrow-20260809T192938Z.json,2026-08-09,pluto://ip:192.168.2.1,4,lower,manual,50.0,2500000.0,-29.261982734998377,-33.3753141258389,0,0,0
ch4-lower-edge-narrow-20260809T193140Z,ch4-lower-edge-narrow-20260809T193140Z.json,2026-08-09,pluto://ip:192.168.2.1,4,lower,manual,50.0,2500000.0,-29.150659192239416,-33.30631377921527,1,0,0
ch4-lower-edge-narrow-20260809T193535Z,ch4-lower-edge-narrow-20260809T193535Z.json,2026-08-09,pluto://ip:192.168.2.1,4,lower,slow_attack,,2500000.0,-12.415375965430755,-12.46682500772788,4,0,0
ch4-lower-edge-narrow-20260809T193740Z,ch4-lower-edge-narrow-20260809T193740Z.json,2026-08-09,pluto://ip:192.168.2.1,4,lower,manual,50.0,2500000.0,-28.942286840798765,-33.05547286394615,3,3,2
ch4-lower-edge-narrow-20260809T194018Z,ch4-lower-edge-narrow-20260809T194018Z.json,2026-08-09,pluto://ip:192.168.2.1,4,lower,manual,50.0,2500000.0,-28.57890518546805,-32.72616478208553,2,2,2
ch4-lower-edge-narrow-20260809T194220Z,ch4-lower-edge-narrow-20260809T194220Z.json,2026-08-09,pluto://ip:192.168.2.1,4,lower,manual,50.0,2500000.0,-29.062487241098257,-33.21671552686729,2,1,0
ch4-lower-edge-narrow-20260809T194459Z,ch4-lower-edge-narrow-20260809T194459Z.json,2026-08-09,pluto://ip:192.168.2.1,4,lower,manual,50.0,2500000.0,-29.139422102622735,-33.24557778059993,1,0,0
ch4-lower-edge-narrow-20260809T194701Z,ch4-lower-edge-narrow-20260809T194701Z.json,2026-08-09,pluto://ip:192.168.2.1,4,lower,slow_attack,,2500000.0,-12.743133244736683,-12.420332915380886,2,2,2
ch4-lower-edge-narrow-20260809T194941Z,ch4-lower-edge-narrow-20260809T194941Z.json,2026-08-09,pluto://ip:192.168.2.1,4,lower,manual,50.0,2500000.0,-28.951668999510662,-33.05765387113173,1,1,1
ch4-lower-edge-narrow-20260809T195144Z,ch4-lower-edge-narrow-20260809T195144Z.json,2026-08-09,pluto://ip:192.168.2.1,4,lower,manual,50.0,2500000.0,-28.949285798433326,-33.12804279083604,2,2,1
ch4-lower-edge-narrow-20260809T195422Z,ch4-lower-edge-narrow-20260809T195422Z.json,2026-08-09,pluto://ip:192.168.2.1,4,lower,slow_attack,,2500000.0,-12.480483503130834,-12.349392003194756,1,1,1
ch4-lower-edge-narrow-20260809T195626Z,ch4-lower-edge-narrow-20260809T195626Z.json,2026-08-09,pluto://ip:192.168.2.1,4,lower,slow_attack,,2500000.0,-12.597238177970077,-12.54259115440166,3,3,2
ch4-lower-edge-narrow-20260809T195937Z,ch4-lower-edge-narrow-20260809T195937Z.json,2026-08-09,pluto://ip:192.168.2.1,4,lower,manual,50.0,2500000.0,-28.737783979663142,-32.925488747209705,1,1,1
ch4-lower-edge-narrow-20260809T200139Z,ch4-lower-edge-narrow-20260809T200139Z.json,2026-08-09,pluto://ip:192.168.2.1,4,lower,slow_attack,,2500000.0,-12.540066139935938,-12.515704613402992,3,3,2
ch4-lower-edge-narrow-20260809T200419Z,ch4-lower-edge-narrow-20260809T200419Z.json,2026-08-09,pluto://ip:192.168.2.1,4,lower,slow_attack,,2500000.0,-12.51838452242798,-12.552084153358177,1,0,0
ch4-lower-edge-narrow-20260809T200624Z,ch4-lower-edge-narrow-20260809T200624Z.json,2026-08-09,pluto://ip:192.168.2.1,4,lower,manual,50.0,2500000.0,-29.10683684198506,-33.265857726540716,2,0,0
ch4-lower-edge-narrow-20260809T200902Z,ch4-lower-edge-narrow-20260809T200902Z.json,2026-08-09,pluto://ip:192.168.2.1,4,lower,slow_attack,,2500000.0,-12.54509420156781,-12.63799076357344,0,0,0
ch4-lower-edge-narrow-20260809T201149Z,ch4-lower-edge-narrow-20260809T201149Z.json,2026-08-09,pluto://ip:192.168.2.1,4,lower,slow_attack,,2500000.0,-12.588554473113485,-12.405084848041511,2,2,2
ch4-lower-edge-narrow-20260809T201430Z,ch4-lower-edge-narrow-20260809T201430Z.json,2026-08-09,pluto://ip:192.168.2.1,4,lower,manual,50.0,2500000.0,-28.769711120532676,-32.98861053559315,3,3,3
ch4-lower-edge-narrow-20260809T201633Z,ch4-lower-edge-narrow-20260809T201633Z.json,2026-08-09,pluto://ip:192.168.2.1,4,lower,slow_attack,,2500000.0,-12.431087728810677,-12.361335177704078,3,3,2
ch4-lower-edge-narrow-20260809T201913Z,ch4-lower-edge-narrow-20260809T201913Z.json,2026-08-09,pluto://ip:192.168.2.1,4,lower,manual,50.0,2500000.0,-29.093447387887174,-33.26736895667275,1,1,1
ch4-lower-edge-narrow-20260809T202115Z,ch4-lower-edge-narrow-20260809T202115Z.json,2026-08-09,pluto://ip:192.168.2.1,4,lower,slow_attack,,2500000.0,-12.614627060659721,-12.706243577327132,0,0,0
ch4-lower-edge-narrow-20260809T202427Z,ch4-lower-edge-narrow-20260809T202427Z.json,2026-08-09,pluto://ip:192.168.2.1,4,lower,slow_attack,,2500000.0,-12.540590496070731,-12.59752909251112,2,0,0
ch4-lower-edge-narrow-20260809T202631Z,ch4-lower-edge-narrow-20260809T202631Z.json,2026-08-09,pluto://ip:192.168.2.1,4,lower,manual,50.0,2500000.0,-28.612566819063872,-32.79776635642562,2,2,1
ch4-lower-edge-narrow-20260809T202910Z,ch4-lower-edge-narrow-20260809T202910Z.json,2026-08-09,pluto://ip:192.168.2.1,4,lower,slow_attack,,2500000.0,-12.700163278242435,-12.388805712515543,2,2,2
ch4-lower-edge-narrow-20260809T203114Z,ch4-lower-edge-narrow-20260809T203114Z.json,2026-08-09,pluto://ip:192.168.2.1,4,lower,manual,50.0,2500000.0,-29.027269292597854,-33.243048238729706,1,1,1
ch4-lower-edge-narrow-20260809T203354Z,ch4-lower-edge-narrow-20260809T203354Z.json,2026-08-09,pluto://ip:192.168.2.1,4,lower,slow_attack,,2500000.0,-12.768821084121702,-12.777816594183937,0,0,0
ch4-lower-edge-narrow-20260809T203559Z,ch4-lower-edge-narrow-20260809T203559Z.json,2026-08-09,pluto://ip:192.168.2.1,4,lower,manual,50.0,2500000.0,-28.523795360514008,-32.7926650961048,5,5,4
ch4-lower-edge-narrow-20260809T203837Z,ch4-lower-edge-narrow-20260809T203837Z.json,2026-08-09,pluto://ip:192.168.2.1,4,lower,manual,50.0,2500000.0,-28.592744295912635,-32.81281457202838,3,3,2
ch4-lower-edge-narrow-20260809T204040Z,ch4-lower-edge-narrow-20260809T204040Z.json,2026-08-09,pluto://ip:192.168.2.1,4,lower,manual,50.0,2500000.0,-28.786707068526947,-33.03745067654034,5,5,4
ch4-lower-edge-narrow-20260809T204317Z,ch4-lower-edge-narrow-20260809T204317Z.json,2026-08-09,pluto://ip:192.168.2.1,4,lower,manual,50.0,2500000.0,-28.781862314022163,-32.87002243571738,2,2,1
ch4-lower-edge-narrow-20260809T204520Z,ch4-lower-edge-narrow-20260809T204520Z.json,2026-08-09,pluto://ip:192.168.2.1,4,lower,manual,50.0,2500000.0,-29.069608618875353,-33.253066139306405,2,2,2
ch4-lower-edge-narrow-20260809T204913Z,ch4-lower-edge-narrow-20260809T204913Z.json,2026-08-09,pluto://ip:192.168.2.1,4,lower,manual,50.0,2500000.0,-28.75410187542365,-32.97071017027723,1,1,1
ch4-lower-edge-narrow-20260809T205116Z,ch4-lower-edge-narrow-20260809T205116Z.json,2026-08-09,pluto://ip:192.168.2.1,4,lower,manual,50.0,2500000.0,-28.963713340670946,-33.158100908596644,1,1,1
ch4-lower-edge-narrow-20260809T205354Z,ch4-lower-edge-narrow-20260809T205354Z.json,2026-08-09,pluto://ip:192.168.2.1,4,lower,slow_attack,,2500000.0,-12.482546857353435,-12.302083865994062,1,1,1
ch4-lower-edge-narrow-20260809T205559Z,ch4-lower-edge-narrow-20260809T205559Z.json,2026-08-09,pluto://ip:192.168.2.1,4,lower,manual,50.0,2500000.0,-28.727161618025438,-32.99977918930166,2,2,0
ch4-lower-edge-narrow-20260809T205837Z,ch4-lower-edge-narrow-20260809T205837Z.json,2026-08-09,pluto://ip:192.168.2.1,4,lower,slow_attack,,2500000.0,-12.510842833222828,-12.518252753887733,1,1,1
ch4-lower-edge-narrow-20260809T210041Z,ch4-lower-edge-narrow-20260809T210041Z.json,2026-08-10,pluto://ip:192.168.2.1,4,lower,manual,50.0,2500000.0,-29.1062278210058,-33.250996885696196,3,0,0
ch4-lower-edge-narrow-20260809T210319Z,ch4-lower-edge-narrow-20260809T210319Z.json,2026-08-10,pluto://ip:192.168.2.1,4,lower,manual,50.0,2500000.0,-29.002443407591294,-33.16835533181187,1,1,1
ch4-lower-edge-narrow-20260809T210521Z,ch4-lower-edge-narrow-20260809T210521Z.json,2026-08-10,pluto://ip:192.168.2.1,4,lower,manual,50.0,2500000.0,-28.30776608721586,-32.717535411154174,4,4,4
ch4-lower-edge-narrow-20260809T210759Z,ch4-lower-edge-narrow-20260809T210759Z.json,2026-08-10,pluto://ip:192.168.2.1,4,lower,slow_attack,,2500000.0,-12.468641718546118,-12.528656079632121,2,2,2
ch4-lower-edge-narrow-20260809T211003Z,ch4-lower-edge-narrow-20260809T211003Z.json,2026-08-10,pluto://ip:192.168.2.1,4,lower,slow_attack,,2500000.0,-12.561761044776382,-12.444655727249195,3,3,3
ch4-lower-edge-narrow-20260809T211317Z,ch4-lower-edge-narrow-20260809T211317Z.json,2026-08-09,pluto://ip:192.168.2.1,4,lower,manual,50.0,2500000.0,-28.683994689024694,-32.98998185380507,2,2,2
ch4-lower-edge-narrow-20260809T211519Z,ch4-lower-edge-narrow-20260809T211519Z.json,2026-08-09,pluto://ip:192.168.2.1,4,lower,manual,50.0,2500000.0,-28.881357683366904,-33.10732949558326,1,1,1
ch4-lower-edge-narrow-20260809T211757Z,ch4-lower-edge-narrow-20260809T211757Z.json,2026-08-10,pluto://ip:192.168.2.1,4,lower,slow_attack,,2500000.0,-12.56353853696476,-12.380003303123834,7,7,6
ch4-lower-edge-narrow-20260809T212001Z,ch4-lower-edge-narrow-20260809T212001Z.json,2026-08-09,pluto://ip:192.168.2.1,4,lower,manual,50.0,2500000.0,-29.163759022045998,-33.3115301380064,0,0,0
ch4-lower-edge-narrow-20260809T212239Z,ch4-lower-edge-narrow-20260809T212239Z.json,2026-08-09,pluto://ip:192.168.2.1,4,lower,slow_attack,,2500000.0,-12.644025083447657,-12.707394357292422,1,1,1
ch4-lower-edge-narrow-20260809T212523Z,ch4-lower-edge-narrow-20260809T212523Z.json,2026-08-10,pluto://ip:192.168.2.1,4,lower,manual,50.0,2500000.0,-28.546494569759968,-32.79140680937153,3,3,3
ch4-lower-edge-narrow-20260809T212802Z,ch4-lower-edge-narrow-20260809T212802Z.json,2026-08-09,pluto://ip:192.168.2.1,4,lower,slow_attack,,2500000.0,-12.611532926665149,-12.635213378191574,1,1,1
ch4-lower-edge-narrow-20260809T213006Z,ch4-lower-edge-narrow-20260809T213006Z.json,2026-08-10,pluto://ip:192.168.2.1,4,lower,slow_attack,,2500000.0,-12.402853159873503,-12.360397121462013,1,1,1
ch4-lower-edge-narrow-20260809T213246Z,ch4-lower-edge-narrow-20260809T213246Z.json,2026-08-10,pluto://ip:192.168.2.1,4,lower,slow_attack,,2500000.0,-12.57281024167494,-12.7050216640204,1,1,1
ch4-lower-edge-narrow-20260809T213451Z,ch4-lower-edge-narrow-20260809T213451Z.json,2026-08-10,pluto://ip:192.168.2.1,4,lower,manual,50.0,2500000.0,-28.941333547442916,-33.153502678613066,1,1,1
ch4-lower-edge-narrow-20260809T213759Z,ch4-lower-edge-narrow-20260809T213759Z.json,2026-08-10,pluto://ip:192.168.2.1,4,lower,slow_attack,,2500000.0,-12.459595178962799,-12.58618373757688,0,0,0
ch4-lower-edge-narrow-20260809T214004Z,ch4-lower-edge-narrow-20260809T214004Z.json,2026-08-10,pluto://ip:192.168.2.1,4,lower,manual,50.0,2500000.0,-28.488993582013183,-32.8190461894173,2,2,1
ch4-lower-edge-narrow-20260809T214241Z,ch4-lower-edge-narrow-20260809T214241Z.json,2026-08-10,pluto://ip:192.168.2.1,4,lower,slow_attack,,2500000.0,-12.539202782108314,-12.570431689485545,1,1,1
ch4-lower-edge-narrow-20260809T214445Z,ch4-lower-edge-narrow-20260809T214445Z.json,2026-08-10,pluto://ip:192.168.2.1,4,lower,manual,50.0,2500000.0,-28.904750396408954,-33.149787974950016,1,1,1
ch4-lower-edge-narrow-20260809T214722Z,ch4-lower-edge-narrow-20260809T214722Z.json,2026-08-10,pluto://ip:192.168.2.1,4,lower,slow_attack,,2500000.0,-12.597217324588518,-12.492706644402098,3,3,3
ch4-lower-edge-narrow-20260809T214927Z,ch4-lower-edge-narrow-20260809T214927Z.json,2026-08-10,pluto://ip:192.168.2.1,4,lower,slow_attack,,2500000.0,-12.530254761622379,-12.636393105532127,1,1,1
ch4-lower-edge-narrow-20260809T215207Z,ch4-lower-edge-narrow-20260809T215207Z.json,2026-08-10,pluto://ip:192.168.2.1,4,lower,manual,50.0,2500000.0,-29.078056046752216,-33.307383273078216,0,0,0
ch4-lower-edge-narrow-20260809T215409Z,ch4-lower-edge-narrow-20260809T215409Z.json,2026-08-10,pluto://ip:192.168.2.1,4,lower,slow_attack,,2500000.0,-12.616922771978409,-12.469001774768948,1,1,1
ch4-lower-edge-narrow-20260809T215648Z,ch4-lower-edge-narrow-20260809T215648Z.json,2026-08-10,pluto://ip:192.168.2.1,4,lower,manual,50.0,2500000.0,-28.714332153275897,-32.966561238969454,3,3,3
ch4-lower-edge-narrow-20260809T215851Z,ch4-lower-edge-narrow-20260809T215851Z.json,2026-08-10,pluto://ip:192.168.2.1,4,lower,slow_attack,,2500000.0,-12.549505679662712,-12.380540157301636,1,1,1
ch4-lower-edge-narrow-20260809T220243Z,ch4-lower-edge-narrow-20260809T220243Z.json,2026-08-10,pluto://ip:192.168.2.1,4,lower,slow_attack,,2500000.0,-12.966143701556174,-12.466858270508691,1,1,1
ch4-lower-edge-narrow-20260809T220448Z,ch4-lower-edge-narrow-20260809T220448Z.json,2026-08-10,pluto://ip:192.168.2.1,4,lower,slow_attack,,2500000.0,-12.629169811277823,-12.228922250176115,2,2,2
ch4-lower-edge-narrow-20260809T220727Z,ch4-lower-edge-narrow-20260809T220727Z.json,2026-08-10,pluto://ip:192.168.2.1,4,lower,slow_attack,,2500000.0,-12.470832086613509,-12.294812771631241,4,4,4
ch4-lower-edge-narrow-20260809T220931Z,ch4-lower-edge-narrow-20260809T220931Z.json,2026-08-10,pluto://ip:192.168.2.1,4,lower,slow_attack,,2500000.0,-12.600115266589139,-12.525498819244405,2,2,2
ch4-lower-edge-narrow-20260809T221210Z,ch4-lower-edge-narrow-20260809T221210Z.json,2026-08-10,pluto://ip:192.168.2.1,4,lower,manual,50.0,2500000.0,-27.84097991403769,-32.524337895923935,1,1,1
ch4-lower-edge-narrow-20260809T221412Z,ch4-lower-edge-narrow-20260809T221412Z.json,2026-08-10,pluto://ip:192.168.2.1,4,lower,slow_attack,,2500000.0,-12.597204443028582,-12.552988076553609,1,1,1
ch4-lower-edge-narrow-20260809T221651Z,ch4-lower-edge-narrow-20260809T221651Z.json,2026-08-10,pluto://ip:192.168.2.1,4,lower,manual,50.0,2500000.0,-27.509570618889825,-32.27858253901812,2,2,1
ch4-lower-edge-narrow-20260809T221854Z,ch4-lower-edge-narrow-20260809T221854Z.json,2026-08-10,pluto://ip:192.168.2.1,4,lower,manual,50.0,2500000.0,-28.16302792374183,-32.83519242495928,1,1,1
ch4-lower-edge-narrow-20260809T222131Z,ch4-lower-edge-narrow-20260809T222131Z.json,2026-08-10,pluto://ip:192.168.2.1,4,lower,slow_attack,,2500000.0,-12.510337651534744,-12.568605517383846,1,1,1
ch4-lower-edge-narrow-20260809T222336Z,ch4-lower-edge-narrow-20260809T222336Z.json,2026-08-10,pluto://ip:192.168.2.1,4,lower,manual,50.0,2500000.0,-28.16594166565812,-32.854366568422634,1,1,1
ch4-lower-edge-narrow-20260809T222643Z,ch4-lower-edge-narrow-20260809T222643Z.json,2026-08-10,pluto://ip:192.168.2.1,4,lower,manual,50.0,2500000.0,-27.912186390665802,-32.45170642253089,2,2,2
ch4-lower-edge-narrow-20260809T222846Z,ch4-lower-edge-narrow-20260809T222846Z.json,2026-08-10,pluto://ip:192.168.2.1,4,lower,slow_attack,,2500000.0,-12.49800651376555,-13.10227267004571,1,0,0
ch4-lower-edge-narrow-20260809T223126Z,ch4-lower-edge-narrow-20260809T223126Z.json,2026-08-10,pluto://ip:192.168.2.1,4,lower,slow_attack,,2500000.0,-12.602640120444942,-12.711216587862577,1,1,1
ch4-lower-edge-narrow-20260809T223330Z,ch4-lower-edge-narrow-20260809T223330Z.json,2026-08-10,pluto://ip:192.168.2.1,4,lower,slow_attack,,2500000.0,-12.630958424168295,-12.408518054783002,1,1,1
ch4-lower-edge-narrow-20260809T223611Z,ch4-lower-edge-narrow-20260809T223611Z.json,2026-08-10,pluto://ip:192.168.2.1,4,lower,slow_attack,,2500000.0,-12.672543243035811,-12.221697258286673,2,2,2
ch4-lower-edge-narrow-20260809T223858Z,ch4-lower-edge-narrow-20260809T223858Z.json,2026-08-10,pluto://ip:192.168.2.1,4,lower,manual,50.0,2500000.0,-28.42629807733283,-32.92089867591591,1,1,1
ch4-lower-edge-narrow-20260809T224139Z,ch4-lower-edge-narrow-20260809T224139Z.json,2026-08-10,pluto://ip:192.168.2.1,4,lower,slow_attack,,2500000.0,-12.80166107269263,-12.468629964749196,1,1,1
ch4-lower-edge-narrow-20260809T224344Z,ch4-lower-edge-narrow-20260809T224344Z.json,2026-08-10,pluto://ip:192.168.2.1,4,lower,slow_attack,,2500000.0,-12.698350843314795,-12.129218403922282,1,1,1
ch4-lower-edge-narrow-20260809T224625Z,ch4-lower-edge-narrow-20260809T224625Z.json,2026-08-10,pluto://ip:192.168.2.1,4,lower,slow_attack,,2500000.0,-12.660312015455403,-12.563338684048844,3,3,3
ch4-lower-edge-narrow-20260809T224829Z,ch4-lower-edge-narrow-20260809T224829Z.json,2026-08-10,pluto://ip:192.168.2.1,4,lower,manual,50.0,2500000.0,-28.449021410638984,-32.74874784257577,2,2,1
ch4-lower-edge-narrow-20260809T225141Z,ch4-lower-edge-narrow-20260809T225141Z.json,2026-08-10,pluto://ip:192.168.2.1,4,lower,slow_attack,,2500000.0,-12.589263862227806,-12.320578876143005,1,1,1
ch4-lower-edge-narrow-20260809T225346Z,ch4-lower-edge-narrow-20260809T225346Z.json,2026-08-10,pluto://ip:192.168.2.1,4,lower,slow_attack,,2500000.0,-12.721881341801705,-12.22462640351037,2,2,2
ch4-lower-edge-narrow-20260809T225628Z,ch4-lower-edge-narrow-20260809T225628Z.json,2026-08-10,pluto://ip:192.168.2.1,4,lower,slow_attack,,2500000.0,-12.865434504118793,-12.284952329100562,0,0,0
ch4-lower-edge-narrow-20260809T225832Z,ch4-lower-edge-narrow-20260809T225832Z.json,2026-08-10,pluto://ip:192.168.2.1,4,lower,slow_attack,,2500000.0,-12.991720592877233,-12.363969962941844,0,0,0
ch4-lower-edge-narrow-20260809T230113Z,ch4-lower-edge-narrow-20260809T230113Z.json,2026-08-10,pluto://ip:192.168.2.1,4,lower,slow_attack,,2500000.0,-12.823609679752954,-12.278910870817851,3,3,2
ch4-lower-edge-narrow-20260809T230318Z,ch4-lower-edge-narrow-20260809T230318Z.json,2026-08-10,pluto://ip:192.168.2.1,4,lower,slow_attack,,2500000.0,-12.650416897923321,-12.363080290372299,4,4,3
ch4-lower-edge-narrow-20260809T230559Z,ch4-lower-edge-narrow-20260809T230559Z.json,2026-08-10,pluto://ip:192.168.2.1,4,lower,manual,50.0,2500000.0,-28.43595365288372,-32.83916605131884,2,2,2
ch4-lower-edge-narrow-20260809T230802Z,ch4-lower-edge-narrow-20260809T230802Z.json,2026-08-10,pluto://ip:192.168.2.1,4,lower,slow_attack,,2500000.0,-12.423467428235986,-12.782328470000106,4,4,4
ch4-lower-edge-narrow-20260809T231042Z,ch4-lower-edge-narrow-20260809T231042Z.json,2026-08-10,pluto://ip:192.168.2.1,4,lower,slow_attack,,2500000.0,-12.67902070280616,-12.395521119431809,1,1,1
ch4-lower-edge-narrow-20260809T231247Z,ch4-lower-edge-narrow-20260809T231247Z.json,2026-08-10,pluto://ip:192.168.2.1,4,lower,manual,50.0,2500000.0,-28.161150423736437,-32.52308178825702,4,4,3
ch4-lower-edge-narrow-20260809T231639Z,ch4-lower-edge-narrow-20260809T231639Z.json,2026-08-10,pluto://ip:192.168.2.1,4,lower,slow_attack,,2500000.0,-12.47605466559611,-12.292357220987897,4,4,4
ch4-lower-edge-narrow-20260809T231845Z,ch4-lower-edge-narrow-20260809T231845Z.json,2026-08-10,pluto://ip:192.168.2.1,4,lower,slow_attack,,2500000.0,-12.722552647531986,-12.36668274623035,1,1,1
ch4-lower-edge-narrow-20260809T232127Z,ch4-lower-edge-narrow-20260809T232127Z.json,2026-08-10,pluto://ip:192.168.2.1,4,lower,manual,50.0,2500000.0,-28.121638869207604,-32.5345381418,2,2,2
ch4-lower-edge-narrow-20260809T232329Z,ch4-lower-edge-narrow-20260809T232329Z.json,2026-08-10,pluto://ip:192.168.2.1,4,lower,manual,50.0,2500000.0,-28.17622259357751,-32.54812226315954,4,4,4
ch4-lower-edge-narrow-20260809T232611Z,ch4-lower-edge-narrow-20260809T232611Z.json,2026-08-10,pluto://ip:192.168.2.1,4,lower,slow_attack,,2500000.0,-12.587325207835072,-12.784614614911998,5,5,4
ch4-lower-edge-narrow-20260809T232815Z,ch4-lower-edge-narrow-20260809T232815Z.json,2026-08-10,pluto://ip:192.168.2.1,4,lower,manual,50.0,2500000.0,-28.42890818259082,-32.94442478523693,4,3,1
ch4-lower-edge-narrow-20260809T233641Z,ch4-lower-edge-narrow-20260809T233641Z.json,2026-08-10,pluto://ip:192.168.2.1,4,lower,manual,50.0,2500000.0,-28.23544133981207,-32.67233132295335,5,5,5
ch4-lower-edge-narrow-20260809T233844Z,ch4-lower-edge-narrow-20260809T233844Z.json,2026-08-10,pluto://ip:192.168.2.1,4,lower,slow_attack,,2500000.0,-12.598516271607473,-12.484642721132444,2,2,2
ch4-lower-edge-narrow-20260809T234126Z,ch4-lower-edge-narrow-20260809T234126Z.json,2026-08-10,pluto://ip:192.168.2.1,4,lower,slow_attack,,2500000.0,-12.664680039355876,-12.519372401020687,3,3,3
ch4-lower-edge-narrow-20260809T234331Z,ch4-lower-edge-narrow-20260809T234331Z.json,2026-08-10,pluto://ip:192.168.2.1,4,lower,slow_attack,,2500000.0,-12.667795810752748,-12.267514252622425,1,1,1
ch4-lower-edge-narrow-20260809T234646Z,ch4-lower-edge-narrow-20260809T234646Z.json,2026-08-10,pluto://ip:192.168.2.1,4,lower,manual,50.0,2500000.0,-28.327998132756285,-32.90303493490863,1,0,0
ch4-lower-edge-narrow-20260809T234849Z,ch4-lower-edge-narrow-20260809T234849Z.json,2026-08-10,pluto://ip:192.168.2.1,4,lower,slow_attack,,2500000.0,-12.484570229647694,-12.589822329761525,4,4,2
ch4-lower-edge-narrow-20260809T235130Z,ch4-lower-edge-narrow-20260809T235130Z.json,2026-08-10,pluto://ip:192.168.2.1,4,lower,slow_attack,,2500000.0,-12.477308451030705,-12.060425028685069,0,0,0
ch4-lower-edge-narrow-20260809T235334Z,ch4-lower-edge-narrow-20260809T235334Z.json,2026-08-10,pluto://ip:192.168.2.1,4,lower,slow_attack,,2500000.0,-12.628774274669183,-12.885502499813805,1,1,1
ch4-lower-edge-narrow-20260809T235616Z,ch4-lower-edge-narrow-20260809T235616Z.json,2026-08-10,pluto://ip:192.168.2.1,4,lower,slow_attack,,2500000.0,-12.719549351858339,-12.839412696513033,3,3,2
ch4-lower-edge-narrow-20260809T235903Z,ch4-lower-edge-narrow-20260809T235903Z.json,2026-08-10,pluto://ip:192.168.2.1,4,lower,slow_attack,,2500000.0,-12.940050222562236,-12.888648081048327,1,1,1
ch4-lower-edge-narrow-20260810T000144Z,ch4-lower-edge-narrow-20260810T000144Z.json,2026-08-10,pluto://ip:192.168.2.1,4,lower,slow_attack,,2500000.0,-12.60727323563257,-12.644261365260165,3,3,3
ch4-lower-edge-narrow-20260810T000348Z,ch4-lower-edge-narrow-20260810T000348Z.json,2026-08-10,pluto://ip:192.168.2.1,4,lower,manual,50.0,2500000.0,-27.961426545149667,-32.78500983581095,0,0,0
ch4-lower-edge-narrow-20260810T000630Z,ch4-lower-edge-narrow-20260810T000630Z.json,2026-08-10,pluto://ip:192.168.2.1,4,lower,slow_attack,,2500000.0,-12.676943195521439,-12.316917204818726,1,1,1
ch4-lower-edge-narrow-20260810T000835Z,ch4-lower-edge-narrow-20260810T000835Z.json,2026-08-10,pluto://ip:192.168.2.1,4,lower,slow_attack,,2500000.0,-12.919971408588701,-12.982297128050257,2,2,1
ch4-lower-edge-narrow-20260810T001153Z,ch4-lower-edge-narrow-20260810T001153Z.json,2026-08-10,pluto://ip:192.168.2.1,4,lower,manual,50.0,2500000.0,-27.135268619782625,-32.06455951803491,2,2,2
ch4-lower-edge-narrow-20260810T001356Z,ch4-lower-edge-narrow-20260810T001356Z.json,2026-08-10,pluto://ip:192.168.2.1,4,lower,slow_attack,,2500000.0,-12.83634947144737,-12.356328613177784,2,2,2
ch4-lower-edge-narrow-20260810T001637Z,ch4-lower-edge-narrow-20260810T001637Z.json,2026-08-10,pluto://ip:192.168.2.1,4,lower,slow_attack,,2500000.0,-12.940895136518014,-12.771175970374673,1,1,1
ch4-lower-edge-narrow-20260810T001841Z,ch4-lower-edge-narrow-20260810T001841Z.json,2026-08-10,pluto://ip:192.168.2.1,4,lower,manual,50.0,2500000.0,-27.78485692446779,-32.72241958171615,0,0,0
ch4-lower-edge-narrow-20260810T002120Z,ch4-lower-edge-narrow-20260810T002120Z.json,2026-08-10,pluto://ip:192.168.2.1,4,lower,manual,50.0,2500000.0,-27.738945943477905,-32.6678778905886,0,0,0
ch4-lower-edge-narrow-20260810T002323Z,ch4-lower-edge-narrow-20260810T002323Z.json,2026-08-10,pluto://ip:192.168.2.1,4,lower,manual,50.0,2500000.0,-27.663296442279766,-32.577636750176204,1,1,1
ch4-lower-edge-narrow-20260810T002601Z,ch4-lower-edge-narrow-20260810T002601Z.json,2026-08-10,pluto://ip:192.168.2.1,4,lower,slow_attack,,2500000.0,-12.725392573440754,-12.639220720567984,1,1,1
ch4-lower-edge-narrow-20260810T002807Z,ch4-lower-edge-narrow-20260810T002807Z.json,2026-08-10,pluto://ip:192.168.2.1,4,lower,slow_attack,,2500000.0,-12.5526584296401,-12.519314410647846,4,4,3
ch4-lower-edge-narrow-20260810T003048Z,ch4-lower-edge-narrow-20260810T003048Z.json,2026-08-10,pluto://ip:192.168.2.1,4,lower,manual,50.0,2500000.0,-27.123195606188162,-32.135922894204356,1,1,1
ch4-lower-edge-narrow-20260810T003250Z,ch4-lower-edge-narrow-20260810T003250Z.json,2026-08-10,pluto://ip:192.168.2.1,4,lower,slow_attack,,2500000.0,-12.579784585116505,-12.545883789305703,4,4,1
ch4-lower-edge-narrow-20260810T003646Z,ch4-lower-edge-narrow-20260810T003646Z.json,2026-08-10,pluto://ip:192.168.2.1,4,lower,slow_attack,,2500000.0,-12.743902754266,-12.797869157779944,1,1,1
ch4-lower-edge-narrow-20260810T003852Z,ch4-lower-edge-narrow-20260810T003852Z.json,2026-08-10,pluto://ip:192.168.2.1,4,lower,slow_attack,,2500000.0,-12.606522809319895,-12.640971585612794,1,1,1
ch4-lower-edge-narrow-20260810T004134Z,ch4-lower-edge-narrow-20260810T004134Z.json,2026-08-10,pluto://ip:192.168.2.1,4,lower,manual,50.0,2500000.0,-27.23215493435923,-32.347277882671726,2,2,1
ch4-lower-edge-narrow-20260810T004336Z,ch4-lower-edge-narrow-20260810T004336Z.json,2026-08-10,pluto://ip:192.168.2.1,4,lower,slow_attack,,2500000.0,-12.520249559229645,-12.508765054743892,4,4,3
ch4-lower-edge-narrow-20260810T004618Z,ch4-lower-edge-narrow-20260810T004618Z.json,2026-08-10,pluto://ip:192.168.2.1,4,lower,slow_attack,,2500000.0,-12.762609790300633,-12.695369392851216,1,1,1
ch4-lower-edge-narrow-20260810T004823Z,ch4-lower-edge-narrow-20260810T004823Z.json,2026-08-10,pluto://ip:192.168.2.1,4,lower,manual,50.0,2500000.0,-27.58805925369633,-32.47142427242059,1,1,1
ch4-lower-edge-narrow-20260810T005103Z,ch4-lower-edge-narrow-20260810T005103Z.json,2026-08-10,pluto://ip:192.168.2.1,4,lower,manual,50.0,2500000.0,-27.58917149078239,-32.57000473441637,1,1,0
ch4-lower-edge-narrow-20260810T005305Z,ch4-lower-edge-narrow-20260810T005305Z.json,2026-08-10,pluto://ip:192.168.2.1,4,lower,slow_attack,,2500000.0,-12.599550662468532,-12.65460863813405,3,3,2
ch4-lower-edge-narrow-20260810T005548Z,ch4-lower-edge-narrow-20260810T005548Z.json,2026-08-10,pluto://ip:192.168.2.1,4,lower,manual,50.0,2500000.0,-27.29083487833485,-32.35718146771788,3,3,3
ch4-lower-edge-narrow-20260810T005750Z,ch4-lower-edge-narrow-20260810T005750Z.json,2026-08-10,pluto://ip:192.168.2.1,4,lower,manual,50.0,2500000.0,-27.59758429520388,-32.57064146249083,0,0,0
ch4-lower-edge-narrow-20260810T010104Z,ch4-lower-edge-narrow-20260810T010104Z.json,2026-08-10,pluto://ip:192.168.2.1,4,lower,manual,50.0,2500000.0,-27.500813894706575,-32.49933613378936,1,1,1
ch4-lower-edge-narrow-20260810T010307Z,ch4-lower-edge-narrow-20260810T010307Z.json,2026-08-10,pluto://ip:192.168.2.1,4,lower,slow_attack,,2500000.0,-12.860648358186051,-12.830340071067152,1,1,1
ch4-lower-edge-narrow-20260810T010549Z,ch4-lower-edge-narrow-20260810T010549Z.json,2026-08-10,pluto://ip:192.168.2.1,4,lower,manual,50.0,2500000.0,-27.573245816233694,-32.58824349752587,0,0,0
ch4-lower-edge-narrow-20260810T010752Z,ch4-lower-edge-narrow-20260810T010752Z.json,2026-08-10,pluto://ip:192.168.2.1,4,lower,manual,50.0,2500000.0,-27.129704024548683,-32.192712132005255,3,3,3
ch4-lower-edge-narrow-20260810T011032Z,ch4-lower-edge-narrow-20260810T011032Z.json,2026-08-10,pluto://ip:192.168.2.1,4,lower,slow_attack,,2500000.0,-12.60791668933628,-12.504410874609789,3,3,2
ch4-lower-edge-narrow-20260810T011323Z,ch4-lower-edge-narrow-20260810T011323Z.json,2026-08-10,pluto://ip:192.168.2.1,4,lower,slow_attack,,2500000.0,-12.71449243310344,-12.558669830790842,1,0,0
ch4-lower-edge-narrow-20260810T011612Z,ch4-lower-edge-narrow-20260810T011612Z.json,2026-08-10,pluto://ip:192.168.2.1,4,lower,manual,50.0,2500000.0,-27.10207143594417,-32.15366217250629,1,1,1
ch4-lower-edge-narrow-20260810T011815Z,ch4-lower-edge-narrow-20260810T011815Z.json,2026-08-10,pluto://ip:192.168.2.1,4,lower,slow_attack,,2500000.0,-12.611110066772843,-12.617292000259752,1,1,1
ch4-lower-edge-narrow-20260810T012056Z,ch4-lower-edge-narrow-20260810T012056Z.json,2026-08-10,pluto://ip:192.168.2.1,4,lower,slow_attack,,2500000.0,-12.672489875201245,-12.423925877465887,3,3,3
ch4-lower-edge-narrow-20260810T012302Z,ch4-lower-edge-narrow-20260810T012302Z.json,2026-08-10,pluto://ip:192.168.2.1,4,lower,slow_attack,,2500000.0,-12.670279202258419,-12.639664821140066,1,1,1
ch4-lower-edge-narrow-20260810T012615Z,ch4-lower-edge-narrow-20260810T012615Z.json,2026-08-10,pluto://ip:192.168.2.1,4,lower,slow_attack,,2500000.0,-12.599581042099288,-12.425759635875925,4,4,4
ch4-lower-edge-narrow-20260810T012819Z,ch4-lower-edge-narrow-20260810T012819Z.json,2026-08-10,pluto://ip:192.168.2.1,4,lower,manual,50.0,2500000.0,-27.38011960969636,-32.38048642355086,1,1,1
ch4-lower-edge-narrow-20260810T013100Z,ch4-lower-edge-narrow-20260810T013100Z.json,2026-08-10,pluto://ip:192.168.2.1,4,lower,slow_attack,,2500000.0,-12.442449625789793,-12.324243667277642,5,5,4
ch4-lower-edge-narrow-20260810T013305Z,ch4-lower-edge-narrow-20260810T013305Z.json,2026-08-10,pluto://ip:192.168.2.1,4,lower,manual,50.0,2500000.0,-26.782996627090384,-31.781526965173615,4,4,3
ch4-lower-edge-narrow-20260810T013545Z,ch4-lower-edge-narrow-20260810T013545Z.json,2026-08-10,pluto://ip:192.168.2.1,4,lower,manual,50.0,2500000.0,-27.407208405280784,-32.3782042965341,0,0,0
ch4-lower-edge-narrow-20260810T013748Z,ch4-lower-edge-narrow-20260810T013748Z.json,2026-08-10,pluto://ip:192.168.2.1,4,lower,manual,50.0,2500000.0,-27.480121620492834,-32.44563104142742,0,0,0
ch4-lower-edge-narrow-20260810T014027Z,ch4-lower-edge-narrow-20260810T014027Z.json,2026-08-10,pluto://ip:192.168.2.1,4,lower,manual,50.0,2500000.0,-26.893351685068552,-31.93942005507216,4,4,4
ch4-lower-edge-narrow-20260810T014230Z,ch4-lower-edge-narrow-20260810T014230Z.json,2026-08-10,pluto://ip:192.168.2.1,4,lower,manual,50.0,2500000.0,-27.261397359348862,-32.28994786581507,0,0,0
ch4-lower-edge-narrow-20260810T014510Z,ch4-lower-edge-narrow-20260810T014510Z.json,2026-08-10,pluto://ip:192.168.2.1,4,lower,manual,50.0,2500000.0,-27.503728732622488,-32.47349944519935,0,0,0
ch4-lower-edge-narrow-20260810T020737Z,ch4-lower-edge-narrow-20260810T020737Z.json,2026-08-10,pluto://ip:192.168.2.1,4,lower,slow_attack,,2500000.0,-40.85120199199921,-41.28162739838389,0,0,0
ch4-lower-edge-narrow-20260810T021008Z,ch4-lower-edge-narrow-20260810T021008Z.json,2026-08-10,pluto://ip:192.168.2.1,4,lower,manual,50.0,2500000.0,-58.389508297145696,-58.75771303347514,0,0,0
ch4-lower-edge-narrow-20260810T021247Z,ch4-lower-edge-narrow-20260810T021247Z.json,2026-08-10,pluto://ip:192.168.2.1,4,lower,manual,50.0,2500000.0,-58.38751455740034,-58.74541516875921,0,0,0
ch4-lower-edge-narrow-20260810T021449Z,ch4-lower-edge-narrow-20260810T021449Z.json,2026-08-10,pluto://ip:192.168.2.1,4,lower,manual,50.0,2500000.0,-58.37854139833189,-58.765076320050866,0,0,0
ch4-lower-edge-narrow-20260810T021727Z,ch4-lower-edge-narrow-20260810T021727Z.json,2026-08-10,pluto://ip:192.168.2.1,4,lower,slow_attack,,2500000.0,-40.82098919136897,-41.25207220021415,0,0,0
ch4-lower-edge-narrow-20260810T021931Z,ch4-lower-edge-narrow-20260810T021931Z.json,2026-08-10,pluto://ip:192.168.2.1,4,lower,slow_attack,,2500000.0,-40.83264311339599,-41.261387628472036,0,0,0
ch4-lower-edge-narrow-20260810T022210Z,ch4-lower-edge-narrow-20260810T022210Z.json,2026-08-10,pluto://ip:192.168.2.1,4,lower,manual,50.0,2500000.0,-58.37846214797007,-58.7203185406984,0,0,0
ch4-lower-edge-narrow-20260810T022412Z,ch4-lower-edge-narrow-20260810T022412Z.json,2026-08-10,pluto://ip:192.168.2.1,4,lower,manual,50.0,2500000.0,-58.380276320448,-58.731081189016756,0,0,0
ch4-lower-edge-narrow-20260810T022650Z,ch4-lower-edge-narrow-20260810T022650Z.json,2026-08-10,pluto://ip:192.168.2.1,4,lower,slow_attack,,2500000.0,-40.821999945151646,-41.25763155983962,0,0,0
ch4-lower-edge-narrow-20260810T022856Z,ch4-lower-edge-narrow-20260810T022856Z.json,2026-08-10,pluto://ip:192.168.2.1,4,lower,slow_attack,,2500000.0,-40.829990002925456,-41.263900588667084,0,0,0
ch4-lower-edge-narrow-20260810T023159Z,ch4-lower-edge-narrow-20260810T023159Z.json,2026-08-10,pluto://ip:192.168.2.1,4,lower,manual,50.0,2500000.0,-58.402227528558996,-58.757482751979765,0,0,0
ch4-lower-edge-narrow-20260810T023402Z,ch4-lower-edge-narrow-20260810T023402Z.json,2026-08-10,pluto://ip:192.168.2.1,4,lower,slow_attack,,2500000.0,-40.830446129924795,-41.263465144016806,0,0,0
ch4-lower-edge-narrow-20260810T023641Z,ch4-lower-edge-narrow-20260810T023641Z.json,2026-08-10,pluto://ip:192.168.2.1,4,lower,manual,50.0,2500000.0,-58.39493651706224,-58.73149260037814,0,0,0
ch4-lower-edge-narrow-20260810T023844Z,ch4-lower-edge-narrow-20260810T023844Z.json,2026-08-10,pluto://ip:192.168.2.1,4,lower,manual,50.0,2500000.0,-58.369377848636084,-58.73947910921998,0,0,0
ch4-lower-edge-narrow-20260810T024121Z,ch4-lower-edge-narrow-20260810T024121Z.json,2026-08-10,pluto://ip:192.168.2.1,4,lower,manual,50.0,2500000.0,-58.410932976485235,-58.72997986500572,0,0,0
ch4-lower-edge-narrow-20260810T024349Z,ch4-lower-edge-narrow-20260810T024349Z.json,2026-08-10,pluto://ip:192.168.2.1,4,lower,manual,50.0,2500000.0,-58.4094200675917,-58.73214643499212,0,0,0
ch4-lower-edge-narrow-20260810T024628Z,ch4-lower-edge-narrow-20260810T024628Z.json,2026-08-10,pluto://ip:192.168.2.1,4,lower,manual,50.0,2500000.0,-58.38832648581704,-58.74599982344316,0,0,0
ch4-lower-edge-narrow-20260810T024831Z,ch4-lower-edge-narrow-20260810T024831Z.json,2026-08-10,pluto://ip:192.168.2.1,4,lower,slow_attack,,2500000.0,-40.836755162961325,-41.27200153056694,0,0,0
ch4-lower-edge-narrow-20260810T025112Z,ch4-lower-edge-narrow-20260810T025112Z.json,2026-08-10,pluto://ip:192.168.2.1,4,lower,slow_attack,,2500000.0,-40.84123759726761,-41.273735792930495,0,0,0
ch4-lower-edge-narrow-20260810T025318Z,ch4-lower-edge-narrow-20260810T025318Z.json,2026-08-10,pluto://ip:192.168.2.1,4,lower,manual,50.0,2500000.0,-58.365254402893314,-58.72602867163462,0,0,0
ch4-lower-edge-narrow-20260810T025623Z,ch4-lower-edge-narrow-20260810T025623Z.json,2026-08-10,pluto://ip:192.168.2.1,4,lower,slow_attack,,2500000.0,-40.84797632016912,-41.27763934667284,0,0,0
ch4-lower-edge-narrow-20260810T025828Z,ch4-lower-edge-narrow-20260810T025828Z.json,2026-08-10,pluto://ip:192.168.2.1,4,lower,slow_attack,,2500000.0,-40.85762919594531,-41.280584560097786,0,0,0
ch4-lower-edge-narrow-20260810T030106Z,ch4-lower-edge-narrow-20260810T030106Z.json,2026-08-10,pluto://ip:192.168.2.1,4,lower,slow_attack,,2500000.0,-40.85520417864264,-41.280231570472765,0,0,0
ch4-lower-edge-narrow-20260810T030311Z,ch4-lower-edge-narrow-20260810T030311Z.json,2026-08-10,pluto://ip:192.168.2.1,4,lower,manual,50.0,2500000.0,-58.41841360522862,-58.74478307792407,0,0,0
ch4-lower-edge-narrow-20260810T030548Z,ch4-lower-edge-narrow-20260810T030548Z.json,2026-08-10,pluto://ip:192.168.2.1,4,lower,manual,50.0,2500000.0,-58.381909294903394,-58.736238439343765,0,0,0
ch4-lower-edge-narrow-20260810T030750Z,ch4-lower-edge-narrow-20260810T030750Z.json,2026-08-10,pluto://ip:192.168.2.1,4,lower,slow_attack,,2500000.0,-40.85709781438641,-41.27612932296348,0,0,0
ch4-lower-edge-narrow-20260810T031029Z,ch4-lower-edge-narrow-20260810T031029Z.json,2026-08-10,pluto://ip:192.168.2.1,4,lower,manual,50.0,2500000.0,-58.28200695222873,-58.78789510876051,0,0,0
ch4-lower-edge-narrow-20260810T031232Z,ch4-lower-edge-narrow-20260810T031232Z.json,2026-08-10,pluto://ip:192.168.2.1,4,lower,slow_attack,,2500000.0,-40.85229113954151,-41.27968105426425,0,0,0
ch4-lower-edge-narrow-20260810T031512Z,ch4-lower-edge-narrow-20260810T031512Z.json,2026-08-10,pluto://ip:192.168.2.1,4,lower,manual,50.0,2500000.0,-58.45968467886934,-58.77239037667033,0,0,0
ch4-lower-edge-narrow-20260810T031559Z,ch4-lower-edge-narrow-20260810T031559Z.json,2026-08-10,pluto://ip:192.168.2.1,4,lower,manual,50.0,2500000.0,-58.32836045400859,-58.74566917997895,0,0,0
ch4-lower-edge-narrow-20260810T031647Z,ch4-lower-edge-narrow-20260810T031647Z.json,2026-08-10,pluto://ip:192.168.2.1,4,lower,manual,50.0,2500000.0,-58.4876445108027,-58.63071398539971,0,0,0
ch4-lower-edge-narrow-20260810T031725Z,ch4-lower-edge-narrow-20260810T031725Z.json,2026-08-10,pluto://ip:192.168.2.1,4,lower,manual,50.0,2500000.0,-58.386680268146065,-58.746313485305095,0,0,0
ch4-lower-edge-narrow-20260810T031950Z,ch4-lower-edge-narrow-20260810T031950Z.json,2026-08-10,pluto://ip:192.168.2.1,4,lower,slow_attack,,2500000.0,-40.85455261666237,-41.27789599841769,0,0,0
ch4-lower-edge-narrow-20260810T032138Z,ch4-lower-edge-narrow-20260810T032138Z.json,2026-08-10,pluto://ip:192.168.2.1,4,lower,slow_attack,,2500000.0,-40.940499101036195,-41.400515454248676,0,0,0
ch4-lower-edge-narrow-20260810T032211Z,ch4-lower-edge-narrow-20260810T032211Z.json,2026-08-10,pluto://ip:192.168.2.1,4,lower,slow_attack,,2500000.0,-40.97013755472774,-41.42457595941159,0,0,0
ch4-lower-edge-narrow-20260810T032347Z,ch4-lower-edge-narrow-20260810T032347Z.json,2026-08-10,pluto://ip:192.168.2.1,4,lower,slow_attack,,2500000.0,-40.99272489920403,-41.4452992364233,0,0,0
ch4-lower-edge-narrow-20260810T032614Z,ch4-lower-edge-narrow-20260810T032614Z.json,2026-08-10,pluto://ip:192.168.2.1,4,lower,slow_attack,,2500000.0,-41.012416169876346,-41.45998605032708,0,0,0
ch4-lower-edge-narrow-20260810T032753Z,ch4-lower-edge-narrow-20260810T032753Z.json,2026-08-10,pluto://ip:192.168.2.1,4,lower,slow_attack,,2500000.0,-12.41571107875328,-12.56558167106437,2,2,1
ch4-lower-edge-narrow-20260810T032840Z,ch4-lower-edge-narrow-20260810T032840Z.json,2026-08-10,pluto://ip:192.168.2.1,4,lower,manual,50.0,2500000.0,-58.143623101679715,-58.310090043554595,0,0,0
ch4-lower-edge-narrow-20260810T033118Z,ch4-lower-edge-narrow-20260810T033118Z.json,2026-08-10,pluto://ip:192.168.2.1,4,lower,manual,50.0,2500000.0,-10.334123863709369,-12.750540041756073,0,0,0
ch4-lower-edge-narrow-20260810T033357Z,ch4-lower-edge-narrow-20260810T033357Z.json,2026-08-10,pluto://ip:192.168.2.1,4,lower,manual,50.0,2500000.0,-6.767877622432299,-9.255256221686908,0,0,0
ch4-lower-edge-narrow-20260810T033455Z,ch4-lower-edge-narrow-20260810T033455Z.json,2026-08-10,pluto://ip:192.168.2.1,4,lower,manual,50.0,2500000.0,-58.3759226976334,-58.93300978005183,0,0,0
ch4-lower-edge-narrow-20260810T033626Z,ch4-lower-edge-narrow-20260810T033626Z.json,2026-08-10,pluto://ip:192.168.2.1,4,lower,manual,50.0,2500000.0,-7.342759345971008,-9.461104999699563,2,0,0
ch4-lower-edge-narrow-20260810T033901Z,ch4-lower-edge-narrow-20260810T033901Z.json,2026-08-10,pluto://ip:192.168.2.1,4,lower,manual,50.0,2500000.0,-7.331212501123635,-9.594504641889847,2,2,1
ch4-lower-edge-narrow-20260810T034145Z,ch4-lower-edge-narrow-20260810T034145Z.json,2026-08-10,pluto://ip:192.168.2.1,4,lower,manual,50.0,2500000.0,-7.312214417864845,-9.392335649631766,5,1,0
ch4-lower-edge-narrow-20260810T034348Z,ch4-lower-edge-narrow-20260810T034348Z.json,2026-08-10,pluto://ip:192.168.2.1,4,lower,manual,50.0,2500000.0,-7.572725043119236,-9.800776575243994,0,0,0
ch4-lower-edge-narrow-20260810T034628Z,ch4-lower-edge-narrow-20260810T034628Z.json,2026-08-10,pluto://ip:192.168.2.1,4,lower,manual,50.0,2500000.0,-7.738160834260565,-10.016189481190999,0,0,0
ch4-lower-edge-narrow-20260810T034830Z,ch4-lower-edge-narrow-20260810T034830Z.json,2026-08-10,pluto://ip:192.168.2.1,4,lower,manual,50.0,2500000.0,-7.717516324201038,-9.95828806947683,2,0,0
ch4-lower-edge-narrow-20260810T035110Z,ch4-lower-edge-narrow-20260810T035110Z.json,2026-08-10,10400056f695001322002d0010ad1719f2,4,lower,slow_attack,,2500000.0,-12.509602737554586,-12.567805298356902,5,5,2
ch4-lower-edge-narrow-20260810T035315Z,ch4-lower-edge-narrow-20260810T035315Z.json,2026-08-10,10400056f695001322002d0010ad1719f2,4,lower,slow_attack,,2500000.0,-12.402718077013485,-12.590627166603195,2,2,1
ch4-lower-edge-narrow-20260810T035601Z,ch4-lower-edge-narrow-20260810T035601Z.json,2026-08-10,10400056f695001322002d0010ad1719f2,4,lower,slow_attack,,2500000.0,-12.527520400523361,-12.597124159629074,6,2,1
ch4-lower-edge-narrow-20260810T035806Z,ch4-lower-edge-narrow-20260810T035806Z.json,2026-08-10,10400056f695001322002d0010ad1719f2,4,lower,slow_attack,,2500000.0,-12.437808633010562,-12.45462133586736,6,3,0
ch4-lower-edge-narrow-20260810T040131Z,ch4-lower-edge-narrow-20260810T040131Z.json,2026-08-10,10400056f695001322002d0010ad1719f2,4,lower,slow_attack,,2500000.0,-12.635754197130355,-12.682389790043295,2,2,1
ch4-lower-edge-narrow-20260810T040403Z,ch4-lower-edge-narrow-20260810T040403Z.json,2026-08-10,10400056f695001322002d0010ad1719f2,4,lower,slow_attack,,2500000.0,-12.377093390403724,-12.477225037011335,1,0,0
ch4-lower-edge-narrow-20260810T040649Z,ch4-lower-edge-narrow-20260810T040649Z.json,2026-08-10,10400056f695001322002d0010ad1719f2,4,lower,manual,50.0,2500000.0,-7.623693558460868,-9.907521610223943,6,0,0
ch4-lower-edge-narrow-20260810T040853Z,ch4-lower-edge-narrow-20260810T040853Z.json,2026-08-10,10400056f695001322002d0010ad1719f2,4,lower,slow_attack,,2500000.0,-12.546977044259492,-12.651578414704026,1,0,0
ch4-lower-edge-narrow-20260810T041137Z,ch4-lower-edge-narrow-20260810T041137Z.json,2026-08-10,10400056f695001322002d0010ad1719f2,4,lower,manual,50.0,2500000.0,-7.855284412937973,-9.968643978703787,5,0,0
ch4-lower-edge-narrow-20260810T041422Z,ch4-lower-edge-narrow-20260810T041422Z.json,2026-08-10,10400056f695001322002d0010ad1719f2,4,lower,manual,50.0,2500000.0,-7.634131623239693,-9.86687282688705,8,1,0
ch4-lower-edge-narrow-20260810T041706Z,ch4-lower-edge-narrow-20260810T041706Z.json,2026-08-10,10400056f695001322002d0010ad1719f2,4,lower,slow_attack,,2500000.0,-12.73033899585348,-12.752728796963622,2,2,1
ch4-lower-edge-narrow-20260810T041911Z,ch4-lower-edge-narrow-20260810T041911Z.json,2026-08-10,10400056f695001322002d0010ad1719f2,4,lower,slow_attack,,2500000.0,-12.25039242224748,-12.420963072757651,3,1,0
ch4-lower-edge-narrow-20260810T042156Z,ch4-lower-edge-narrow-20260810T042156Z.json,2026-08-10,10400056f695001322002d0010ad1719f2,4,lower,slow_attack,,2500000.0,-12.423718224016596,-12.355056487939265,3,3,1
ch4-lower-edge-narrow-pluto-19f2-20260810T151714Z,ch4-lower-edge-narrow-pluto-19f2-20260810T151714Z.json,2026-08-10,pluto-19f2,4,lower,slow_attack,,2500000.0,-12.891790732796743,-12.947485768325283,1,1,0
ch4-lower-edge-narrow-pluto-19f2-20260810T151921Z,ch4-lower-edge-narrow-pluto-19f2-20260810T151921Z.json,2026-08-10,pluto-19f2,4,lower,manual,50.0,2500000.0,-8.06041641053871,-10.20530151442651,2,0,0
ch4-lower-edge-narrow-pluto-19f2-20260810T152130Z,ch4-lower-edge-narrow-pluto-19f2-20260810T152130Z.json,2026-08-10,pluto-19f2,4,lower,slow_attack,,2500000.0,-12.687903564309357,-12.553859142450353,2,2,1
ch4-lower-edge-narrow-pluto-19f2-20260810T152337Z,ch4-lower-edge-narrow-pluto-19f2-20260810T152337Z.json,2026-08-10,pluto-19f2,4,lower,slow_attack,,2500000.0,-12.85145819687444,-12.93353537371302,3,0,0
ch4-lower-edge-narrow-pluto-19f2-20260810T152544Z,ch4-lower-edge-narrow-pluto-19f2-20260810T152544Z.json,2026-08-10,pluto-19f2,4,lower,slow_attack,,2500000.0,-12.432620924168676,-12.410472018561352,6,0,0
ch4-lower-edge-narrow-pluto-19f2-20260810T152752Z,ch4-lower-edge-narrow-pluto-19f2-20260810T152752Z.json,2026-08-10,pluto-19f2,4,lower,manual,50.0,2500000.0,-8.107954438161748,-10.310782221705628,2,0,0
ch4-lower-edge-narrow-pluto-19f2-20260810T153001Z,ch4-lower-edge-narrow-pluto-19f2-20260810T153001Z.json,2026-08-10,pluto-19f2,4,lower,slow_attack,,2500000.0,-12.447317380565742,-12.422804868464956,2,2,1
ch4-lower-edge-narrow-pluto-19f2-20260810T153212Z,ch4-lower-edge-narrow-pluto-19f2-20260810T153212Z.json,2026-08-10,pluto-19f2,4,lower,manual,50.0,2500000.0,-7.5915894669269655,-9.887797562723375,5,1,0
ch4-lower-edge-narrow-pluto-19f2-20260810T153419Z,ch4-lower-edge-narrow-pluto-19f2-20260810T153419Z.json,2026-08-10,pluto-19f2,4,lower,slow_attack,,2500000.0,-12.478963501846208,-12.645587644014027,2,2,1
ch4-lower-edge-narrow-pluto-19f2-20260810T153628Z,ch4-lower-edge-narrow-pluto-19f2-20260810T153628Z.json,2026-08-10,pluto-19f2,4,lower,slow_attack,,2500000.0,-12.795733054914738,-12.674318635188078,4,0,0
ch4-lower-edge-narrow-pluto-19f2-20260810T153836Z,ch4-lower-edge-narrow-pluto-19f2-20260810T153836Z.json,2026-08-10,pluto-19f2,4,lower,manual,50.0,2500000.0,-7.581662088779022,-9.732905443612639,2,2,1
ch4-lower-edge-narrow-pluto-19f2-20260810T154039Z,ch4-lower-edge-narrow-pluto-19f2-20260810T154039Z.json,2026-08-10,pluto-19f2,4,lower,manual,50.0,2500000.0,-8.084221136040291,-10.185657574948088,1,1,1
ch4-lower-edge-narrow-pluto-19f2-20260810T154243Z,ch4-lower-edge-narrow-pluto-19f2-20260810T154243Z.json,2026-08-10,pluto-19f2,4,lower,manual,50.0,2500000.0,-7.50412443005703,-9.691633508560164,2,2,1
ch4-lower-edge-narrow-pluto-19f2-20260810T154449Z,ch4-lower-edge-narrow-pluto-19f2-20260810T154449Z.json,2026-08-10,pluto-19f2,4,lower,manual,50.0,2500000.0,-7.904666369765627,-9.979122070892036,1,1,1
ch4-lower-edge-narrow-pluto-19f2-20260810T154654Z,ch4-lower-edge-narrow-pluto-19f2-20260810T154654Z.json,2026-08-10,pluto-19f2,4,lower,slow_attack,,2500000.0,-12.500338410547862,-12.623108191504182,6,1,0
ch4-lower-edge-narrow-pluto-19f2-20260810T154901Z,ch4-lower-edge-narrow-pluto-19f2-20260810T154901Z.json,2026-08-10,pluto-19f2,4,lower,slow_attack,,2500000.0,-12.397430669534737,-12.471372125255327,3,0,0
ch4-lower-edge-narrow-pluto-19f2-20260810T155108Z,ch4-lower-edge-narrow-pluto-19f2-20260810T155108Z.json,2026-08-10,pluto-19f2,4,lower,slow_attack,,2500000.0,-12.40996531118271,-12.585243358446725,1,0,0
ch4-lower-edge-narrow-pluto-19f2-20260810T155315Z,ch4-lower-edge-narrow-pluto-19f2-20260810T155315Z.json,2026-08-10,pluto-19f2,4,lower,slow_attack,,2500000.0,-12.462096189345953,-12.693459352154495,3,3,2
ch4-lower-edge-narrow-pluto-19f2-20260810T155521Z,ch4-lower-edge-narrow-pluto-19f2-20260810T155521Z.json,2026-08-10,pluto-19f2,4,lower,manual,50.0,2500000.0,-7.634273874709856,-9.684614829452228,1,1,1
ch4-lower-edge-narrow-pluto-19f2-20260810T155726Z,ch4-lower-edge-narrow-pluto-19f2-20260810T155726Z.json,2026-08-10,pluto-19f2,4,lower,manual,50.0,2500000.0,-7.684189621762142,-9.90486003268961,1,1,1
ch4-lower-edge-narrow-pluto-19f2-20260810T155932Z,ch4-lower-edge-narrow-pluto-19f2-20260810T155932Z.json,2026-08-10,pluto-19f2,4,lower,manual,50.0,2500000.0,-7.7109290332942635,-9.793986215968129,7,1,0
ch4-lower-edge-narrow-pluto-19f2-20260810T160136Z,ch4-lower-edge-narrow-pluto-19f2-20260810T160136Z.json,2026-08-10,pluto-19f2,4,lower,manual,50.0,2500000.0,-7.8748712172651105,-9.987979127994741,2,2,1
ch4-lower-edge-narrow-pluto-19f2-20260810T160341Z,ch4-lower-edge-narrow-pluto-19f2-20260810T160341Z.json,2026-08-10,pluto-19f2,4,lower,slow_attack,,2500000.0,-12.363603250688884,-12.328497194617338,1,1,1
ch4-lower-edge-narrow-pluto-19f2-20260810T160548Z,ch4-lower-edge-narrow-pluto-19f2-20260810T160548Z.json,2026-08-10,pluto-19f2,4,lower,slow_attack,,2500000.0,-12.80078558381668,-12.336738250140494,1,1,1
ch4-lower-edge-narrow-pluto-19f2-20260810T160754Z,ch4-lower-edge-narrow-pluto-19f2-20260810T160754Z.json,2026-08-10,pluto-19f2,4,lower,slow_attack,,2500000.0,-12.308832944372055,-12.441490039337049,1,0,0
ch4-lower-edge-narrow-pluto-19f2-20260810T161000Z,ch4-lower-edge-narrow-pluto-19f2-20260810T161000Z.json,2026-08-10,pluto-19f2,4,lower,slow_attack,,2500000.0,-12.658129262257216,-12.457791306428883,4,4,2
ch4-lower-edge-narrow-pluto-19f2-20260810T161207Z,ch4-lower-edge-narrow-pluto-19f2-20260810T161207Z.json,2026-08-10,pluto-19f2,4,lower,manual,50.0,2500000.0,-7.170836733648846,-9.247089313340542,1,1,1
ch4-lower-edge-narrow-pluto-19f2-20260810T161412Z,ch4-lower-edge-narrow-pluto-19f2-20260810T161412Z.json,2026-08-10,pluto-19f2,4,lower,manual,50.0,2500000.0,-8.244025424858833,-10.423735321433101,1,1,0
ch4-lower-edge-narrow-pluto-19f2-20260810T161616Z,ch4-lower-edge-narrow-pluto-19f2-20260810T161616Z.json,2026-08-10,pluto-19f2,4,lower,slow_attack,,2500000.0,-12.4529023453108,-12.560479940686404,1,1,1
ch4-lower-edge-narrow-pluto-19f2-20260810T161822Z,ch4-lower-edge-narrow-pluto-19f2-20260810T161822Z.json,2026-08-10,pluto-19f2,4,lower,slow_attack,,2500000.0,-12.47226287785476,-12.460834562757535,2,2,1
ch4-lower-edge-narrow-pluto-19f2-20260810T162028Z,ch4-lower-edge-narrow-pluto-19f2-20260810T162028Z.json,2026-08-10,pluto-19f2,4,lower,slow_attack,,2500000.0,-12.388566043568666,-12.455980589712794,0,0,0
ch4-lower-edge-narrow-pluto-19f2-20260810T162235Z,ch4-lower-edge-narrow-pluto-19f2-20260810T162235Z.json,2026-08-10,pluto-19f2,4,lower,manual,50.0,2500000.0,-7.98785845498746,-10.00938905396637,2,2,1
ch4-lower-edge-narrow-pluto-19f2-20260810T162654Z,ch4-lower-edge-narrow-pluto-19f2-20260810T162654Z.json,2026-08-10,pluto-19f2,4,lower,slow_attack,,2500000.0,-12.49721966047071,-12.429466452202377,3,1,0
ch4-lower-edge-narrow-pluto-19f2-20260810T162900Z,ch4-lower-edge-narrow-pluto-19f2-20260810T162900Z.json,2026-08-10,pluto-19f2,4,lower,manual,50.0,2500000.0,-8.091504140161195,-10.282673133538637,1,1,1
ch4-lower-edge-narrow-pluto-19f2-20260810T163110Z,ch4-lower-edge-narrow-pluto-19f2-20260810T163110Z.json,2026-08-10,pluto-19f2,4,lower,slow_attack,,2500000.0,-12.365055069830678,-12.44972178850869,3,3,1
ch4-lower-edge-narrow-pluto-19f2-20260810T163316Z,ch4-lower-edge-narrow-pluto-19f2-20260810T163316Z.json,2026-08-10,pluto-19f2,4,lower,manual,50.0,2500000.0,-8.04080197964439,-10.315954305063471,2,2,1
ch4-lower-edge-narrow-pluto-19f2-20260810T163520Z,ch4-lower-edge-narrow-pluto-19f2-20260810T163520Z.json,2026-08-10,pluto-19f2,4,lower,slow_attack,,2500000.0,-12.51031309550281,-12.570853685244156,6,0,0
ch4-lower-edge-narrow-pluto-19f2-20260810T163727Z,ch4-lower-edge-narrow-pluto-19f2-20260810T163727Z.json,2026-08-10,pluto-19f2,4,lower,slow_attack,,2500000.0,-12.578762136799341,-12.407225505266917,1,1,1
ch4-lower-edge-narrow-pluto-19f2-20260810T163935Z,ch4-lower-edge-narrow-pluto-19f2-20260810T163935Z.json,2026-08-10,pluto-19f2,4,lower,slow_attack,,2500000.0,-12.321036998260645,-12.396400106482798,1,1,1
ch4-lower-edge-narrow-pluto-19f2-20260810T164140Z,ch4-lower-edge-narrow-pluto-19f2-20260810T164140Z.json,2026-08-10,pluto-19f2,4,lower,slow_attack,,2500000.0,-12.487452268311372,-12.462845015703392,1,1,1
ch4-lower-edge-narrow-pluto-19f2-20260810T164347Z,ch4-lower-edge-narrow-pluto-19f2-20260810T164347Z.json,2026-08-10,pluto-19f2,4,lower,manual,50.0,2500000.0,-8.335523435570835,-10.53225802013172,2,0,0
ch4-lower-edge-narrow-pluto-19f2-20260810T164551Z,ch4-lower-edge-narrow-pluto-19f2-20260810T164551Z.json,2026-08-10,pluto-19f2,4,lower,slow_attack,,2500000.0,-12.64115000623758,-12.412676870983177,1,1,1
ch4-lower-edge-narrow-pluto-19f2-20260810T164758Z,ch4-lower-edge-narrow-pluto-19f2-20260810T164758Z.json,2026-08-10,pluto-19f2,4,lower,slow_attack,,2500000.0,-12.45941918985305,-12.450866106942842,1,1,1
ch4-lower-edge-narrow-pluto-19f2-20260810T165004Z,ch4-lower-edge-narrow-pluto-19f2-20260810T165004Z.json,2026-08-10,pluto-19f2,4,lower,manual,50.0,2500000.0,-8.229748006484407,-10.465626535190873,2,0,0
ch4-lower-edge-narrow-pluto-19f2-20260810T165208Z,ch4-lower-edge-narrow-pluto-19f2-20260810T165208Z.json,2026-08-10,pluto-19f2,4,lower,manual,50.0,2500000.0,-7.952380867315123,-10.155220922633841,1,1,1
ch4-lower-edge-narrow-pluto-19f2-20260810T165413Z,ch4-lower-edge-narrow-pluto-19f2-20260810T165413Z.json,2026-08-10,pluto-19f2,4,lower,slow_attack,,2500000.0,-12.513869036212382,-12.490996954077492,3,3,2
ch4-lower-edge-narrow-pluto-19f2-20260810T165619Z,ch4-lower-edge-narrow-pluto-19f2-20260810T165619Z.json,2026-08-10,pluto-19f2,4,lower,manual,50.0,2500000.0,-8.231684487323816,-10.516215834762496,1,0,0
ch4-lower-edge-narrow-pluto-19f2-20260810T165823Z,ch4-lower-edge-narrow-pluto-19f2-20260810T165823Z.json,2026-08-10,pluto-19f2,4,lower,slow_attack,,2500000.0,-12.468399572840818,-12.236182094366828,3,0,0
ch4-lower-edge-narrow-pluto-19f2-20260810T170029Z,ch4-lower-edge-narrow-pluto-19f2-20260810T170029Z.json,2026-08-10,pluto-19f2,4,lower,manual,50.0,2500000.0,-7.753978466979849,-9.975694829463695,3,3,1
ch4-lower-edge-narrow-pluto-19f2-20260810T170234Z,ch4-lower-edge-narrow-pluto-19f2-20260810T170234Z.json,2026-08-10,pluto-19f2,4,lower,manual,50.0,2500000.0,-8.018685840055964,-9.962305306254873,2,2,1
ch4-lower-edge-narrow-pluto-19f2-20260810T170438Z,ch4-lower-edge-narrow-pluto-19f2-20260810T170438Z.json,2026-08-10,pluto-19f2,4,lower,manual,50.0,2500000.0,-7.989795365631863,-10.050460190608465,4,0,0
ch4-lower-edge-narrow-pluto-19f2-20260810T170642Z,ch4-lower-edge-narrow-pluto-19f2-20260810T170642Z.json,2026-08-10,pluto-19f2,4,lower,manual,50.0,2500000.0,-8.225782866398502,-10.430469785618762,0,0,0
ch4-lower-edge-narrow-pluto-19f2-20260810T170847Z,ch4-lower-edge-narrow-pluto-19f2-20260810T170847Z.json,2026-08-10,pluto-19f2,4,lower,slow_attack,,2500000.0,-12.645139748164457,-12.445894667333764,2,0,0
ch4-lower-edge-narrow-pluto-19f2-20260810T171053Z,ch4-lower-edge-narrow-pluto-19f2-20260810T171053Z.json,2026-08-10,pluto-19f2,4,lower,slow_attack,,2500000.0,-12.466569777648957,-12.273234158119077,2,0,0
ch4-lower-edge-narrow-pluto-19f2-20260810T171301Z,ch4-lower-edge-narrow-pluto-19f2-20260810T171301Z.json,2026-08-10,pluto-19f2,4,lower,slow_attack,,2500000.0,-12.491880251462957,-12.356590017521816,3,2,0
ch4-lower-edge-narrow-pluto-19f2-20260810T171507Z,ch4-lower-edge-narrow-pluto-19f2-20260810T171507Z.json,2026-08-10,pluto-19f2,4,lower,slow_attack,,2500000.0,-12.70651108545487,-12.561508280661627,0,0,0
ch4-lower-edge-narrow-pluto-19f2-20260810T171713Z,ch4-lower-edge-narrow-pluto-19f2-20260810T171713Z.json,2026-08-10,pluto-19f2,4,lower,manual,50.0,2500000.0,-8.558437638021061,-10.681409434447215,1,0,0
ch4-lower-edge-narrow-pluto-19f2-20260810T171917Z,ch4-lower-edge-narrow-pluto-19f2-20260810T171917Z.json,2026-08-10,pluto-19f2,4,lower,manual,50.0,2500000.0,-8.263855671910248,-10.211011389675363,3,0,0
ch4-lower-edge-narrow-pluto-19f2-20260810T172122Z,ch4-lower-edge-narrow-pluto-19f2-20260810T172122Z.json,2026-08-10,pluto-19f2,4,lower,manual,50.0,2500000.0,-8.117092249164369,-10.223152199552818,2,2,1
ch4-lower-edge-narrow-pluto-19f2-20260810T172326Z,ch4-lower-edge-narrow-pluto-19f2-20260810T172326Z.json,2026-08-10,pluto-19f2,4,lower,slow_attack,,2500000.0,-12.411698903013518,-12.390466162374455,1,1,1
ch4-lower-edge-narrow-pluto-19f2-20260810T172702Z,ch4-lower-edge-narrow-pluto-19f2-20260810T172702Z.json,2026-08-10,pluto-19f2,4,lower,slow_attack,,2500000.0,-12.355553507550916,-12.459833345327256,1,1,1
ch4-lower-edge-narrow-pluto-19f2-20260810T172909Z,ch4-lower-edge-narrow-pluto-19f2-20260810T172909Z.json,2026-08-10,pluto-19f2,4,lower,slow_attack,,2500000.0,-12.451651653734245,-12.525463495043807,1,1,1
ch4-lower-edge-narrow-pluto-19f2-20260810T173631Z,ch4-lower-edge-narrow-pluto-19f2-20260810T173631Z.json,2026-08-10,pluto-19f2,4,lower,slow_attack,,2500000.0,-12.64550321594248,-12.422631332971152,4,0,0
ch4-lower-edge-narrow-pluto-19f2-20260810T174052Z,ch4-lower-edge-narrow-pluto-19f2-20260810T174052Z.json,2026-08-10,pluto-19f2,4,lower,slow_attack,,2500000.0,-12.965010021814258,-12.720560851397522,0,0,0
ch4-lower-edge-narrow-pluto-19f2-20260810T174729Z,ch4-lower-edge-narrow-pluto-19f2-20260810T174729Z.json,2026-08-10,pluto-19f2,4,lower,slow_attack,,2500000.0,-12.804069250121755,-12.64190069653714,3,3,1
ch4-lower-edge-narrow-pluto-19f2-20260810T180535Z,ch4-lower-edge-narrow-pluto-19f2-20260810T180535Z.json,2026-08-10,pluto-19f2,4,lower,manual,50.0,2500000.0,-8.212124247759657,-10.495150232936268,4,4,1
ch4-lower-edge-narrow-pluto-19f2-20260810T181554Z,ch4-lower-edge-narrow-pluto-19f2-20260810T181554Z.json,2026-08-10,pluto-19f2,4,lower,slow_attack,,2500000.0,-12.615350965771302,-12.474785950471938,5,0,0
ch4-lower-edge-narrow-pluto-19f2-20260810T184215Z,ch4-lower-edge-narrow-pluto-19f2-20260810T184215Z.json,2026-08-10,pluto-19f2,4,lower,manual,50.0,2500000.0,-8.173518957305879,-10.192766521356633,1,1,1
ch4-lower-edge-narrow-pluto-19f2-20260810T184419Z,ch4-lower-edge-narrow-pluto-19f2-20260810T184419Z.json,2026-08-10,pluto-19f2,4,lower,slow_attack,,2500000.0,-12.569690854358166,-12.545436281909097,2,1,0
ch4-lower-edge-narrow-pluto-19f2-20260810T185555Z,ch4-lower-edge-narrow-pluto-19f2-20260810T185555Z.json,2026-08-10,pluto-19f2,4,lower,manual,50.0,2500000.0,-8.542090863331005,-10.669049750968739,0,0,0
ch4-lower-edge-narrow-pluto-19f2-20260810T190314Z,ch4-lower-edge-narrow-pluto-19f2-20260810T190314Z.json,2026-08-10,pluto-19f2,4,lower,manual,50.0,2500000.0,-8.265288999099303,-10.402538229405693,0,0,0
ch4-lower-edge-narrow-pluto-19f2-20260810T190602Z,ch4-lower-edge-narrow-pluto-19f2-20260810T190602Z.json,2026-08-10,pluto-19f2,4,lower,slow_attack,,2500000.0,-12.785584158390353,-12.608221161648565,2,0,0
ch4-lower-edge-narrow-pluto-19f2-20260810T190838Z,ch4-lower-edge-narrow-pluto-19f2-20260810T190838Z.json,2026-08-10,pluto-19f2,4,lower,manual,50.0,2500000.0,-8.163602077853033,-10.367595715737124,4,2,0
ch4-lower-edge-narrow-pluto-19f2-20260810T191043Z,ch4-lower-edge-narrow-pluto-19f2-20260810T191043Z.json,2026-08-10,pluto-19f2,4,lower,slow_attack,,2500000.0,-12.75708496408156,-12.572953267252382,1,1,0
ch4-lower-edge-narrow-pluto-19f2-20260810T191249Z,ch4-lower-edge-narrow-pluto-19f2-20260810T191249Z.json,2026-08-10,pluto-19f2,4,lower,slow_attack,,2500000.0,-12.625999597550654,-12.684905235594284,1,1,1
ch4-lower-edge-narrow-pluto-19f2-20260810T191456Z,ch4-lower-edge-narrow-pluto-19f2-20260810T191456Z.json,2026-08-10,pluto-19f2,4,lower,manual,50.0,2500000.0,-8.569676121070719,-10.729385711165609,1,1,1
ch4-lower-edge-narrow-pluto-19f2-20260810T191845Z,ch4-lower-edge-narrow-pluto-19f2-20260810T191845Z.json,2026-08-10,pluto-19f2,4,lower,slow_attack,,2500000.0,-12.692854562356825,-12.393974664250669,1,1,1
ch4-lower-edge-narrow-pluto-19f2-20260810T192051Z,ch4-lower-edge-narrow-pluto-19f2-20260810T192051Z.json,2026-08-10,pluto-19f2,4,lower,slow_attack,,2500000.0,-12.447525484550372,-12.574736603191782,3,3,2
ch4-lower-edge-narrow-pluto-19f2-20260810T192256Z,ch4-lower-edge-narrow-pluto-19f2-20260810T192256Z.json,2026-08-10,pluto-19f2,4,lower,slow_attack,,2500000.0,-12.447350954906662,-12.494245687277129,1,1,1
ch4-lower-edge-narrow-pluto-19f2-20260810T192502Z,ch4-lower-edge-narrow-pluto-19f2-20260810T192502Z.json,2026-08-10,pluto-19f2,4,lower,manual,50.0,2500000.0,-8.585457726934298,-10.757932639595051,3,0,0
ch4-lower-edge-narrow-pluto-19f2-20260810T195922Z,ch4-lower-edge-narrow-pluto-19f2-20260810T195922Z.json,2026-08-10,pluto-19f2,4,lower,manual,50.0,2500000.0,-8.542745337752217,-10.6605318681166,2,0,0
ch4-lower-edge-narrow-pluto-19f2-20260810T200125Z,ch4-lower-edge-narrow-pluto-19f2-20260810T200125Z.json,2026-08-10,pluto-19f2,4,lower,slow_attack,,2500000.0,-12.320449347875117,-12.184441424732231,1,0,0
ch4-lower-edge-narrow-pluto-19f2-20260810T200331Z,ch4-lower-edge-narrow-pluto-19f2-20260810T200331Z.json,2026-08-10,pluto-19f2,4,lower,slow_attack,,2500000.0,-12.441940272727647,-12.337830287235532,5,0,0
ch4-lower-edge-narrow-pluto-19f2-20260810T200537Z,ch4-lower-edge-narrow-pluto-19f2-20260810T200537Z.json,2026-08-10,pluto-19f2,4,lower,slow_attack,,2500000.0,-12.120471054750316,-12.320305410320769,2,0,0
ch4-lower-edge-narrow-pluto-19f2-20260810T200943Z,ch4-lower-edge-narrow-pluto-19f2-20260810T200943Z.json,2026-08-10,pluto-19f2,4,lower,manual,50.0,2500000.0,-8.26132389405988,-10.25647778198251,1,1,1
ch4-lower-edge-narrow-pluto-19f2-20260810T201147Z,ch4-lower-edge-narrow-pluto-19f2-20260810T201147Z.json,2026-08-10,pluto-19f2,4,lower,manual,50.0,2500000.0,-8.81156963990409,-10.981024663510105,0,0,0
ch4-lower-edge-narrow-pluto-19f2-20260810T201605Z,ch4-lower-edge-narrow-pluto-19f2-20260810T201605Z.json,2026-08-10,pluto-19f2,4,lower,manual,50.0,2500000.0,-8.518328192236272,-10.603220449383448,4,4,2
ch4-lower-edge-narrow-pluto-19f2-20260810T201809Z,ch4-lower-edge-narrow-pluto-19f2-20260810T201809Z.json,2026-08-10,pluto-19f2,4,lower,manual,50.0,2500000.0,-8.817989202826464,-10.982885516408281,0,0,0
ch4-lower-edge-narrow-pluto-19f2-20260810T203914Z,ch4-lower-edge-narrow-pluto-19f2-20260810T203914Z.json,2026-08-10,pluto-19f2,4,lower,slow_attack,,2500000.0,-12.234697703403949,-12.153535556211283,1,1,1
ch4-lower-edge-narrow-pluto-19f2-20260810T204634Z,ch4-lower-edge-narrow-pluto-19f2-20260810T204634Z.json,2026-08-10,pluto-19f2,4,lower,manual,50.0,2500000.0,-8.351039392923134,-10.54435094335446,1,1,1
ch4-lower-edge-narrow-pluto-19f2-20260810T204838Z,ch4-lower-edge-narrow-pluto-19f2-20260810T204838Z.json,2026-08-10,pluto-19f2,4,lower,slow_attack,,2500000.0,-12.71174883893176,-12.397246861070208,3,3,2
ch4-lower-edge-narrow-pluto-19f2-20260810T222231Z,ch4-lower-edge-narrow-pluto-19f2-20260810T222231Z.json,2026-08-10,pluto-19f2,4,lower,manual,50.0,2500000.0,-7.820711931394405,-10.109228397926987,2,1,0
ch4-lower-edge-narrow-pluto-19f2-20260810T222435Z,ch4-lower-edge-narrow-pluto-19f2-20260810T222435Z.json,2026-08-10,pluto-19f2,4,lower,manual,50.0,2500000.0,-7.842901630759994,-10.13875463573806,2,0,0
ch4-lower-edge-narrow-pluto-19f2-20260810T222639Z,ch4-lower-edge-narrow-pluto-19f2-20260810T222639Z.json,2026-08-10,pluto-19f2,4,lower,slow_attack,,2500000.0,-12.36513729531147,-12.416356543752041,2,2,1
ch4-lower-edge-narrow-pluto-19f2-20260810T222845Z,ch4-lower-edge-narrow-pluto-19f2-20260810T222845Z.json,2026-08-10,pluto-19f2,4,lower,manual,50.0,2500000.0,-7.384062609896393,-9.552407001848643,1,1,1
ch4-lower-edge-narrow-pluto-19f2-20260810T223049Z,ch4-lower-edge-narrow-pluto-19f2-20260810T223049Z.json,2026-08-10,pluto-19f2,4,lower,manual,50.0,2500000.0,-7.6451072214896385,-9.855515935150002,1,1,1
ch4-lower-edge-narrow-pluto-19f2-20260810T223254Z,ch4-lower-edge-narrow-pluto-19f2-20260810T223254Z.json,2026-08-10,pluto-19f2,4,lower,manual,50.0,2500000.0,-7.456766464140989,-9.722081866945327,1,1,1
ch4-lower-edge-narrow-pluto-19f2-20260810T223526Z,ch4-lower-edge-narrow-pluto-19f2-20260810T223526Z.json,2026-08-10,pluto-19f2,4,lower,manual,50.0,2500000.0,-7.281276826499546,-9.619203156659339,2,2,1
ch4-lower-edge-narrow-pluto-19f2-20260810T223731Z,ch4-lower-edge-narrow-pluto-19f2-20260810T223731Z.json,2026-08-10,pluto-19f2,4,lower,manual,50.0,2500000.0,-7.559521195104346,-9.882123075549568,1,1,1
ch4-lower-edge-narrow-pluto-19f2-20260810T223959Z,ch4-lower-edge-narrow-pluto-19f2-20260810T223959Z.json,2026-08-10,pluto-19f2,4,lower,slow_attack,,2500000.0,-12.605913187927174,-12.728599562015221,1,1,0
ch4-lower-edge-narrow-pluto-19f2-20260810T224215Z,ch4-lower-edge-narrow-pluto-19f2-20260810T224215Z.json,2026-08-10,pluto-19f2,4,lower,slow_attack,,2500000.0,-12.606622894427272,-12.691287857527291,1,0,0
ch4-lower-edge-narrow-pluto-19f2-20260810T224421Z,ch4-lower-edge-narrow-pluto-19f2-20260810T224421Z.json,2026-08-10,pluto-19f2,4,lower,manual,50.0,2500000.0,-7.4413987273299265,-9.64492373489748,3,1,0
ch4-lower-edge-narrow-pluto-19f2-20260810T224626Z,ch4-lower-edge-narrow-pluto-19f2-20260810T224626Z.json,2026-08-10,pluto-19f2,4,lower,manual,50.0,2500000.0,-7.687582488765587,-9.918896819744376,1,0,0
ch4-lower-edge-narrow-pluto-19f2-20260810T224830Z,ch4-lower-edge-narrow-pluto-19f2-20260810T224830Z.json,2026-08-10,pluto-19f2,4,lower,slow_attack,,2500000.0,-12.380925179878815,-12.372744208217743,5,0,0
ch4-lower-edge-narrow-pluto-19f2-20260810T225036Z,ch4-lower-edge-narrow-pluto-19f2-20260810T225036Z.json,2026-08-10,pluto-19f2,4,lower,slow_attack,,2500000.0,-12.557405337649591,-12.57261423898855,1,1,1
ch4-lower-edge-narrow-pluto-19f2-20260810T225243Z,ch4-lower-edge-narrow-pluto-19f2-20260810T225243Z.json,2026-08-10,pluto-19f2,4,lower,slow_attack,,2500000.0,-12.135643697350766,-12.663817546427458,2,0,0
ch4-lower-edge-narrow-pluto-19f2-20260810T225449Z,ch4-lower-edge-narrow-pluto-19f2-20260810T225449Z.json,2026-08-10,pluto-19f2,4,lower,slow_attack,,2500000.0,-12.764774806140462,-12.942905575339257,0,0,0
ch4-lower-edge-narrow-pluto-19f2-20260810T225656Z,ch4-lower-edge-narrow-pluto-19f2-20260810T225656Z.json,2026-08-10,pluto-19f2,4,lower,slow_attack,,2500000.0,-12.496598175457358,-12.626720978009958,1,1,1
ch4-lower-edge-narrow-pluto-19f2-20260810T225903Z,ch4-lower-edge-narrow-pluto-19f2-20260810T225903Z.json,2026-08-10,pluto-19f2,4,lower,slow_attack,,2500000.0,-12.408648705741339,-12.424547562951263,1,1,1
ch4-lower-edge-narrow-pluto-19f2-20260810T230112Z,ch4-lower-edge-narrow-pluto-19f2-20260810T230112Z.json,2026-08-10,pluto-19f2,4,lower,slow_attack,,2500000.0,-12.345534638214875,-12.472683226297445,1,0,0
ch4-lower-edge-narrow-pluto-19f2-20260810T230321Z,ch4-lower-edge-narrow-pluto-19f2-20260810T230321Z.json,2026-08-10,pluto-19f2,4,lower,slow_attack,,2500000.0,-12.289555840262665,-12.419192630199,1,0,0
ch4-lower-edge-narrow-pluto-19f2-20260810T230528Z,ch4-lower-edge-narrow-pluto-19f2-20260810T230528Z.json,2026-08-10,pluto-19f2,4,lower,manual,50.0,2500000.0,-7.340593831802699,-9.588869373780275,4,1,0
ch4-lower-edge-narrow-pluto-19f2-20260810T230733Z,ch4-lower-edge-narrow-pluto-19f2-20260810T230733Z.json,2026-08-10,pluto-19f2,4,lower,manual,50.0,2500000.0,-7.769187450014961,-10.03193628244803,0,0,0
ch4-lower-edge-narrow-pluto-19f2-20260810T230938Z,ch4-lower-edge-narrow-pluto-19f2-20260810T230938Z.json,2026-08-10,pluto-19f2,4,lower,slow_attack,,2500000.0,-12.52947545377327,-12.702531763415069,2,0,0
ch4-lower-edge-narrow-pluto-19f2-20260810T231149Z,ch4-lower-edge-narrow-pluto-19f2-20260810T231149Z.json,2026-08-10,pluto-19f2,4,lower,slow_attack,,2500000.0,-12.399066737101176,-12.539569775289758,3,0,0
ch4-lower-edge-narrow-pluto-19f2-20260810T231358Z,ch4-lower-edge-narrow-pluto-19f2-20260810T231358Z.json,2026-08-10,pluto-19f2,4,lower,slow_attack,,2500000.0,-12.423020459608258,-12.404889404104473,1,1,1
ch4-lower-edge-narrow-pluto-19f2-20260810T231605Z,ch4-lower-edge-narrow-pluto-19f2-20260810T231605Z.json,2026-08-10,pluto-19f2,4,lower,slow_attack,,2500000.0,-12.469623255487683,-12.693619801068387,1,1,0
ch4-lower-edge-narrow-pluto-19f2-20260810T231812Z,ch4-lower-edge-narrow-pluto-19f2-20260810T231812Z.json,2026-08-10,pluto-19f2,4,lower,manual,50.0,2500000.0,-7.462756365383502,-9.773164759804487,2,2,1
ch4-lower-edge-narrow-pluto-19f2-20260810T232017Z,ch4-lower-edge-narrow-pluto-19f2-20260810T232017Z.json,2026-08-10,pluto-19f2,4,lower,slow_attack,,2500000.0,-12.731561205775382,-12.168318291968067,5,1,0
ch4-lower-edge-narrow-pluto-19f2-20260810T232247Z,ch4-lower-edge-narrow-pluto-19f2-20260810T232247Z.json,2026-08-10,pluto-19f2,4,lower,manual,50.0,2500000.0,-7.538069432773665,-9.787598726389245,3,0,0
ch4-lower-edge-narrow-pluto-19f2-20260810T232500Z,ch4-lower-edge-narrow-pluto-19f2-20260810T232500Z.json,2026-08-10,pluto-19f2,4,lower,manual,50.0,2500000.0,-7.4369312822313995,-9.700569877908812,3,0,0
ch4-lower-edge-narrow-pluto-19f2-20260810T232707Z,ch4-lower-edge-narrow-pluto-19f2-20260810T232707Z.json,2026-08-10,pluto-19f2,4,lower,slow_attack,,2500000.0,-12.748082453540981,-11.95596186976525,0,0,0
ch4-lower-edge-narrow-pluto-19f2-20260810T232913Z,ch4-lower-edge-narrow-pluto-19f2-20260810T232913Z.json,2026-08-10,pluto-19f2,4,lower,slow_attack,,2500000.0,-12.450679433606016,-12.611634789481418,2,2,0
ch4-lower-edge-narrow-pluto-19f2-20260810T233119Z,ch4-lower-edge-narrow-pluto-19f2-20260810T233119Z.json,2026-08-10,pluto-19f2,4,lower,slow_attack,,2500000.0,-12.749876574572916,-12.66786256145509,3,3,1
ch4-lower-edge-narrow-pluto-19f2-20260810T233325Z,ch4-lower-edge-narrow-pluto-19f2-20260810T233325Z.json,2026-08-10,pluto-19f2,4,lower,manual,50.0,2500000.0,-7.656351850715732,-9.956064267134455,0,0,0
ch4-lower-edge-narrow-pluto-19f2-20260810T233530Z,ch4-lower-edge-narrow-pluto-19f2-20260810T233530Z.json,2026-08-10,pluto-19f2,4,lower,manual,50.0,2500000.0,-7.7489683448969835,-10.077658417237458,0,0,0
ch4-lower-edge-narrow-pluto-19f2-20260810T233734Z,ch4-lower-edge-narrow-pluto-19f2-20260810T233734Z.json,2026-08-10,pluto-19f2,4,lower,slow_attack,,2500000.0,-12.530666071373433,-12.804166171523665,1,0,0
ch4-lower-edge-narrow-pluto-19f2-20260810T233940Z,ch4-lower-edge-narrow-pluto-19f2-20260810T233940Z.json,2026-08-10,pluto-19f2,4,lower,slow_attack,,2500000.0,-12.47196563740416,-12.683595514011994,0,0,0
ch4-lower-edge-narrow-pluto-19f2-20260810T234146Z,ch4-lower-edge-narrow-pluto-19f2-20260810T234146Z.json,2026-08-10,pluto-19f2,4,lower,manual,50.0,2500000.0,-7.2031685211110865,-9.348053969771431,4,3,0
ch4-lower-edge-narrow-pluto-19f2-20260810T234350Z,ch4-lower-edge-narrow-pluto-19f2-20260810T234350Z.json,2026-08-10,pluto-19f2,4,lower,slow_attack,,2500000.0,-12.553056986366895,-12.73319042207618,2,0,0
ch4-lower-edge-narrow-pluto-19f2-20260810T234557Z,ch4-lower-edge-narrow-pluto-19f2-20260810T234557Z.json,2026-08-10,pluto-19f2,4,lower,manual,50.0,2500000.0,-7.471112152111809,-9.707519413909276,1,1,1
ch4-lower-edge-narrow-pluto-19f2-20260810T234801Z,ch4-lower-edge-narrow-pluto-19f2-20260810T234801Z.json,2026-08-10,pluto-19f2,4,lower,slow_attack,,2500000.0,-12.215773997909915,-12.270316234383218,1,0,0
ch4-lower-edge-narrow-pluto-19f2-20260810T235008Z,ch4-lower-edge-narrow-pluto-19f2-20260810T235008Z.json,2026-08-10,pluto-19f2,4,lower,slow_attack,,2500000.0,-12.621946313382605,-12.830014823235935,0,0,0
ch4-lower-edge-narrow-pluto-19f2-20260810T235216Z,ch4-lower-edge-narrow-pluto-19f2-20260810T235216Z.json,2026-08-11,pluto-19f2,4,lower,manual,50.0,2500000.0,-7.079374969077527,-9.258714986644721,3,3,1
ch4-lower-edge-narrow-pluto-19f2-20260810T235422Z,ch4-lower-edge-narrow-pluto-19f2-20260810T235422Z.json,2026-08-11,pluto-19f2,4,lower,manual,50.0,2500000.0,-7.491917012322339,-9.707771536363714,2,0,0
ch4-lower-edge-narrow-pluto-19f2-20260810T235627Z,ch4-lower-edge-narrow-pluto-19f2-20260810T235627Z.json,2026-08-11,pluto-19f2,4,lower,slow_attack,,2500000.0,-12.483770755115497,-12.687288838144307,2,0,0
ch4-lower-edge-narrow-pluto-19f2-20260810T235834Z,ch4-lower-edge-narrow-pluto-19f2-20260810T235834Z.json,2026-08-11,pluto-19f2,4,lower,slow_attack,,2500000.0,-12.496465834453243,-12.501904744157098,2,1,0
ch4-lower-edge-narrow-pluto-19f2-20260811T000041Z,ch4-lower-edge-narrow-pluto-19f2-20260811T000041Z.json,2026-08-11,pluto-19f2,4,lower,slow_attack,,2500000.0,-12.470425742573708,-12.516335359079518,2,2,1
ch4-lower-edge-narrow-pluto-19f2-20260811T000248Z,ch4-lower-edge-narrow-pluto-19f2-20260811T000248Z.json,2026-08-11,pluto-19f2,4,lower,slow_attack,,2500000.0,-12.630818943362609,-12.771388564197792,2,2,1
ch4-lower-edge-narrow-pluto-19f2-20260811T000454Z,ch4-lower-edge-narrow-pluto-19f2-20260811T000454Z.json,2026-08-11,pluto-19f2,4,lower,manual,50.0,2500000.0,-7.522429515536876,-9.803997925251316,1,0,0
ch4-lower-edge-narrow-pluto-19f2-20260811T000658Z,ch4-lower-edge-narrow-pluto-19f2-20260811T000658Z.json,2026-08-11,pluto-19f2,4,lower,manual,50.0,2500000.0,-7.317584949754403,-9.66140838608262,2,2,1
ch4-lower-edge-narrow-pluto-19f2-20260811T000902Z,ch4-lower-edge-narrow-pluto-19f2-20260811T000902Z.json,2026-08-11,pluto-19f2,4,lower,manual,50.0,2500000.0,-7.623463464578482,-9.941054436859657,0,0,0
ch4-lower-edge-narrow-pluto-19f2-20260811T001106Z,ch4-lower-edge-narrow-pluto-19f2-20260811T001106Z.json,2026-08-11,pluto-19f2,4,lower,manual,50.0,2500000.0,-7.461070519290203,-9.767878445286906,1,0,0
ch4-lower-edge-narrow-pluto-19f2-20260811T001310Z,ch4-lower-edge-narrow-pluto-19f2-20260811T001310Z.json,2026-08-11,pluto-19f2,4,lower,manual,50.0,2500000.0,-7.459441031307463,-9.741797296657033,2,0,0
ch4-lower-edge-narrow-pluto-19f2-20260811T001516Z,ch4-lower-edge-narrow-pluto-19f2-20260811T001516Z.json,2026-08-11,pluto-19f2,4,lower,slow_attack,,2500000.0,-12.6235078761555,-12.668510966336958,1,1,1
ch4-lower-edge-narrow-pluto-19f2-20260811T001722Z,ch4-lower-edge-narrow-pluto-19f2-20260811T001722Z.json,2026-08-11,pluto-19f2,4,lower,manual,50.0,2500000.0,-7.012951171986625,-9.125298245874319,0,0,0
ch4-lower-edge-narrow-pluto-19f2-20260811T001926Z,ch4-lower-edge-narrow-pluto-19f2-20260811T001926Z.json,2026-08-11,pluto-19f2,4,lower,manual,50.0,2500000.0,-7.254019143495135,-9.451925892265011,4,0,0
ch4-lower-edge-narrow-pluto-19f2-20260811T002130Z,ch4-lower-edge-narrow-pluto-19f2-20260811T002130Z.json,2026-08-11,pluto-19f2,4,lower,slow_attack,,2500000.0,-12.312548829531732,-12.387171615067047,3,3,2
ch4-lower-edge-narrow-pluto-19f2-20260811T002337Z,ch4-lower-edge-narrow-pluto-19f2-20260811T002337Z.json,2026-08-11,pluto-19f2,4,lower,manual,50.0,2500000.0,-7.549334701755123,-9.852387393620127,1,0,0
ch4-lower-edge-narrow-pluto-19f2-20260811T002542Z,ch4-lower-edge-narrow-pluto-19f2-20260811T002542Z.json,2026-08-11,pluto-19f2,4,lower,manual,50.0,2500000.0,-7.644883222161645,-9.946790095606445,0,0,0
ch4-lower-edge-narrow-pluto-19f2-20260811T002747Z,ch4-lower-edge-narrow-pluto-19f2-20260811T002747Z.json,2026-08-11,pluto-19f2,4,lower,manual,50.0,2500000.0,-7.313574537094999,-9.581017058568605,1,1,1
ch4-lower-edge-narrow-pluto-19f2-20260811T002952Z,ch4-lower-edge-narrow-pluto-19f2-20260811T002952Z.json,2026-08-11,pluto-19f2,4,lower,slow_attack,,2500000.0,-12.346594086790116,-12.558069695012273,3,0,0
ch4-lower-edge-narrow-pluto-19f2-20260811T003159Z,ch4-lower-edge-narrow-pluto-19f2-20260811T003159Z.json,2026-08-11,pluto-19f2,4,lower,slow_attack,,2500000.0,-12.627758111403269,-12.863017897235602,0,0,0
ch4-lower-edge-narrow-pluto-19f2-20260811T003406Z,ch4-lower-edge-narrow-pluto-19f2-20260811T003406Z.json,2026-08-11,pluto-19f2,4,lower,manual,50.0,2500000.0,-7.498754751741591,-9.851122959177276,1,0,0
ch4-lower-edge-narrow-pluto-19f2-20260811T003611Z,ch4-lower-edge-narrow-pluto-19f2-20260811T003611Z.json,2026-08-11,pluto-19f2,4,lower,manual,50.0,2500000.0,-7.493339201379183,-9.755517279642838,3,0,0
ch4-lower-edge-narrow-pluto-19f2-20260811T003816Z,ch4-lower-edge-narrow-pluto-19f2-20260811T003816Z.json,2026-08-11,pluto-19f2,4,lower,manual,50.0,2500000.0,-7.091774093529661,-9.311731852734441,3,3,2
ch4-lower-edge-narrow-pluto-19f2-20260811T004021Z,ch4-lower-edge-narrow-pluto-19f2-20260811T004021Z.json,2026-08-11,pluto-19f2,4,lower,manual,50.0,2500000.0,-7.55897985295184,-9.901454851015036,0,0,0
ch4-lower-edge-narrow-pluto-19f2-20260811T004225Z,ch4-lower-edge-narrow-pluto-19f2-20260811T004225Z.json,2026-08-11,pluto-19f2,4,lower,manual,50.0,2500000.0,-7.495150379326059,-9.786456903057628,1,0,0
ch4-lower-edge-narrow-pluto-19f2-20260811T004432Z,ch4-lower-edge-narrow-pluto-19f2-20260811T004432Z.json,2026-08-11,pluto-19f2,4,lower,slow_attack,,2500000.0,-12.548465576180936,-12.740348844786798,1,1,1
ch4-lower-edge-narrow-pluto-19f2-20260811T004639Z,ch4-lower-edge-narrow-pluto-19f2-20260811T004639Z.json,2026-08-11,pluto-19f2,4,lower,manual,50.0,2500000.0,-6.9761790191521875,-9.275141684896454,1,1,1
ch4-lower-edge-narrow-pluto-19f2-20260811T004844Z,ch4-lower-edge-narrow-pluto-19f2-20260811T004844Z.json,2026-08-11,pluto-19f2,4,lower,slow_attack,,2500000.0,-11.994441560054911,-11.972887007931625,0,0,0
ch4-lower-edge-narrow-pluto-19f2-20260811T005050Z,ch4-lower-edge-narrow-pluto-19f2-20260811T005050Z.json,2026-08-11,pluto-19f2,4,lower,manual,50.0,2500000.0,-7.491408987863478,-9.836979036636421,0,0,0
ch4-lower-edge-narrow-pluto-19f2-20260811T005254Z,ch4-lower-edge-narrow-pluto-19f2-20260811T005254Z.json,2026-08-11,pluto-19f2,4,lower,manual,50.0,2500000.0,-7.582098911479047,-9.896586768919297,0,0,0
ch4-lower-edge-narrow-pluto-19f2-20260811T005458Z,ch4-lower-edge-narrow-pluto-19f2-20260811T005458Z.json,2026-08-11,pluto-19f2,4,lower,manual,50.0,2500000.0,-7.459046886954321,-9.791855977600436,1,0,0
ch4-lower-edge-narrow-pluto-19f2-20260811T005703Z,ch4-lower-edge-narrow-pluto-19f2-20260811T005703Z.json,2026-08-11,pluto-19f2,4,lower,slow_attack,,2500000.0,-12.288888380006334,-12.554015725135306,1,1,1
ch4-lower-edge-narrow-pluto-19f2-20260811T005910Z,ch4-lower-edge-narrow-pluto-19f2-20260811T005910Z.json,2026-08-11,pluto-19f2,4,lower,manual,50.0,2500000.0,-7.513294885056249,-9.803360163961287,0,0,0
ch4-lower-edge-narrow-pluto-19f2-20260811T010114Z,ch4-lower-edge-narrow-pluto-19f2-20260811T010114Z.json,2026-08-11,pluto-19f2,4,lower,slow_attack,,2500000.0,-12.382919593632558,-12.608692937077997,0,0,0
ch4-lower-edge-narrow-pluto-19f2-20260811T010321Z,ch4-lower-edge-narrow-pluto-19f2-20260811T010321Z.json,2026-08-11,pluto-19f2,4,lower,manual,50.0,2500000.0,-7.293433649290497,-9.60017677021976,3,0,0
ch4-lower-edge-narrow-pluto-19f2-20260811T010526Z,ch4-lower-edge-narrow-pluto-19f2-20260811T010526Z.json,2026-08-11,pluto-19f2,4,lower,manual,50.0,2500000.0,-7.382842462347325,-9.689895980386769,1,0,0
ch4-lower-edge-narrow-pluto-19f2-20260811T010732Z,ch4-lower-edge-narrow-pluto-19f2-20260811T010732Z.json,2026-08-11,pluto-19f2,4,lower,manual,50.0,2500000.0,-7.379746048423577,-9.735786161960867,1,1,0
ch4-lower-edge-narrow-pluto-19f2-20260811T010936Z,ch4-lower-edge-narrow-pluto-19f2-20260811T010936Z.json,2026-08-11,pluto-19f2,4,lower,manual,50.0,2500000.0,-7.072394208007033,-9.385949102461925,4,1,0
ch4-lower-edge-narrow-pluto-19f2-20260811T011141Z,ch4-lower-edge-narrow-pluto-19f2-20260811T011141Z.json,2026-08-11,pluto-19f2,4,lower,manual,50.0,2500000.0,-7.247238130936919,-9.664235799230593,2,2,1
ch4-lower-edge-narrow-pluto-19f2-20260811T011347Z,ch4-lower-edge-narrow-pluto-19f2-20260811T011347Z.json,2026-08-11,pluto-19f2,4,lower,slow_attack,,2500000.0,-12.248897508745141,-12.443381746327418,3,0,0
ch4-lower-edge-narrow-pluto-19f2-20260811T011556Z,ch4-lower-edge-narrow-pluto-19f2-20260811T011556Z.json,2026-08-11,pluto-19f2,4,lower,manual,50.0,2500000.0,-7.2821587243298875,-9.584053882598964,2,0,0
ch4-lower-edge-narrow-pluto-19f2-20260811T011801Z,ch4-lower-edge-narrow-pluto-19f2-20260811T011801Z.json,2026-08-11,pluto-19f2,4,lower,slow_attack,,2500000.0,-12.294522716184893,-12.49489995629132,2,0,0
ch4-lower-edge-narrow-pluto-19f2-20260811T012010Z,ch4-lower-edge-narrow-pluto-19f2-20260811T012010Z.json,2026-08-11,pluto-19f2,4,lower,slow_attack,,2500000.0,-12.255056703930817,-12.350464007516342,0,0,0
ch4-lower-edge-narrow-pluto-19f2-20260811T012218Z,ch4-lower-edge-narrow-pluto-19f2-20260811T012218Z.json,2026-08-11,pluto-19f2,4,lower,slow_attack,,2500000.0,-12.385633694967527,-12.411173494435113,4,0,0
ch4-lower-edge-narrow-pluto-19f2-20260811T012425Z,ch4-lower-edge-narrow-pluto-19f2-20260811T012425Z.json,2026-08-11,pluto-19f2,4,lower,manual,50.0,2500000.0,-6.840356502361846,-9.06773534144747,2,1,0
ch4-lower-edge-narrow-pluto-19f2-20260811T012630Z,ch4-lower-edge-narrow-pluto-19f2-20260811T012630Z.json,2026-08-11,pluto-19f2,4,lower,manual,50.0,2500000.0,-6.815807591517977,-9.098251849109234,5,0,0
ch4-lower-edge-narrow-pluto-19f2-20260811T012838Z,ch4-lower-edge-narrow-pluto-19f2-20260811T012838Z.json,2026-08-11,pluto-19f2,4,lower,manual,50.0,2500000.0,-7.260118426434332,-9.573099234470547,2,0,0
ch4-lower-edge-narrow-pluto-19f2-20260811T013042Z,ch4-lower-edge-narrow-pluto-19f2-20260811T013042Z.json,2026-08-11,pluto-19f2,4,lower,slow_attack,,2500000.0,-12.382604355180087,-12.563903845144972,1,1,0
ch4-lower-edge-narrow-pluto-19f2-20260811T013251Z,ch4-lower-edge-narrow-pluto-19f2-20260811T013251Z.json,2026-08-11,pluto-19f2,4,lower,slow_attack,,2500000.0,-12.103964656157377,-12.562845323661858,0,0,0
ch4-lower-edge-narrow-pluto-19f2-20260811T013457Z,ch4-lower-edge-narrow-pluto-19f2-20260811T013457Z.json,2026-08-11,pluto-19f2,4,lower,manual,50.0,2500000.0,-7.135260842856034,-9.533177276020982,3,0,0
ch4-lower-edge-narrow-pluto-19f2-20260811T013701Z,ch4-lower-edge-narrow-pluto-19f2-20260811T013701Z.json,2026-08-11,pluto-19f2,4,lower,slow_attack,,2500000.0,-12.262512299505788,-12.520338184679481,0,0,0
ch4-lower-edge-narrow-pluto-19f2-20260811T013907Z,ch4-lower-edge-narrow-pluto-19f2-20260811T013907Z.json,2026-08-11,pluto-19f2,4,lower,manual,50.0,2500000.0,-7.466556410100794,-9.823128497950213,0,0,0
ch4-lower-edge-narrow-pluto-19f2-20260811T014111Z,ch4-lower-edge-narrow-pluto-19f2-20260811T014111Z.json,2026-08-11,pluto-19f2,4,lower,slow_attack,,2500000.0,-12.439324583925561,-12.578547794358046,3,0,0
ch4-lower-edge-narrow-pluto-19f2-20260811T014318Z,ch4-lower-edge-narrow-pluto-19f2-20260811T014318Z.json,2026-08-11,pluto-19f2,4,lower,slow_attack,,2500000.0,-12.335459238184978,-12.264500619736978,6,0,0
ch4-lower-edge-narrow-pluto-19f2-20260811T014523Z,ch4-lower-edge-narrow-pluto-19f2-20260811T014523Z.json,2026-08-11,pluto-19f2,4,lower,slow_attack,,2500000.0,-12.310965082863618,-12.473818234264133,1,1,1
ch4-lower-edge-narrow-pluto-19f2-20260811T014730Z,ch4-lower-edge-narrow-pluto-19f2-20260811T014730Z.json,2026-08-11,pluto-19f2,4,lower,manual,50.0,2500000.0,-7.111821179626425,-9.413534666748019,1,1,0
ch4-lower-edge-narrow-pluto-19f2-20260811T014940Z,ch4-lower-edge-narrow-pluto-19f2-20260811T014940Z.json,2026-08-11,pluto-19f2,4,lower,slow_attack,,2500000.0,-12.387725534411588,-12.281973202679001,1,1,1
ch4-lower-edge-narrow-pluto-19f2-20260811T015148Z,ch4-lower-edge-narrow-pluto-19f2-20260811T015148Z.json,2026-08-11,pluto-19f2,4,lower,manual,50.0,2500000.0,-6.611222443967618,-8.831975660435253,4,4,2
ch4-lower-edge-narrow-pluto-19f2-20260811T015352Z,ch4-lower-edge-narrow-pluto-19f2-20260811T015352Z.json,2026-08-11,pluto-19f2,4,lower,manual,50.0,2500000.0,-7.351344194278978,-9.714921987112008,0,0,0
ch4-lower-edge-narrow-pluto-19f2-20260811T015557Z,ch4-lower-edge-narrow-pluto-19f2-20260811T015557Z.json,2026-08-11,pluto-19f2,4,lower,slow_attack,,2500000.0,-12.284415215323484,-12.407580562946617,1,1,1
ch4-lower-edge-narrow-pluto-19f2-20260811T015803Z,ch4-lower-edge-narrow-pluto-19f2-20260811T015803Z.json,2026-08-11,pluto-19f2,4,lower,slow_attack,,2500000.0,-12.300910137728858,-12.480524673255491,1,1,0
ch4-lower-edge-narrow-pluto-19f2-20260811T020009Z,ch4-lower-edge-narrow-pluto-19f2-20260811T020009Z.json,2026-08-11,pluto-19f2,4,lower,manual,50.0,2500000.0,-7.1630281217103935,-9.505001954833684,1,1,1
ch4-lower-edge-narrow-pluto-19f2-20260811T020213Z,ch4-lower-edge-narrow-pluto-19f2-20260811T020213Z.json,2026-08-11,pluto-19f2,4,lower,manual,50.0,2500000.0,-7.306978664644543,-9.672392280060475,1,0,0
ch4-lower-edge-narrow-pluto-19f2-20260811T020417Z,ch4-lower-edge-narrow-pluto-19f2-20260811T020417Z.json,2026-08-11,pluto-19f2,4,lower,slow_attack,,2500000.0,-12.29240899467619,-12.466024173129933,1,0,0
ch4-lower-edge-narrow-pluto-19f2-20260811T020623Z,ch4-lower-edge-narrow-pluto-19f2-20260811T020623Z.json,2026-08-11,pluto-19f2,4,lower,slow_attack,,2500000.0,-12.481730284397216,-12.543513775501122,2,0,0
ch4-lower-edge-narrow-pluto-19f2-20260811T020829Z,ch4-lower-edge-narrow-pluto-19f2-20260811T020829Z.json,2026-08-11,pluto-19f2,4,lower,slow_attack,,2500000.0,-12.507853517742376,-12.434290752139782,1,1,0
ch4-lower-edge-narrow-pluto-19f2-20260811T021036Z,ch4-lower-edge-narrow-pluto-19f2-20260811T021036Z.json,2026-08-11,pluto-19f2,4,lower,manual,50.0,2500000.0,-7.124244104085658,-9.482726201029955,4,1,0
ch4-lower-edge-narrow-pluto-19f2-20260811T021240Z,ch4-lower-edge-narrow-pluto-19f2-20260811T021240Z.json,2026-08-11,pluto-19f2,4,lower,manual,50.0,2500000.0,-7.1851293633169755,-9.54167451299265,2,0,0
ch4-lower-edge-narrow-pluto-19f2-20260811T021444Z,ch4-lower-edge-narrow-pluto-19f2-20260811T021444Z.json,2026-08-11,pluto-19f2,4,lower,manual,50.0,2500000.0,-6.954461651764584,-9.298017514585876,1,1,0
ch4-lower-edge-narrow-pluto-19f2-20260811T021649Z,ch4-lower-edge-narrow-pluto-19f2-20260811T021649Z.json,2026-08-11,pluto-19f2,4,lower,slow_attack,,2500000.0,-12.430884118799316,-12.399535199570453,1,1,1
ch4-lower-edge-narrow-pluto-19f2-20260811T021855Z,ch4-lower-edge-narrow-pluto-19f2-20260811T021855Z.json,2026-08-11,pluto-19f2,4,lower,slow_attack,,2500000.0,-12.237375975786257,-12.53688493189044,0,0,0
ch4-lower-edge-narrow-pluto-19f2-20260811T022101Z,ch4-lower-edge-narrow-pluto-19f2-20260811T022101Z.json,2026-08-11,pluto-19f2,4,lower,slow_attack,,2500000.0,-12.496936094057594,-12.38388711838822,2,2,1
ch4-lower-edge-narrow-pluto-19f2-20260811T022308Z,ch4-lower-edge-narrow-pluto-19f2-20260811T022308Z.json,2026-08-11,pluto-19f2,4,lower,slow_attack,,2500000.0,-12.634075853821473,-12.461374546083475,0,0,0
ch4-lower-edge-narrow-pluto-19f2-20260811T022514Z,ch4-lower-edge-narrow-pluto-19f2-20260811T022514Z.json,2026-08-11,pluto-19f2,4,lower,slow_attack,,2500000.0,-12.407706384358544,-12.65559933685876,0,0,0
ch4-lower-edge-narrow-pluto-19f2-20260811T022720Z,ch4-lower-edge-narrow-pluto-19f2-20260811T022720Z.json,2026-08-11,pluto-19f2,4,lower,slow_attack,,2500000.0,-12.194780138768564,-12.444091831766329,2,0,0
ch4-lower-edge-narrow-pluto-19f2-20260811T022926Z,ch4-lower-edge-narrow-pluto-19f2-20260811T022926Z.json,2026-08-11,pluto-19f2,4,lower,manual,50.0,2500000.0,-7.299614213895168,-9.67006471647039,2,0,0
ch4-lower-edge-narrow-pluto-19f2-20260811T023130Z,ch4-lower-edge-narrow-pluto-19f2-20260811T023130Z.json,2026-08-11,pluto-19f2,4,lower,slow_attack,,2500000.0,-12.459630006409721,-12.52587837837309,1,0,0
ch4-lower-edge-narrow-pluto-19f2-20260811T023337Z,ch4-lower-edge-narrow-pluto-19f2-20260811T023337Z.json,2026-08-11,pluto-19f2,4,lower,slow_attack,,2500000.0,-12.469834874445196,-12.572051585227042,2,2,1
ch4-lower-edge-narrow-pluto-19f2-20260811T023544Z,ch4-lower-edge-narrow-pluto-19f2-20260811T023544Z.json,2026-08-11,pluto-19f2,4,lower,manual,50.0,2500000.0,-7.143272733037796,-9.555607477761328,1,0,0
ch4-lower-edge-narrow-pluto-19f2-20260811T023748Z,ch4-lower-edge-narrow-pluto-19f2-20260811T023748Z.json,2026-08-11,pluto-19f2,4,lower,manual,50.0,2500000.0,-7.2506058208235675,-9.621930564513058,0,0,0
ch4-lower-edge-narrow-pluto-19f2-20260811T023952Z,ch4-lower-edge-narrow-pluto-19f2-20260811T023952Z.json,2026-08-11,pluto-19f2,4,lower,manual,50.0,2500000.0,-7.2337279922353215,-9.641346904627664,0,0,0
ch4-lower-edge-narrow-pluto-19f2-20260811T024157Z,ch4-lower-edge-narrow-pluto-19f2-20260811T024157Z.json,2026-08-11,pluto-19f2,4,lower,slow_attack,,2500000.0,-12.487080264439513,-12.370860926151462,1,1,1
ch4-lower-edge-narrow-pluto-19f2-20260811T024403Z,ch4-lower-edge-narrow-pluto-19f2-20260811T024403Z.json,2026-08-11,pluto-19f2,4,lower,slow_attack,,2500000.0,-12.606211523663891,-12.602705771596165,2,0,0
ch4-lower-edge-narrow-pluto-19f2-20260811T024609Z,ch4-lower-edge-narrow-pluto-19f2-20260811T024609Z.json,2026-08-11,pluto-19f2,4,lower,manual,50.0,2500000.0,-6.804736926966578,-9.071299811947922,1,1,1
ch4-lower-edge-narrow-pluto-19f2-20260811T024813Z,ch4-lower-edge-narrow-pluto-19f2-20260811T024813Z.json,2026-08-11,pluto-19f2,4,lower,manual,50.0,2500000.0,-6.250939971584886,-8.595166639162855,3,3,2
ch4-lower-edge-narrow-pluto-19f2-20260811T025017Z,ch4-lower-edge-narrow-pluto-19f2-20260811T025017Z.json,2026-08-11,pluto-19f2,4,lower,slow_attack,,2500000.0,-12.600842564460315,-12.285338128187444,5,0,0
ch4-lower-edge-narrow-pluto-19f2-20260811T025223Z,ch4-lower-edge-narrow-pluto-19f2-20260811T025223Z.json,2026-08-11,pluto-19f2,4,lower,slow_attack,,2500000.0,-12.520479102901964,-12.517725575683595,1,1,1
ch4-lower-edge-narrow-pluto-19f2-20260811T025429Z,ch4-lower-edge-narrow-pluto-19f2-20260811T025429Z.json,2026-08-11,pluto-19f2,4,lower,slow_attack,,2500000.0,-12.517287994013142,-12.430249567035833,3,2,1
ch4-lower-edge-narrow-pluto-19f2-20260811T025635Z,ch4-lower-edge-narrow-pluto-19f2-20260811T025635Z.json,2026-08-11,pluto-19f2,4,lower,manual,50.0,2500000.0,-7.08201571562981,-9.464989763792737,2,1,0
ch4-lower-edge-narrow-pluto-19f2-20260811T025838Z,ch4-lower-edge-narrow-pluto-19f2-20260811T025838Z.json,2026-08-11,pluto-19f2,4,lower,slow_attack,,2500000.0,-12.485784146612517,-12.282274450810615,3,0,0
ch4-lower-edge-narrow-pluto-19f2-20260811T030045Z,ch4-lower-edge-narrow-pluto-19f2-20260811T030045Z.json,2026-08-11,pluto-19f2,4,lower,manual,50.0,2500000.0,-7.065652614040329,-9.476557881299303,1,0,0
ch4-lower-edge-narrow-pluto-19f2-20260811T030249Z,ch4-lower-edge-narrow-pluto-19f2-20260811T030249Z.json,2026-08-11,pluto-19f2,4,lower,manual,50.0,2500000.0,-6.353746633187063,-8.71149687810022,0,0,0
ch4-lower-edge-narrow-pluto-19f2-20260811T030453Z,ch4-lower-edge-narrow-pluto-19f2-20260811T030453Z.json,2026-08-11,pluto-19f2,4,lower,manual,50.0,2500000.0,-6.9120981412024465,-9.345156138079997,1,1,1
ch4-lower-edge-narrow-pluto-19f2-20260811T030657Z,ch4-lower-edge-narrow-pluto-19f2-20260811T030657Z.json,2026-08-11,pluto-19f2,4,lower,slow_attack,,2500000.0,-12.47885666503561,-12.540569583786167,1,1,1
ch4-lower-edge-narrow-pluto-19f2-20260811T030904Z,ch4-lower-edge-narrow-pluto-19f2-20260811T030904Z.json,2026-08-11,pluto-19f2,4,lower,manual,50.0,2500000.0,-6.586809384848044,-8.758169561771673,2,2,1
ch4-lower-edge-narrow-pluto-19f2-20260811T035127Z,ch4-lower-edge-narrow-pluto-19f2-20260811T035127Z.json,2026-08-11,pluto-19f2,4,lower,manual,50.0,2500000.0,-6.825681277653023,-9.14393630916716,0,0,0
ch4-lower-edge-narrow-pluto-19f2-20260811T035335Z,ch4-lower-edge-narrow-pluto-19f2-20260811T035335Z.json,2026-08-11,pluto-19f2,4,lower,manual,50.0,2500000.0,-7.160039047971942,-9.556861855189538,1,0,0
ch4-lower-edge-narrow-pluto-19f2-20260811T035544Z,ch4-lower-edge-narrow-pluto-19f2-20260811T035544Z.json,2026-08-11,pluto-19f2,4,lower,manual,50.0,2500000.0,-6.915354009661314,-9.21668199045077,2,2,1
ch4-lower-edge-narrow-pluto-19f2-20260811T035753Z,ch4-lower-edge-narrow-pluto-19f2-20260811T035753Z.json,2026-08-11,pluto-19f2,4,lower,slow_attack,,2500000.0,-12.570189009013292,-12.465158509476948,2,0,0
ch4-lower-edge-narrow-pluto-19f2-20260811T040003Z,ch4-lower-edge-narrow-pluto-19f2-20260811T040003Z.json,2026-08-11,pluto-19f2,4,lower,slow_attack,,2500000.0,-12.66857488131317,-12.428591926263286,2,0,0
ch4-lower-edge-narrow-pluto-19f2-20260811T040211Z,ch4-lower-edge-narrow-pluto-19f2-20260811T040211Z.json,2026-08-11,pluto-19f2,4,lower,slow_attack,,2500000.0,-12.165188870538676,-12.501343007428208,0,0,0
ch4-lower-edge-narrow-pluto-19f2-20260811T040430Z,ch4-lower-edge-narrow-pluto-19f2-20260811T040430Z.json,2026-08-11,pluto-19f2,4,lower,manual,50.0,2500000.0,-7.058484763377897,-9.4533879307598,1,0,0
ch4-lower-edge-narrow-pluto-19f2-20260811T040640Z,ch4-lower-edge-narrow-pluto-19f2-20260811T040640Z.json,2026-08-11,pluto-19f2,4,lower,slow_attack,,2500000.0,-12.706274859346156,-12.39921525452311,1,1,0
ch4-lower-edge-narrow-pluto-19f2-20260811T040850Z,ch4-lower-edge-narrow-pluto-19f2-20260811T040850Z.json,2026-08-11,pluto-19f2,4,lower,slow_attack,,2500000.0,-12.644412686691487,-12.421038450168446,2,0,0
ch4-lower-edge-narrow-pluto-19f2-20260811T041058Z,ch4-lower-edge-narrow-pluto-19f2-20260811T041058Z.json,2026-08-11,pluto-19f2,4,lower,manual,50.0,2500000.0,-6.704105914867048,-9.059212565906565,1,1,1
ch4-lower-edge-narrow-pluto-19f2-20260811T041303Z,ch4-lower-edge-narrow-pluto-19f2-20260811T041303Z.json,2026-08-11,pluto-19f2,4,lower,slow_attack,,2500000.0,-12.596700194497398,-12.516543488861219,1,0,0
ch4-lower-edge-narrow-pluto-19f2-20260811T041509Z,ch4-lower-edge-narrow-pluto-19f2-20260811T041509Z.json,2026-08-11,pluto-19f2,4,lower,manual,50.0,2500000.0,-6.949137720186725,-9.244617785353551,4,0,0
ch4-lower-edge-narrow-pluto-19f2-20260811T041713Z,ch4-lower-edge-narrow-pluto-19f2-20260811T041713Z.json,2026-08-11,pluto-19f2,4,lower,manual,50.0,2500000.0,-7.018381780431032,-9.34331487805257,5,0,0
ch4-lower-edge-narrow-pluto-19f2-20260811T041918Z,ch4-lower-edge-narrow-pluto-19f2-20260811T041918Z.json,2026-08-11,pluto-19f2,4,lower,slow_attack,,2500000.0,-12.555756562989442,-12.3907374566282,1,1,0
ch4-lower-edge-narrow-pluto-19f2-20260811T042124Z,ch4-lower-edge-narrow-pluto-19f2-20260811T042124Z.json,2026-08-11,pluto-19f2,4,lower,manual,50.0,2500000.0,-7.0865211618176325,-9.447471161234844,1,1,1
ch4-lower-edge-narrow-pluto-19f2-20260811T042328Z,ch4-lower-edge-narrow-pluto-19f2-20260811T042328Z.json,2026-08-11,pluto-19f2,4,lower,slow_attack,,2500000.0,-12.65271952681799,-12.36101551251797,6,1,0
ch4-lower-edge-narrow-pluto-19f2-20260811T042534Z,ch4-lower-edge-narrow-pluto-19f2-20260811T042534Z.json,2026-08-11,pluto-19f2,4,lower,slow_attack,,2500000.0,-12.405996271384495,-12.49257480883598,1,0,0
ch4-lower-edge-narrow-pluto-19f2-20260811T042741Z,ch4-lower-edge-narrow-pluto-19f2-20260811T042741Z.json,2026-08-11,pluto-19f2,4,lower,slow_attack,,2500000.0,-12.598884054137674,-12.32577525887171,4,4,1
ch4-lower-edge-narrow-pluto-19f2-20260811T042947Z,ch4-lower-edge-narrow-pluto-19f2-20260811T042947Z.json,2026-08-11,pluto-19f2,4,lower,slow_attack,,2500000.0,-12.74903809620544,-12.319361795139905,1,1,1
ch4-lower-edge-narrow-pluto-19f2-20260811T043154Z,ch4-lower-edge-narrow-pluto-19f2-20260811T043154Z.json,2026-08-11,pluto-19f2,4,lower,slow_attack,,2500000.0,-12.380580921985214,-12.4286010864995,3,2,0
ch4-lower-edge-narrow-pluto-19f2-20260811T043401Z,ch4-lower-edge-narrow-pluto-19f2-20260811T043401Z.json,2026-08-11,pluto-19f2,4,lower,slow_attack,,2500000.0,-12.344205635068002,-12.543366730469591,6,0,0
ch4-lower-edge-narrow-pluto-19f2-20260811T043606Z,ch4-lower-edge-narrow-pluto-19f2-20260811T043606Z.json,2026-08-11,pluto-19f2,4,lower,slow_attack,,2500000.0,-12.549369525440586,-12.486204998624133,2,2,1
ch4-lower-edge-narrow-pluto-19f2-20260811T043812Z,ch4-lower-edge-narrow-pluto-19f2-20260811T043812Z.json,2026-08-11,pluto-19f2,4,lower,slow_attack,,2500000.0,-12.721029233128597,-12.411405461383744,2,2,2
ch4-lower-edge-narrow-pluto-19f2-20260811T044018Z,ch4-lower-edge-narrow-pluto-19f2-20260811T044018Z.json,2026-08-11,pluto-19f2,4,lower,manual,50.0,2500000.0,-6.563113195628304,-8.887420959455845,2,2,1
ch4-lower-edge-narrow-pluto-19f2-20260811T044222Z,ch4-lower-edge-narrow-pluto-19f2-20260811T044222Z.json,2026-08-11,pluto-19f2,4,lower,manual,50.0,2500000.0,-7.164813791825143,-9.512848538768353,3,0,0
ch4-lower-edge-narrow-pluto-19f2-20260811T044427Z,ch4-lower-edge-narrow-pluto-19f2-20260811T044427Z.json,2026-08-11,pluto-19f2,4,lower,manual,50.0,2500000.0,-7.105931673556645,-9.461389843705733,4,1,0
ch4-lower-edge-narrow-pluto-19f2-20260811T044631Z,ch4-lower-edge-narrow-pluto-19f2-20260811T044631Z.json,2026-08-11,pluto-19f2,4,lower,manual,50.0,2500000.0,-6.971042704931854,-9.300373530304853,1,1,1
ch4-lower-edge-narrow-pluto-19f2-20260811T044834Z,ch4-lower-edge-narrow-pluto-19f2-20260811T044834Z.json,2026-08-11,pluto-19f2,4,lower,manual,50.0,2500000.0,-7.246991730063726,-9.590309620875278,3,0,0
ch4-lower-edge-narrow-pluto-19f2-20260811T045041Z,ch4-lower-edge-narrow-pluto-19f2-20260811T045041Z.json,2026-08-11,pluto-19f2,4,lower,slow_attack,,2500000.0,-12.389463023968595,-12.489725305420823,5,0,0
ch4-lower-edge-narrow-pluto-19f2-20260811T045248Z,ch4-lower-edge-narrow-pluto-19f2-20260811T045248Z.json,2026-08-11,pluto-19f2,4,lower,manual,50.0,2500000.0,-7.406660292459641,-9.833177659110884,1,0,0
ch4-lower-edge-narrow-pluto-19f2-20260811T050828Z,ch4-lower-edge-narrow-pluto-19f2-20260811T050828Z.json,2026-08-11,pluto-19f2,4,lower,slow_attack,,2500000.0,-12.316534368593889,-12.57434091440551,0,0,0
ch4-lower-edge-narrow-pluto-19f2-20260811T052200Z,ch4-lower-edge-narrow-pluto-19f2-20260811T052200Z.json,2026-08-11,pluto-19f2,4,lower,slow_attack,,2500000.0,-12.536732966023916,-12.825626371790982,3,0,0
ch4-lower-edge-narrow-pluto-19f2-20260811T052917Z,ch4-lower-edge-narrow-pluto-19f2-20260811T052917Z.json,2026-08-11,pluto-19f2,4,lower,slow_attack,,2500000.0,-12.49683515726511,-12.743138971651732,3,3,1
ch4-lower-edge-narrow-pluto-19f2-20260811T055237Z,ch4-lower-edge-narrow-pluto-19f2-20260811T055237Z.json,2026-08-11,pluto-19f2,4,lower,manual,50.0,2500000.0,-7.320378465102685,-9.418189229946716,2,2,1
ch4-lower-edge-narrow-pluto-19f2-20260811T060305Z,ch4-lower-edge-narrow-pluto-19f2-20260811T060305Z.json,2026-08-11,pluto-19f2,4,lower,slow_attack,,2500000.0,-12.587395041165383,-12.889515276828229,5,0,0
ch4-lower-edge-narrow-pluto-19f2-20260811T061128Z,ch4-lower-edge-narrow-pluto-19f2-20260811T061128Z.json,2026-08-11,pluto-19f2,4,lower,slow_attack,,2500000.0,-12.55609821201137,-12.619941379719656,2,2,1
ch4-lower-edge-narrow-pluto-19f2-20260811T061334Z,ch4-lower-edge-narrow-pluto-19f2-20260811T061334Z.json,2026-08-11,pluto-19f2,4,lower,manual,50.0,2500000.0,-7.617449146496486,-10.004484557596957,1,1,0
ch4-lower-edge-narrow-pluto-19f2-20260811T065118Z,ch4-lower-edge-narrow-pluto-19f2-20260811T065118Z.json,2026-08-11,pluto-19f2,4,lower,slow_attack,,2500000.0,-12.595300066463764,-12.908579861072031,2,2,1
ch4-lower-edge-narrow-pluto-19f2-20260811T065944Z,ch4-lower-edge-narrow-pluto-19f2-20260811T065944Z.json,2026-08-11,pluto-19f2,4,lower,slow_attack,,2500000.0,-11.996684969340038,-12.451814806290267,4,0,0
ch4-lower-edge-narrow-pluto-19f2-20260811T070150Z,ch4-lower-edge-narrow-pluto-19f2-20260811T070150Z.json,2026-08-11,pluto-19f2,4,lower,slow_attack,,2500000.0,-12.454239066752981,-12.697197568717522,1,1,0
ch4-lower-edge-narrow-pluto-19f2-20260811T072037Z,ch4-lower-edge-narrow-pluto-19f2-20260811T072037Z.json,2026-08-11,pluto-19f2,4,lower,slow_attack,,2500000.0,-12.246333262236021,-12.363789790503873,2,0,0
ch4-lower-edge-narrow-pluto-19f2-20260811T072858Z,ch4-lower-edge-narrow-pluto-19f2-20260811T072858Z.json,2026-08-11,pluto-19f2,4,lower,manual,50.0,2500000.0,-7.885352930890335,-10.313244071270248,1,0,0
ch4-lower-edge-narrow-pluto-19f2-20260811T074953Z,ch4-lower-edge-narrow-pluto-19f2-20260811T074953Z.json,2026-08-11,pluto-19f2,4,lower,slow_attack,,2500000.0,-12.612753054735169,-12.843179527414485,2,0,0
ch4-lower-edge-narrow-pluto-19f2-20260811T080019Z,ch4-lower-edge-narrow-pluto-19f2-20260811T080019Z.json,2026-08-11,pluto-19f2,4,lower,slow_attack,,2500000.0,-12.162424125755527,-12.296436199255554,1,0,0
ch4-lower-edge-narrow-pluto-19f2-20260811T081050Z,ch4-lower-edge-narrow-pluto-19f2-20260811T081050Z.json,2026-08-11,pluto-19f2,4,lower,slow_attack,,2500000.0,-12.16747769419383,-12.226234241942635,1,0,0
ch4-lower-edge-narrow-pluto-19f2-20260811T082120Z,ch4-lower-edge-narrow-pluto-19f2-20260811T082120Z.json,2026-08-11,pluto-19f2,4,lower,manual,50.0,2500000.0,-7.839030153067404,-10.280473962661262,3,0,0
ch4-lower-edge-narrow-pluto-19f2-20260811T091548Z,ch4-lower-edge-narrow-pluto-19f2-20260811T091548Z.json,2026-08-11,pluto-19f2,4,lower,manual,50.0,2500000.0,-7.507780569275018,-9.734802801007076,1,1,1
ch4-lower-edge-narrow-pluto-19f2-20260811T092411Z,ch4-lower-edge-narrow-pluto-19f2-20260811T092411Z.json,2026-08-11,pluto-19f2,4,lower,slow_attack,,2500000.0,-12.446110199602732,-12.651971211656303,1,1,1
ch4-lower-edge-narrow-pluto-19f2-20260811T093030Z,ch4-lower-edge-narrow-pluto-19f2-20260811T093030Z.json,2026-08-11,pluto-19f2,4,lower,slow_attack,,2500000.0,-12.633537982571202,-12.74447163885187,2,2,1
ch4-lower-edge-narrow-pluto-19f2-20260811T093648Z,ch4-lower-edge-narrow-pluto-19f2-20260811T093648Z.json,2026-08-11,pluto-19f2,4,lower,manual,50.0,2500000.0,-7.45348249602854,-9.605757883310226,1,1,1
ch4-lower-edge-narrow-pluto-19f2-20260811T095744Z,ch4-lower-edge-narrow-pluto-19f2-20260811T095744Z.json,2026-08-11,pluto-19f2,4,lower,slow_attack,,2500000.0,-12.251222698943142,-12.441442564052554,0,0,0
ch4-lower-edge-narrow-pluto-19f2-20260811T103726Z,ch4-lower-edge-narrow-pluto-19f2-20260811T103726Z.json,2026-08-11,pluto-19f2,4,lower,manual,50.0,2500000.0,-8.020022805179844,-10.408621341067816,1,0,0
ch4-lower-edge-narrow-pluto-19f2-20260811T103930Z,ch4-lower-edge-narrow-pluto-19f2-20260811T103930Z.json,2026-08-11,pluto-19f2,4,lower,slow_attack,,2500000.0,-12.33011631347972,-12.39450324946378,3,3,2
ch4-lower-edge-narrow-pluto-19f2-20260811T104751Z,ch4-lower-edge-narrow-pluto-19f2-20260811T104751Z.json,2026-08-11,pluto-19f2,4,lower,slow_attack,,2500000.0,-12.189246473191782,-12.242413028662334,0,0,0
ch4-lower-edge-narrow-pluto-19f2-20260811T105407Z,ch4-lower-edge-narrow-pluto-19f2-20260811T105407Z.json,2026-08-11,pluto-19f2,4,lower,manual,50.0,2500000.0,-8.052967009202938,-10.453926070177403,1,0,0
ch4-lower-edge-narrow-pluto-19f2-20260811T111912Z,ch4-lower-edge-narrow-pluto-19f2-20260811T111912Z.json,2026-08-11,pluto-19f2,4,lower,slow_attack,,2500000.0,-12.480577594701156,-12.824430985241648,2,2,1
ch4-lower-edge-narrow-pluto-19f2-20260811T112325Z,ch4-lower-edge-narrow-pluto-19f2-20260811T112325Z.json,2026-08-11,pluto-19f2,4,lower,manual,50.0,2500000.0,-7.354490731924654,-9.665249932414376,2,2,1
ch4-lower-edge-narrow-pluto-19f2-20260811T115449Z,ch4-lower-edge-narrow-pluto-19f2-20260811T115449Z.json,2026-08-11,pluto-19f2,4,lower,slow_attack,,2500000.0,-12.396328804760586,-12.555291575908786,3,3,1
ch4-lower-edge-narrow-pluto-19f2-20260811T115655Z,ch4-lower-edge-narrow-pluto-19f2-20260811T115655Z.json,2026-08-11,pluto-19f2,4,lower,slow_attack,,2500000.0,-12.360440441208155,-12.551463893216946,1,1,1
ch4-lower-edge-narrow-pluto-19f2-20260811T120108Z,ch4-lower-edge-narrow-pluto-19f2-20260811T120108Z.json,2026-08-11,pluto-19f2,4,lower,slow_attack,,2500000.0,-12.582966138510162,-12.902417609607404,2,2,1
ch4-lower-edge-narrow-pluto-19f2-20260811T124052Z,ch4-lower-edge-narrow-pluto-19f2-20260811T124052Z.json,2026-08-11,pluto-19f2,4,lower,manual,50.0,2500000.0,-8.052175735620516,-10.502156339785113,1,0,0
ch4-lower-edge-narrow-pluto-19f2-20260811T124257Z,ch4-lower-edge-narrow-pluto-19f2-20260811T124257Z.json,2026-08-11,pluto-19f2,4,lower,manual,50.0,2500000.0,-7.704064764341572,-10.147270801109325,0,0,0
ch4-lower-edge-narrow-pluto-19f2-20260811T132449Z,ch4-lower-edge-narrow-pluto-19f2-20260811T132449Z.json,2026-08-11,pluto-19f2,4,lower,slow_attack,,2500000.0,-12.635750845937501,-13.002319967067946,0,0,0
ch4-lower-edge-narrow-pluto-19f2-20260811T132656Z,ch4-lower-edge-narrow-pluto-19f2-20260811T132656Z.json,2026-08-11,pluto-19f2,4,lower,slow_attack,,2500000.0,-12.475316011794277,-12.663621515950831,3,2,0
ch4-lower-edge-narrow-pluto-19f2-20260811T135658Z,ch4-lower-edge-narrow-pluto-19f2-20260811T135658Z.json,2026-08-11,pluto-19f2,4,lower,slow_attack,,2500000.0,-12.743541120962625,-12.936920910935699,2,2,1
ch4-lower-edge-narrow-pluto-19f2-20260811T142405Z,ch4-lower-edge-narrow-pluto-19f2-20260811T142405Z.json,2026-08-11,pluto-19f2,4,lower,slow_attack,,2500000.0,-12.57018046928642,-12.937590868553832,3,0,0
ch4-lower-edge-narrow-pluto-19f2-20260811T151043Z,ch4-lower-edge-narrow-pluto-19f2-20260811T151043Z.json,2026-08-11,pluto-19f2,4,lower,manual,50.0,2500000.0,-7.675020747097243,-10.053590233537461,1,1,1
ch4-lower-edge-narrow-pluto-19f2-20260811T152111Z,ch4-lower-edge-narrow-pluto-19f2-20260811T152111Z.json,2026-08-11,pluto-19f2,4,lower,slow_attack,,2500000.0,-12.4102063890196,-12.42043514064008,2,2,1
ch4-lower-edge-narrow-pluto-19f2-20260811T161525Z,ch4-lower-edge-narrow-pluto-19f2-20260811T161525Z.json,2026-08-11,pluto-19f2,4,lower,manual,50.0,2500000.0,-7.9261000242329915,-10.307269119992686,2,0,0
ch4-lower-edge-narrow-pluto-19f2-20260811T171132Z,ch4-lower-edge-narrow-pluto-19f2-20260811T171132Z.json,2026-08-11,pluto-19f2,4,lower,manual,50.0,2500000.0,-7.566759023483176,-10.087224905053107,2,0,0
ch4-lower-edge-narrow-pluto-19f2-20260811T171337Z,ch4-lower-edge-narrow-pluto-19f2-20260811T171337Z.json,2026-08-11,pluto-19f2,4,lower,manual,50.0,2500000.0,-7.584941800131641,-10.101701427522228,1,0,0
ch4-lower-edge-narrow-pluto-19f2-20260811T172633Z,ch4-lower-edge-narrow-pluto-19f2-20260811T172633Z.json,2026-08-11,pluto-19f2,4,lower,manual,50.0,2500000.0,-7.386538027545818,-9.846666176095217,3,0,0
ch4-lower-edge-narrow-pluto-19f2-20260811T173057Z,ch4-lower-edge-narrow-pluto-19f2-20260811T173057Z.json,2026-08-11,pluto-19f2,4,lower,manual,50.0,2500000.0,-7.428923398618226,-9.93283158744627,1,1,0
ch4-lower-edge-narrow-pluto-19f2-20260811T175644Z,ch4-lower-edge-narrow-pluto-19f2-20260811T175644Z.json,2026-08-11,pluto-19f2,4,lower,slow_attack,,2500000.0,-12.5058844307562,-12.38221219883862,1,1,1
ch4-lower-edge-narrow-pluto-19f2-20260811T180720Z,ch4-lower-edge-narrow-pluto-19f2-20260811T180720Z.json,2026-08-11,pluto-19f2,4,lower,slow_attack,,2500000.0,-12.360653568433747,-12.717404366239979,0,0,0
ch4-lower-edge-narrow-pluto-19f2-20260811T181142Z,ch4-lower-edge-narrow-pluto-19f2-20260811T181142Z.json,2026-08-11,pluto-19f2,4,lower,manual,50.0,2500000.0,-7.5255478080553075,-10.057223738889235,1,0,0
ch4-lower-edge-narrow-pluto-19f2-20260811T181824Z,ch4-lower-edge-narrow-pluto-19f2-20260811T181824Z.json,2026-08-11,pluto-19f2,4,lower,slow_attack,,2500000.0,-12.580260983511804,-12.609887653735552,2,2,1
ch4-lower-edge-narrow-pluto-19f2-20260811T182938Z,ch4-lower-edge-narrow-pluto-19f2-20260811T182938Z.json,2026-08-11,pluto-19f2,4,lower,manual,50.0,2500000.0,-7.573485576544288,-10.136713338301067,1,1,1
ch4-lower-edge-narrow-pluto-19f2-20260811T184241Z,ch4-lower-edge-narrow-pluto-19f2-20260811T184241Z.json,2026-08-11,pluto-19f2,4,lower,manual,50.0,2500000.0,-7.3518720648949625,-9.868206865993542,3,0,0
ch4-lower-edge-narrow-pluto-19f2-20260811T191855Z,ch4-lower-edge-narrow-pluto-19f2-20260811T191855Z.json,2026-08-11,pluto-19f2,4,lower,slow_attack,,2500000.0,-12.587734208380057,-12.843659587185437,2,1,0
ch4-lower-edge-narrow-pluto-19f2-20260811T195917Z,ch4-lower-edge-narrow-pluto-19f2-20260811T195917Z.json,2026-08-11,pluto-19f2,4,lower,slow_attack,,2500000.0,-12.095616616471219,-12.248795711703702,4,0,0
ch4-lower-edge-narrow-pluto-19f2-20260811T202251Z,ch4-lower-edge-narrow-pluto-19f2-20260811T202251Z.json,2026-08-11,pluto-19f2,4,lower,slow_attack,,2500000.0,-12.55925176369396,-12.597051333786952,3,1,0
ch4-lower-edge-narrow-pluto-19f2-20260811T210532Z,ch4-lower-edge-narrow-pluto-19f2-20260811T210532Z.json,2026-08-11,pluto-19f2,4,lower,slow_attack,,2500000.0,-12.528607834112574,-12.39564099638705,2,2,1
ch4-lower-edge-narrow-pluto-19f2-20260811T221625Z,ch4-lower-edge-narrow-pluto-19f2-20260811T221625Z.json,2026-08-11,pluto-19f2,4,lower,slow_attack,,2500000.0,-12.388393441872687,-12.676117184555185,2,0,0
ch4-lower-edge-narrow-pluto-19f2-20260812T000151Z,ch4-lower-edge-narrow-pluto-19f2-20260812T000151Z.json,2026-08-12,pluto-19f2,4,lower,manual,50.0,2500000.0,-7.340102646916593,-9.790120046024857,1,0,0
ch4-lower-edge-narrow-pluto-19f2-20260812T001648Z,ch4-lower-edge-narrow-pluto-19f2-20260812T001648Z.json,2026-08-12,pluto-19f2,4,lower,manual,50.0,2500000.0,-7.332370622929213,-9.824388603320514,1,0,0
ch4-lower-edge-narrow-pluto-19f2-20260812T002814Z,ch4-lower-edge-narrow-pluto-19f2-20260812T002814Z.json,2026-08-12,pluto-19f2,4,lower,slow_attack,,2500000.0,-12.548861249349642,-12.434794530861549,1,1,1
ch4-lower-edge-narrow-pluto-19f2-20260812T012051Z,ch4-lower-edge-narrow-pluto-19f2-20260812T012051Z.json,2026-08-12,pluto-19f2,4,lower,manual,50.0,2500000.0,-7.171859785903212,-9.650942121195223,3,0,0
ch4-lower-edge-narrow-pluto-19f2-20260812T013217Z,ch4-lower-edge-narrow-pluto-19f2-20260812T013217Z.json,2026-08-12,pluto-19f2,4,lower,manual,50.0,2500000.0,-7.091187104105407,-9.50420872011891,1,1,0
ch4-lower-edge-narrow-pluto-19f2-20260812T032849Z,ch4-lower-edge-narrow-pluto-19f2-20260812T032849Z.json,2026-08-12,pluto-19f2,4,lower,slow_attack,,2500000.0,-12.320430832195841,-12.382463421823589,1,0,0
ch4-lower-edge-narrow-pluto-19f2-20260812T055207Z,ch4-lower-edge-narrow-pluto-19f2-20260812T055207Z.json,2026-08-12,pluto-19f2,4,lower,slow_attack,,2500000.0,-12.612341585804934,-12.589413584806785,0,0,0
ch4-lower-edge-narrow-pluto-19f2-20260812T061450Z,ch4-lower-edge-narrow-pluto-19f2-20260812T061450Z.json,2026-08-12,pluto-19f2,4,lower,slow_attack,,2500000.0,-12.323054775521662,-12.588621649957021,0,0,0
ch4-lower-edge-narrow-pluto-19f2-20260812T072645Z,ch4-lower-edge-narrow-pluto-19f2-20260812T072645Z.json,2026-08-12,pluto-19f2,4,lower,slow_attack,,2500000.0,-12.130324888613295,-12.191983439855417,2,2,1
ch4-lower-edge-narrow-pluto-19f2-20260812T073033Z,ch4-lower-edge-narrow-pluto-19f2-20260812T073033Z.json,2026-08-12,pluto-19f2,4,lower,manual,50.0,2500000.0,-7.516451222323434,-9.956700429520907,2,2,1
ch4-lower-edge-narrow-pluto-19f2-20260812T083108Z,ch4-lower-edge-narrow-pluto-19f2-20260812T083108Z.json,2026-08-12,pluto-19f2,4,lower,slow_attack,,2500000.0,-12.325809475848772,-12.649462768764808,2,0,0
ch4-lower-edge-narrow-pluto-19f2-20260812T085743Z,ch4-lower-edge-narrow-pluto-19f2-20260812T085743Z.json,2026-08-12,pluto-19f2,4,lower,slow_attack,,2500000.0,-12.485789323660256,-12.2342834295231,3,3,2
ch4-lower-edge-narrow-pluto-19f2-20260812T090517Z,ch4-lower-edge-narrow-pluto-19f2-20260812T090517Z.json,2026-08-12,pluto-19f2,4,lower,slow_attack,,2500000.0,-12.295158609346053,-12.884527766222407,0,0,0
ch4-lower-edge-narrow-pluto-19f2-20260812T093535Z,ch4-lower-edge-narrow-pluto-19f2-20260812T093535Z.json,2026-08-12,pluto-19f2,4,lower,manual,50.0,2500000.0,-7.33486545479849,-9.666376434393818,0,0,0
ch4-lower-edge-narrow-pluto-19f2-20260812T093921Z,ch4-lower-edge-narrow-pluto-19f2-20260812T093921Z.json,2026-08-12,pluto-19f2,4,lower,manual,50.0,2500000.0,-7.584537061579586,-10.062413244847795,3,0,0
ch4-lower-edge-narrow-pluto-19f2-20260812T095432Z,ch4-lower-edge-narrow-pluto-19f2-20260812T095432Z.json,2026-08-12,pluto-19f2,4,lower,slow_attack,,2500000.0,-12.374922727068967,-12.602255019769357,6,0,0
ch4-lower-edge-narrow-pluto-19f2-20260812T103229Z,ch4-lower-edge-narrow-pluto-19f2-20260812T103229Z.json,2026-08-12,pluto-19f2,4,lower,manual,50.0,2500000.0,-7.4229328141614905,-9.900806757735875,1,1,0
ch4-lower-edge-narrow-pluto-19f2-20260812T103615Z,ch4-lower-edge-narrow-pluto-19f2-20260812T103615Z.json,2026-08-12,pluto-19f2,4,lower,slow_attack,,2500000.0,-12.548694691851532,-12.24710935920385,2,0,0
ch4-lower-edge-narrow-pluto-19f2-20260812T104003Z,ch4-lower-edge-narrow-pluto-19f2-20260812T104003Z.json,2026-08-12,pluto-19f2,4,lower,manual,50.0,2500000.0,-7.463912567841008,-9.920018458676175,1,1,0
ch4-lower-edge-narrow-pluto-19f2-20260812T105858Z,ch4-lower-edge-narrow-pluto-19f2-20260812T105858Z.json,2026-08-12,pluto-19f2,4,lower,manual,50.0,2500000.0,-7.530292754346646,-10.006425478246047,4,0,0
ch4-lower-edge-narrow-pluto-19f2-20260812T110244Z,ch4-lower-edge-narrow-pluto-19f2-20260812T110244Z.json,2026-08-12,pluto-19f2,4,lower,manual,50.0,2500000.0,-7.544410807275447,-9.977201260630263,5,0,0
ch4-lower-edge-narrow-pluto-19f2-20260812T111016Z,ch4-lower-edge-narrow-pluto-19f2-20260812T111016Z.json,2026-08-12,pluto-19f2,4,lower,manual,50.0,2500000.0,-7.636958368485437,-10.05983454525735,0,0,0
ch4-lower-edge-narrow-pluto-19f2-20260812T111748Z,ch4-lower-edge-narrow-pluto-19f2-20260812T111748Z.json,2026-08-12,pluto-19f2,4,lower,manual,50.0,2500000.0,-7.745202452942081,-10.231606678931778,0,0,0
ch4-lower-edge-narrow-pluto-19f2-20260812T114807Z,ch4-lower-edge-narrow-pluto-19f2-20260812T114807Z.json,2026-08-12,pluto-19f2,4,lower,manual,50.0,2500000.0,-7.417933521839361,-9.834360104352557,2,2,1
ch4-lower-edge-narrow-pluto-19f2-20260812T123722Z,ch4-lower-edge-narrow-pluto-19f2-20260812T123722Z.json,2026-08-12,pluto-19f2,4,lower,manual,50.0,2500000.0,-7.681138649525772,-10.186655008618972,0,0,0
ch4-lower-edge-narrow-pluto-19f2-20260812T130357Z,ch4-lower-edge-narrow-pluto-19f2-20260812T130357Z.json,2026-08-12,pluto-19f2,4,lower,manual,50.0,2500000.0,-7.318132970586266,-9.646157688271318,4,4,2
ch4-lower-edge-narrow-pluto-19f2-20260812T132255Z,ch4-lower-edge-narrow-pluto-19f2-20260812T132255Z.json,2026-08-12,pluto-19f2,4,lower,manual,50.0,2500000.0,-7.709584949123277,-10.204473343567015,1,0,0
ch4-lower-edge-narrow-pluto-19f2-20260812T135311Z,ch4-lower-edge-narrow-pluto-19f2-20260812T135311Z.json,2026-08-12,pluto-19f2,4,lower,manual,50.0,2500000.0,-7.086683645191799,-9.457658497686355,2,2,1
ch4-lower-edge-narrow-pluto-19f2-20260812T135657Z,ch4-lower-edge-narrow-pluto-19f2-20260812T135657Z.json,2026-08-12,pluto-19f2,4,lower,manual,50.0,2500000.0,-7.5960048365090955,-10.071313031770634,2,0,0
ch4-lower-edge-narrow-pluto-19f2-20260812T142334Z,ch4-lower-edge-narrow-pluto-19f2-20260812T142334Z.json,2026-08-12,pluto-19f2,4,lower,slow_attack,,2500000.0,-12.4636119148638,-12.695125349737639,1,1,1
ch4-lower-edge-narrow-pluto-19f2-20260812T142722Z,ch4-lower-edge-narrow-pluto-19f2-20260812T142722Z.json,2026-08-12,pluto-19f2,4,lower,slow_attack,,2500000.0,-12.419816423255499,-12.70932624926046,2,2,2
ch4-lower-edge-narrow-pluto-19f2-20260812T165551Z,ch4-lower-edge-narrow-pluto-19f2-20260812T165551Z.json,2026-08-12,pluto-19f2,4,lower,slow_attack,,2500000.0,-12.836904235416831,-12.409657451204122,0,0,0
ch4-lower-edge-narrow-pluto-19f2-20260812T173035Z,ch4-lower-edge-narrow-pluto-19f2-20260812T173035Z.json,2026-08-12,pluto-19f2,4,lower,manual,50.0,2500000.0,-8.363804113026541,-10.656793420087086,4,4,3
ch4-lower-edge-narrow-pluto-19f2-20260812T175002Z,ch4-lower-edge-narrow-pluto-19f2-20260812T175002Z.json,2026-08-12,pluto-19f2,4,lower,slow_attack,,2500000.0,-12.681861094721397,-12.536758747248108,1,0,0
ch4-lower-edge-narrow-pluto-19f2-20260812T175355Z,ch4-lower-edge-narrow-pluto-19f2-20260812T175355Z.json,2026-08-12,pluto-19f2,4,lower,slow_attack,,2500000.0,-13.066072382282417,-12.436398357352033,3,0,0
ch4-lower-edge-narrow-pluto-19f2-20260812T180143Z,ch4-lower-edge-narrow-pluto-19f2-20260812T180143Z.json,2026-08-12,pluto-19f2,4,lower,slow_attack,,2500000.0,-12.782553512439225,-12.687068729590331,1,1,1
ch4-lower-edge-narrow-pluto-19f2-20260812T182455Z,ch4-lower-edge-narrow-pluto-19f2-20260812T182455Z.json,2026-08-12,pluto-19f2,4,lower,manual,50.0,2500000.0,-7.9241357969863655,-10.148997241222453,1,1,1
ch4-lower-edge-narrow-pluto-19f2-20260812T182847Z,ch4-lower-edge-narrow-pluto-19f2-20260812T182847Z.json,2026-08-12,pluto-19f2,4,lower,manual,50.0,2500000.0,-7.602137384927177,-9.741208047201473,1,1,1
ch4-lower-edge-narrow-pluto-19f2-20260812T193436Z,ch4-lower-edge-narrow-pluto-19f2-20260812T193436Z.json,2026-08-12,pluto-19f2,4,lower,manual,50.0,2500000.0,-7.618443898213981,-9.712429869628231,1,1,1
ch4-lower-edge-narrow-pluto-19f2-20260812T195430Z,ch4-lower-edge-narrow-pluto-19f2-20260812T195430Z.json,2026-08-12,pluto-19f2,4,lower,slow_attack,,2500000.0,-12.632603100180917,-12.582094871185978,0,0,0
ch4-lower-edge-narrow-pluto-19f2-20260812T202136Z,ch4-lower-edge-narrow-pluto-19f2-20260812T202136Z.json,2026-08-12,pluto-19f2,4,lower,manual,50.0,2500000.0,-7.907241535287896,-10.121695868188155,0,0,0
ch4-lower-edge-narrow-pluto-19f2-20260812T210018Z,ch4-lower-edge-narrow-pluto-19f2-20260812T210018Z.json,2026-08-12,pluto-19f2,4,lower,slow_attack,,2500000.0,-12.483396888373266,-12.53031059223386,2,2,1
ch4-lower-edge-narrow-pluto-19f2-20260812T215811Z,ch4-lower-edge-narrow-pluto-19f2-20260812T215811Z.json,2026-08-12,pluto-19f2,4,lower,manual,50.0,2500000.0,-7.555995220203432,-9.752681872205507,2,0,0
ch4-lower-edge-narrow-pluto-19f2-20260812T221737Z,ch4-lower-edge-narrow-pluto-19f2-20260812T221737Z.json,2026-08-12,pluto-19f2,4,lower,manual,50.0,2500000.0,-7.649847923237822,-9.925345157516466,0,0,0
ch4-lower-edge-narrow-pluto-19f2-20260812T222522Z,ch4-lower-edge-narrow-pluto-19f2-20260812T222522Z.json,2026-08-12,pluto-19f2,4,lower,manual,50.0,2500000.0,-7.331183839893435,-9.50960508787379,4,4,2
ch4-lower-edge-narrow-pluto-19f2-20260813T002807Z,ch4-lower-edge-narrow-pluto-19f2-20260813T002807Z.json,2026-08-13,pluto-19f2,4,lower,slow_attack,,2500000.0,-12.474524345022662,-12.387057063753634,1,1,0
ch4-lower-edge-narrow-pluto-19f2-20260813T011359Z,ch4-lower-edge-narrow-pluto-19f2-20260813T011359Z.json,2026-08-13,pluto-19f2,4,lower,manual,50.0,2500000.0,-6.852829549911585,-8.965799325441557,9,1,0
ch4-lower-edge-narrow-pluto-19f2-20260813T011747Z,ch4-lower-edge-narrow-pluto-19f2-20260813T011747Z.json,2026-08-13,pluto-19f2,4,lower,manual,50.0,2500000.0,-7.214359342431558,-9.442370933062517,1,1,1
ch4-lower-edge-narrow-pluto-19f2-20260813T020808Z,ch4-lower-edge-narrow-pluto-19f2-20260813T020808Z.json,2026-08-13,pluto-19f2,4,lower,manual,50.0,2500000.0,-7.073747709699943,-9.339227694826134,3,0,0
ch4-lower-edge-narrow-pluto-19f2-20260813T023549Z,ch4-lower-edge-narrow-pluto-19f2-20260813T023549Z.json,2026-08-13,pluto-19f2,4,lower,manual,50.0,2500000.0,-6.968245220522662,-9.10972663058014,1,1,1
ch4-lower-edge-narrow-pluto-19f2-20260813T035102Z,ch4-lower-edge-narrow-pluto-19f2-20260813T035102Z.json,2026-08-13,pluto-19f2,4,lower,manual,50.0,2500000.0,-7.041163813328196,-9.401740086965551,4,0,0
ch4-lower-edge-narrow-pluto-19f2-20260813T035456Z,ch4-lower-edge-narrow-pluto-19f2-20260813T035456Z.json,2026-08-13,pluto-19f2,4,lower,manual,50.0,2500000.0,-7.161973702041724,-9.52766695591434,3,0,0
ch4-lower-edge-narrow-pluto-19f2-20260813T043422Z,ch4-lower-edge-narrow-pluto-19f2-20260813T043422Z.json,2026-08-13,pluto-19f2,4,lower,manual,50.0,2500000.0,-7.014534038783417,-9.36916179058092,2,2,1
ch4-lower-edge-narrow-pluto-19f2-20260813T060929Z,ch4-lower-edge-narrow-pluto-19f2-20260813T060929Z.json,2026-08-13,pluto-19f2,4,lower,manual,50.0,2500000.0,-6.7902466813512135,-9.669651935720063,1,1,1
ch4-lower-edge-narrow-pluto-19f2-20260813T061713Z,ch4-lower-edge-narrow-pluto-19f2-20260813T061713Z.json,2026-08-13,pluto-19f2,4,lower,slow_attack,,2500000.0,-12.440801076112562,-12.68272471044889,0,0,0
ch4-lower-edge-narrow-pluto-19f2-20260813T065247Z,ch4-lower-edge-narrow-pluto-19f2-20260813T065247Z.json,2026-08-13,pluto-19f2,4,lower,slow_attack,,2500000.0,-12.378996116469521,-12.809608948444263,0,0,0
ch4-lower-edge-narrow-pluto-19f2-20260813T083542Z,ch4-lower-edge-narrow-pluto-19f2-20260813T083542Z.json,2026-08-13,pluto-19f2,4,lower,slow_attack,,2500000.0,-12.271417727111727,-12.925023978537292,2,2,2
ch4-lower-edge-narrow-pluto-19f2-20260813T084344Z,ch4-lower-edge-narrow-pluto-19f2-20260813T084344Z.json,2026-08-13,pluto-19f2,4,lower,slow_attack,,2500000.0,-12.717678061134361,-12.55773659215185,5,0,0
ch4-lower-edge-narrow-pluto-19f2-20260813T084738Z,ch4-lower-edge-narrow-pluto-19f2-20260813T084738Z.json,2026-08-13,pluto-19f2,4,lower,slow_attack,,2500000.0,-12.699204830351928,-12.379666588834155,1,1,1
ch4-lower-edge-narrow-pluto-19f2-20260813T095406Z,ch4-lower-edge-narrow-pluto-19f2-20260813T095406Z.json,2026-08-13,pluto-19f2,4,lower,slow_attack,,2500000.0,-12.36376489958548,-12.277211372002919,2,0,0
ch4-lower-edge-narrow-pluto-19f2-20260813T101750Z,ch4-lower-edge-narrow-pluto-19f2-20260813T101750Z.json,2026-08-13,pluto-19f2,4,lower,manual,50.0,2500000.0,-7.013137739029735,-9.873694814267031,2,2,2
ch4-lower-edge-narrow-pluto-19f2-20260813T105751Z,ch4-lower-edge-narrow-pluto-19f2-20260813T105751Z.json,2026-08-13,pluto-19f2,4,lower,manual,50.0,2500000.0,-7.0669321066889745,-10.008771018709119,0,0,0
ch4-lower-edge-narrow-pluto-19f2-20260813T111327Z,ch4-lower-edge-narrow-pluto-19f2-20260813T111327Z.json,2026-08-13,pluto-19f2,4,lower,manual,50.0,2500000.0,-6.963588948425245,-10.069173229331408,1,1,1
ch4-lower-edge-narrow-pluto-19f2-20260813T112117Z,ch4-lower-edge-narrow-pluto-19f2-20260813T112117Z.json,2026-08-13,pluto-19f2,4,lower,manual,50.0,2500000.0,-7.096881617696978,-10.039463037093164,2,2,1
ch4-lower-edge-narrow-pluto-19f2-20260813T112902Z,ch4-lower-edge-narrow-pluto-19f2-20260813T112902Z.json,2026-08-13,pluto-19f2,4,lower,slow_attack,,2500000.0,-12.446707933361534,-12.793517535122863,7,1,0
ch4-lower-edge-narrow-pluto-19f2-20260813T114446Z,ch4-lower-edge-narrow-pluto-19f2-20260813T114446Z.json,2026-08-13,pluto-19f2,4,lower,slow_attack,,2500000.0,-12.435370454601507,-12.59000560670652,4,4,4
ch4-lower-edge-narrow-pluto-19f2-20260813T115241Z,ch4-lower-edge-narrow-pluto-19f2-20260813T115241Z.json,2026-08-13,pluto-19f2,4,lower,manual,50.0,2500000.0,-7.050659696751104,-9.895857469309004,4,4,2
ch4-lower-edge-narrow-pluto-19f2-20260813T120033Z,ch4-lower-edge-narrow-pluto-19f2-20260813T120033Z.json,2026-08-13,pluto-19f2,4,lower,slow_attack,,2500000.0,-12.679814725172331,-12.6144262992381,6,0,0
ch4-lower-edge-narrow-pluto-19f2-20260813T121623Z,ch4-lower-edge-narrow-pluto-19f2-20260813T121623Z.json,2026-08-13,pluto-19f2,4,lower,slow_attack,,2500000.0,-12.99579434499952,-12.83929331297929,3,0,0
ch4-lower-edge-narrow-pluto-19f2-20260813T122019Z,ch4-lower-edge-narrow-pluto-19f2-20260813T122019Z.json,2026-08-13,pluto-19f2,4,lower,slow_attack,,2500000.0,-12.75991201661933,-12.505960117692789,1,1,1
ch4-lower-edge-narrow-pluto-19f2-20260813T130835Z,ch4-lower-edge-narrow-pluto-19f2-20260813T130835Z.json,2026-08-13,pluto-19f2,4,lower,manual,50.0,2500000.0,-7.139944614397767,-10.157951685615693,1,0,0
ch4-lower-edge-narrow-pluto-19f2-20260813T131621Z,ch4-lower-edge-narrow-pluto-19f2-20260813T131621Z.json,2026-08-13,pluto-19f2,4,lower,manual,50.0,2500000.0,-7.065177472797074,-10.014105776218578,1,0,0
ch4-lower-edge-narrow-pluto-19f2-20260813T133549Z,ch4-lower-edge-narrow-pluto-19f2-20260813T133549Z.json,2026-08-13,pluto-19f2,4,lower,manual,50.0,2500000.0,-6.760815032875927,-9.639728905879664,1,1,1
ch4-lower-edge-narrow-pluto-19f2-20260813T133938Z,ch4-lower-edge-narrow-pluto-19f2-20260813T133938Z.json,2026-08-13,pluto-19f2,4,lower,slow_attack,,2500000.0,-13.055954275469428,-12.695160650408269,1,1,0
ch4-lower-edge-narrow-pluto-19f2-20260813T135512Z,ch4-lower-edge-narrow-pluto-19f2-20260813T135512Z.json,2026-08-13,pluto-19f2,4,lower,slow_attack,,2500000.0,-12.765668381492697,-12.566372293322141,2,2,1
ch4-lower-edge-narrow-pluto-19f2-20260813T141437Z,ch4-lower-edge-narrow-pluto-19f2-20260813T141437Z.json,2026-08-13,pluto-19f2,4,lower,slow_attack,,2500000.0,-12.8583857473823,-12.606224534707106,1,1,1
ch4-lower-edge-narrow-pluto-19f2-20260813T145343Z,ch4-lower-edge-narrow-pluto-19f2-20260813T145343Z.json,2026-08-13,pluto-19f2,4,lower,manual,50.0,2500000.0,-6.761419423168002,-9.647262023412015,3,3,2
ch4-lower-edge-narrow-pluto-19f2-20260813T161236Z,ch4-lower-edge-narrow-pluto-19f2-20260813T161236Z.json,2026-08-13,pluto-19f2,4,lower,manual,50.0,2500000.0,-6.708825936202166,-9.565549919789769,0,0,0
ch4-lower-edge-narrow-pluto-19f2-20260813T162440Z,ch4-lower-edge-narrow-pluto-19f2-20260813T162440Z.json,2026-08-13,pluto-19f2,4,lower,manual,50.0,2500000.0,-6.962909766531018,-9.975633147163823,2,2,2
ch4-lower-edge-narrow-pluto-19f2-20260813T163630Z,ch4-lower-edge-narrow-pluto-19f2-20260813T163630Z.json,2026-08-13,pluto-19f2,4,lower,manual,50.0,2500000.0,-6.907273785626593,-9.742502836199929,5,0,0
ch4-lower-edge-narrow-pluto-19f2-20260813T164426Z,ch4-lower-edge-narrow-pluto-19f2-20260813T164426Z.json,2026-08-13,pluto-19f2,4,lower,manual,50.0,2500000.0,-6.691430494495089,-9.563561022181782,6,1,0
ch4-lower-edge-narrow-pluto-19f2-20260813T170033Z,ch4-lower-edge-narrow-pluto-19f2-20260813T170033Z.json,2026-08-13,pluto-19f2,4,lower,manual,50.0,2500000.0,-6.646909586152825,-9.475733349884715,3,0,0
ch4-lower-edge-narrow-pluto-19f2-20260813T171212Z,ch4-lower-edge-narrow-pluto-19f2-20260813T171212Z.json,2026-08-13,pluto-19f2,4,lower,slow_attack,,2500000.0,-12.681805091564788,-12.90296820142978,1,1,1
ch4-lower-edge-narrow-pluto-19f2-20260813T173538Z,ch4-lower-edge-narrow-pluto-19f2-20260813T173538Z.json,2026-08-13,pluto-19f2,4,lower,slow_attack,,2500000.0,-12.429991164286438,-12.557586137337509,4,0,0
ch4-lower-edge-narrow-pluto-19f2-20260813T190251Z,ch4-lower-edge-narrow-pluto-19f2-20260813T190251Z.json,2026-08-13,pluto-19f2,4,lower,manual,50.0,2500000.0,-7.3525272149909116,-10.267827391151156,0,0,0
ch4-lower-edge-narrow-pluto-19f2-20260813T190645Z,ch4-lower-edge-narrow-pluto-19f2-20260813T190645Z.json,2026-08-13,pluto-19f2,4,lower,slow_attack,,2500000.0,-13.116338525125359,-12.784052880960292,3,0,0
ch4-lower-edge-narrow-pluto-19f2-20260813T194211Z,ch4-lower-edge-narrow-pluto-19f2-20260813T194211Z.json,2026-08-13,pluto-19f2,4,lower,manual,50.0,2500000.0,-7.39302343472287,-10.43149984226269,6,0,0
ch4-lower-edge-narrow-pluto-19f2-20260813T195351Z,ch4-lower-edge-narrow-pluto-19f2-20260813T195351Z.json,2026-08-13,pluto-19f2,4,lower,slow_attack,,2500000.0,-13.01935845209293,-12.6158126756145,1,1,0
ch4-lower-edge-narrow-pluto-19f2-20260813T200538Z,ch4-lower-edge-narrow-pluto-19f2-20260813T200538Z.json,2026-08-13,pluto-19f2,4,lower,manual,50.0,2500000.0,-7.5509404529254205,-10.636432095244421,0,0,0
ch4-lower-edge-narrow-pluto-19f2-20260813T201335Z,ch4-lower-edge-narrow-pluto-19f2-20260813T201335Z.json,2026-08-13,pluto-19f2,4,lower,slow_attack,,2500000.0,-12.998481144075306,-12.694593862286395,1,0,0
ch4-lower-edge-narrow-pluto-19f2-20260813T203716Z,ch4-lower-edge-narrow-pluto-19f2-20260813T203716Z.json,2026-08-13,pluto-19f2,4,lower,slow_attack,,2500000.0,-13.142984399304984,-12.763832296047358,1,1,1
ch4-lower-edge-narrow-pluto-19f2-20260813T204508Z,ch4-lower-edge-narrow-pluto-19f2-20260813T204508Z.json,2026-08-13,pluto-19f2,4,lower,slow_attack,,2500000.0,-13.020844254107491,-12.633906524531568,5,0,0
ch4-lower-edge-narrow-pluto-19f2-20260813T204903Z,ch4-lower-edge-narrow-pluto-19f2-20260813T204903Z.json,2026-08-13,pluto-19f2,4,lower,manual,50.0,2500000.0,-7.487335096139715,-10.536653995289779,1,1,1
ch4-lower-edge-narrow-pluto-19f2-20260813T213201Z,ch4-lower-edge-narrow-pluto-19f2-20260813T213201Z.json,2026-08-13,pluto-19f2,4,lower,slow_attack,,2500000.0,-13.059798823798248,-12.785974149802515,6,0,0
ch4-lower-edge-narrow-pluto-19f2-20260813T214343Z,ch4-lower-edge-narrow-pluto-19f2-20260813T214343Z.json,2026-08-13,pluto-19f2,4,lower,slow_attack,,2500000.0,-12.912820637401452,-12.753064164192319,5,0,0
ch4-lower-edge-narrow-pluto-19f2-20260813T215132Z,ch4-lower-edge-narrow-pluto-19f2-20260813T215132Z.json,2026-08-13,pluto-19f2,4,lower,manual,50.0,2500000.0,-7.390001129853337,-10.540592854422115,5,0,0
ch4-lower-edge-narrow-pluto-19f2-20260813T221105Z,ch4-lower-edge-narrow-pluto-19f2-20260813T221105Z.json,2026-08-13,pluto-19f2,4,lower,slow_attack,,2500000.0,-13.102912778608982,-12.777206179149003,1,0,0
ch4-lower-edge-narrow-pluto-19f2-20260813T223123Z,ch4-lower-edge-narrow-pluto-19f2-20260813T223123Z.json,2026-08-13,pluto-19f2,4,lower,manual,50.0,2500000.0,-7.428257291386914,-10.473175656439224,1,0,0
ch4-lower-edge-narrow-pluto-5d4d-20260810T042403Z,ch4-lower-edge-narrow-pluto-5d4d-20260810T042403Z.json,2026-08-10,pluto-5d4d,4,lower,manual,50.0,2500000.0,-27.23223894074946,-32.13787136455123,1,1,1
ch4-lower-edge-narrow-pluto-5d4d-20260810T042640Z,ch4-lower-edge-narrow-pluto-5d4d-20260810T042640Z.json,2026-08-10,pluto-5d4d,4,lower,slow_attack,,2500000.0,-12.698191498099325,-12.598314021998934,1,0,0
ch4-lower-edge-narrow-pluto-5d4d-20260810T042915Z,ch4-lower-edge-narrow-pluto-5d4d-20260810T042915Z.json,2026-08-10,pluto-5d4d,4,lower,manual,50.0,2500000.0,-26.989837581984816,-31.88605391990773,4,4,3
ch4-lower-edge-narrow-pluto-5d4d-20260810T043156Z,ch4-lower-edge-narrow-pluto-5d4d-20260810T043156Z.json,2026-08-10,pluto-5d4d,4,lower,slow_attack,,2500000.0,-12.58364686026171,-12.439924001804739,1,1,1
ch4-lower-edge-narrow-pluto-5d4d-20260810T043402Z,ch4-lower-edge-narrow-pluto-5d4d-20260810T043402Z.json,2026-08-10,pluto-5d4d,4,lower,slow_attack,,2500000.0,-12.503812799715462,-12.485710527927893,1,1,1
ch4-lower-edge-narrow-pluto-5d4d-20260810T043645Z,ch4-lower-edge-narrow-pluto-5d4d-20260810T043645Z.json,2026-08-10,pluto-5d4d,4,lower,manual,50.0,2500000.0,-27.009693420417094,-31.946925815286868,4,4,2
ch4-lower-edge-narrow-pluto-5d4d-20260810T043849Z,ch4-lower-edge-narrow-pluto-5d4d-20260810T043849Z.json,2026-08-10,pluto-5d4d,4,lower,manual,50.0,2500000.0,-27.31866172730683,-32.195277429730496,1,0,0
ch4-lower-edge-narrow-pluto-5d4d-20260810T044131Z,ch4-lower-edge-narrow-pluto-5d4d-20260810T044131Z.json,2026-08-10,pluto-5d4d,4,lower,slow_attack,,2500000.0,-12.597882069872249,-12.521451745486589,0,0,0
ch4-lower-edge-narrow-pluto-5d4d-20260810T044336Z,ch4-lower-edge-narrow-pluto-5d4d-20260810T044336Z.json,2026-08-10,pluto-5d4d,4,lower,slow_attack,,2500000.0,-12.47211005243946,-12.440031447318308,2,2,1
ch4-lower-edge-narrow-pluto-5d4d-20260810T044621Z,ch4-lower-edge-narrow-pluto-5d4d-20260810T044621Z.json,2026-08-10,pluto-5d4d,4,lower,slow_attack,,2500000.0,-12.529294010013254,-12.407598936344522,3,3,3
ch4-lower-edge-narrow-pluto-5d4d-20260810T044826Z,ch4-lower-edge-narrow-pluto-5d4d-20260810T044826Z.json,2026-08-10,pluto-5d4d,4,lower,slow_attack,,2500000.0,-12.42782667327254,-12.369255984275773,2,2,2
ch4-lower-edge-narrow-pluto-5d4d-20260810T045139Z,ch4-lower-edge-narrow-pluto-5d4d-20260810T045139Z.json,2026-08-10,pluto-5d4d,4,lower,slow_attack,,2500000.0,-12.386374773556408,-12.379629425427424,4,4,3
ch4-lower-edge-narrow-pluto-5d4d-20260810T045344Z,ch4-lower-edge-narrow-pluto-5d4d-20260810T045344Z.json,2026-08-10,pluto-5d4d,4,lower,slow_attack,,2500000.0,-12.537802212264967,-12.41287702676842,3,3,3
ch4-lower-edge-narrow-pluto-5d4d-20260810T045628Z,ch4-lower-edge-narrow-pluto-5d4d-20260810T045628Z.json,2026-08-10,pluto-5d4d,4,lower,manual,50.0,2500000.0,-27.120764880297678,-32.088401377672874,1,1,1
ch4-lower-edge-narrow-pluto-5d4d-20260810T045832Z,ch4-lower-edge-narrow-pluto-5d4d-20260810T045832Z.json,2026-08-10,pluto-5d4d,4,lower,manual,50.0,2500000.0,-27.18927149622131,-32.109198217140644,1,1,1
ch4-lower-edge-narrow-pluto-5d4d-20260810T050113Z,ch4-lower-edge-narrow-pluto-5d4d-20260810T050113Z.json,2026-08-10,pluto-5d4d,4,lower,slow_attack,,2500000.0,-12.630654829423493,-12.514808459197651,0,0,0
ch4-lower-edge-narrow-pluto-5d4d-20260810T050357Z,ch4-lower-edge-narrow-pluto-5d4d-20260810T050357Z.json,2026-08-10,pluto-5d4d,4,lower,slow_attack,,2500000.0,-12.61866251954919,-12.4663454133292,1,1,1
ch4-lower-edge-narrow-pluto-5d4d-20260810T050643Z,ch4-lower-edge-narrow-pluto-5d4d-20260810T050643Z.json,2026-08-10,pluto-5d4d,4,lower,slow_attack,,2500000.0,-12.68202516241688,-12.543321333087613,1,1,1
ch4-lower-edge-narrow-pluto-5d4d-20260810T050849Z,ch4-lower-edge-narrow-pluto-5d4d-20260810T050849Z.json,2026-08-10,pluto-5d4d,4,lower,manual,50.0,2500000.0,-26.92332569008102,-31.829915531196434,3,3,2
ch4-lower-edge-narrow-pluto-5d4d-20260810T051131Z,ch4-lower-edge-narrow-pluto-5d4d-20260810T051131Z.json,2026-08-10,pluto-5d4d,4,lower,manual,50.0,2500000.0,-27.375490046678333,-32.24192418895621,1,1,1
ch4-lower-edge-narrow-pluto-5d4d-20260810T051334Z,ch4-lower-edge-narrow-pluto-5d4d-20260810T051334Z.json,2026-08-10,pluto-5d4d,4,lower,manual,50.0,2500000.0,-27.470199996390466,-32.35422228690154,0,0,0
ch4-lower-edge-narrow-pluto-5d4d-20260810T051645Z,ch4-lower-edge-narrow-pluto-5d4d-20260810T051645Z.json,2026-08-10,pluto-5d4d,4,lower,slow_attack,,2500000.0,-12.598196329808697,-12.51282324533973,1,1,1
ch4-lower-edge-narrow-pluto-5d4d-20260810T051851Z,ch4-lower-edge-narrow-pluto-5d4d-20260810T051851Z.json,2026-08-10,pluto-5d4d,4,lower,slow_attack,,2500000.0,-12.681533758417878,-12.357174026644117,2,2,2
ch4-lower-edge-narrow-pluto-5d4d-20260810T052134Z,ch4-lower-edge-narrow-pluto-5d4d-20260810T052134Z.json,2026-08-10,pluto-5d4d,4,lower,slow_attack,,2500000.0,-12.51311247430268,-12.455760506402562,3,3,3
ch4-lower-edge-narrow-pluto-5d4d-20260810T052340Z,ch4-lower-edge-narrow-pluto-5d4d-20260810T052340Z.json,2026-08-10,pluto-5d4d,4,lower,manual,50.0,2500000.0,-27.062668677908952,-32.01318944983555,3,3,2
ch4-lower-edge-narrow-pluto-5d4d-20260810T052622Z,ch4-lower-edge-narrow-pluto-5d4d-20260810T052622Z.json,2026-08-10,pluto-5d4d,4,lower,slow_attack,,2500000.0,-12.648578346406978,-12.603028465579483,3,3,2
ch4-lower-edge-narrow-pluto-5d4d-20260810T052828Z,ch4-lower-edge-narrow-pluto-5d4d-20260810T052828Z.json,2026-08-10,pluto-5d4d,4,lower,manual,50.0,2500000.0,-27.258654804998095,-32.180374898615945,1,1,1
ch4-lower-edge-narrow-pluto-5d4d-20260810T053110Z,ch4-lower-edge-narrow-pluto-5d4d-20260810T053110Z.json,2026-08-10,pluto-5d4d,4,lower,slow_attack,,2500000.0,-12.694810112138935,-12.532054503966624,1,1,1
ch4-lower-edge-narrow-pluto-5d4d-20260810T053316Z,ch4-lower-edge-narrow-pluto-5d4d-20260810T053316Z.json,2026-08-10,pluto-5d4d,4,lower,slow_attack,,2500000.0,-12.665340551595508,-12.480586413841195,1,1,1
ch4-lower-edge-narrow-pluto-5d4d-20260810T053600Z,ch4-lower-edge-narrow-pluto-5d4d-20260810T053600Z.json,2026-08-10,pluto-5d4d,4,lower,manual,50.0,2500000.0,-27.280231457977315,-32.14553492589931,1,1,1
ch4-lower-edge-narrow-pluto-5d4d-20260810T053804Z,ch4-lower-edge-narrow-pluto-5d4d-20260810T053804Z.json,2026-08-10,pluto-5d4d,4,lower,slow_attack,,2500000.0,-12.506133573554042,-12.469664145121405,5,5,4
ch4-lower-edge-narrow-pluto-5d4d-20260810T054156Z,ch4-lower-edge-narrow-pluto-5d4d-20260810T054156Z.json,2026-08-10,pluto-5d4d,4,lower,slow_attack,,2500000.0,-12.751012518542762,-12.61594916821805,0,0,0
ch4-lower-edge-narrow-pluto-5d4d-20260810T054403Z,ch4-lower-edge-narrow-pluto-5d4d-20260810T054403Z.json,2026-08-10,pluto-5d4d,4,lower,manual,50.0,2500000.0,-27.457404173534815,-32.25026668475662,1,1,1
ch4-lower-edge-narrow-pluto-5d4d-20260810T054650Z,ch4-lower-edge-narrow-pluto-5d4d-20260810T054650Z.json,2026-08-10,pluto-5d4d,4,lower,slow_attack,,2500000.0,-12.797301201146878,-12.585368384548568,1,1,1
ch4-lower-edge-narrow-pluto-5d4d-20260810T054857Z,ch4-lower-edge-narrow-pluto-5d4d-20260810T054857Z.json,2026-08-10,pluto-5d4d,4,lower,slow_attack,,2500000.0,-12.577698712196474,-12.590273198618254,2,2,2
ch4-lower-edge-narrow-pluto-5d4d-20260810T055143Z,ch4-lower-edge-narrow-pluto-5d4d-20260810T055143Z.json,2026-08-10,pluto-5d4d,4,lower,slow_attack,,2500000.0,-12.62964552891088,-12.499647069092187,3,3,3
ch4-lower-edge-narrow-pluto-5d4d-20260810T055350Z,ch4-lower-edge-narrow-pluto-5d4d-20260810T055350Z.json,2026-08-10,pluto-5d4d,4,lower,slow_attack,,2500000.0,-12.775861250564283,-12.645065225271663,2,2,1
ch4-lower-edge-narrow-pluto-5d4d-20260810T055634Z,ch4-lower-edge-narrow-pluto-5d4d-20260810T055634Z.json,2026-08-10,pluto-5d4d,4,lower,slow_attack,,2500000.0,-12.73745740420702,-12.602466436918915,1,1,1
ch4-lower-edge-narrow-pluto-5d4d-20260810T055841Z,ch4-lower-edge-narrow-pluto-5d4d-20260810T055841Z.json,2026-08-10,pluto-5d4d,4,lower,manual,50.0,2500000.0,-27.283827716990356,-32.14411972065204,1,1,1
ch4-lower-edge-narrow-pluto-5d4d-20260810T060123Z,ch4-lower-edge-narrow-pluto-5d4d-20260810T060123Z.json,2026-08-10,pluto-5d4d,4,lower,slow_attack,,2500000.0,-12.763342397902324,-12.52331832981775,2,2,2
ch4-lower-edge-narrow-pluto-5d4d-20260810T060328Z,ch4-lower-edge-narrow-pluto-5d4d-20260810T060328Z.json,2026-08-10,pluto-5d4d,4,lower,manual,50.0,2500000.0,-27.331392733217747,-32.174607071158114,3,3,2
ch4-lower-edge-narrow-pluto-5d4d-20260810T060642Z,ch4-lower-edge-narrow-pluto-5d4d-20260810T060642Z.json,2026-08-10,pluto-5d4d,4,lower,manual,50.0,2500000.0,-26.79627586735255,-31.727637550862337,4,4,4
ch4-lower-edge-narrow-pluto-5d4d-20260810T060846Z,ch4-lower-edge-narrow-pluto-5d4d-20260810T060846Z.json,2026-08-10,pluto-5d4d,4,lower,slow_attack,,2500000.0,-12.520979875421043,-12.45892543103759,4,4,2
ch4-lower-edge-narrow-pluto-5d4d-20260810T061130Z,ch4-lower-edge-narrow-pluto-5d4d-20260810T061130Z.json,2026-08-10,pluto-5d4d,4,lower,slow_attack,,2500000.0,-12.71803278912806,-12.64088870290523,3,3,2
ch4-lower-edge-narrow-pluto-5d4d-20260810T061336Z,ch4-lower-edge-narrow-pluto-5d4d-20260810T061336Z.json,2026-08-10,pluto-5d4d,4,lower,manual,50.0,2500000.0,-27.465007907308866,-32.312471551862465,1,1,1
ch4-lower-edge-narrow-pluto-5d4d-20260810T061617Z,ch4-lower-edge-narrow-pluto-5d4d-20260810T061617Z.json,2026-08-10,pluto-5d4d,4,lower,slow_attack,,2500000.0,-12.647741827703253,-12.397103539999534,1,1,1
ch4-lower-edge-narrow-pluto-5d4d-20260810T061905Z,ch4-lower-edge-narrow-pluto-5d4d-20260810T061905Z.json,2026-08-10,pluto-5d4d,4,lower,manual,50.0,2500000.0,-27.131679318851106,-31.98296739290403,2,2,2
ch4-lower-edge-narrow-pluto-5d4d-20260810T062147Z,ch4-lower-edge-narrow-pluto-5d4d-20260810T062147Z.json,2026-08-10,pluto-5d4d,4,lower,slow_attack,,2500000.0,-12.562622842987762,-12.475179780751349,5,5,5
ch4-lower-edge-narrow-pluto-5d4d-20260810T062353Z,ch4-lower-edge-narrow-pluto-5d4d-20260810T062353Z.json,2026-08-10,pluto-5d4d,4,lower,manual,50.0,2500000.0,-26.841862604653926,-31.852714327438356,3,3,2
ch4-lower-edge-narrow-pluto-5d4d-20260810T062635Z,ch4-lower-edge-narrow-pluto-5d4d-20260810T062635Z.json,2026-08-10,pluto-5d4d,4,lower,slow_attack,,2500000.0,-12.719228826583254,-12.573193682052802,2,2,2
ch4-lower-edge-narrow-pluto-5d4d-20260810T062841Z,ch4-lower-edge-narrow-pluto-5d4d-20260810T062841Z.json,2026-08-10,pluto-5d4d,4,lower,manual,50.0,2500000.0,-27.52570697563579,-32.36074454728233,1,0,0
ch4-lower-edge-narrow-pluto-5d4d-20260810T063153Z,ch4-lower-edge-narrow-pluto-5d4d-20260810T063153Z.json,2026-08-10,pluto-5d4d,4,lower,manual,50.0,2500000.0,-26.99566056844006,-31.816483087078616,2,2,2
ch4-lower-edge-narrow-pluto-5d4d-20260810T063357Z,ch4-lower-edge-narrow-pluto-5d4d-20260810T063357Z.json,2026-08-10,pluto-5d4d,4,lower,manual,50.0,2500000.0,-27.29287995034604,-32.13257662833636,2,2,2
ch4-lower-edge-narrow-pluto-5d4d-20260810T063639Z,ch4-lower-edge-narrow-pluto-5d4d-20260810T063639Z.json,2026-08-10,pluto-5d4d,4,lower,slow_attack,,2500000.0,-12.550246802283205,-12.321093258007977,4,4,3
ch4-lower-edge-narrow-pluto-5d4d-20260810T063844Z,ch4-lower-edge-narrow-pluto-5d4d-20260810T063844Z.json,2026-08-10,pluto-5d4d,4,lower,slow_attack,,2500000.0,-12.692431029855234,-12.59430665590951,1,1,1
ch4-lower-edge-narrow-pluto-5d4d-20260810T064129Z,ch4-lower-edge-narrow-pluto-5d4d-20260810T064129Z.json,2026-08-10,pluto-5d4d,4,lower,slow_attack,,2500000.0,-12.737386342906698,-12.478317650329192,1,1,1
ch4-lower-edge-narrow-pluto-5d4d-20260810T064335Z,ch4-lower-edge-narrow-pluto-5d4d-20260810T064335Z.json,2026-08-10,pluto-5d4d,4,lower,slow_attack,,2500000.0,-12.581421698062908,-12.417615064938888,2,2,1
ch4-lower-edge-narrow-pluto-5d4d-20260810T064620Z,ch4-lower-edge-narrow-pluto-5d4d-20260810T064620Z.json,2026-08-10,pluto-5d4d,4,lower,manual,50.0,2500000.0,-27.334413875392194,-32.18592770711399,2,2,2
ch4-lower-edge-narrow-pluto-5d4d-20260810T064823Z,ch4-lower-edge-narrow-pluto-5d4d-20260810T064823Z.json,2026-08-10,pluto-5d4d,4,lower,manual,50.0,2500000.0,-27.206652345014575,-32.056659638561925,3,3,2
ch4-lower-edge-narrow-pluto-5d4d-20260810T065106Z,ch4-lower-edge-narrow-pluto-5d4d-20260810T065106Z.json,2026-08-10,pluto-5d4d,4,lower,manual,50.0,2500000.0,-27.25977666469475,-32.039698843619675,4,4,3
ch4-lower-edge-narrow-pluto-5d4d-20260810T065310Z,ch4-lower-edge-narrow-pluto-5d4d-20260810T065310Z.json,2026-08-10,pluto-5d4d,4,lower,manual,50.0,2500000.0,-27.70910474640537,-32.46020261378585,0,0,0
ch4-lower-edge-narrow-pluto-5d4d-20260810T065700Z,ch4-lower-edge-narrow-pluto-5d4d-20260810T065700Z.json,2026-08-10,pluto-5d4d,4,lower,slow_attack,,2500000.0,-12.744381411840058,-12.519820604122538,2,2,1
ch4-lower-edge-narrow-pluto-5d4d-20260810T065906Z,ch4-lower-edge-narrow-pluto-5d4d-20260810T065906Z.json,2026-08-10,pluto-5d4d,4,lower,manual,50.0,2500000.0,-27.263414254483695,-32.125076113537446,3,3,2
ch4-lower-edge-narrow-pluto-5d4d-20260810T070148Z,ch4-lower-edge-narrow-pluto-5d4d-20260810T070148Z.json,2026-08-10,pluto-5d4d,4,lower,slow_attack,,2500000.0,-12.695116402842846,-12.508486538698957,3,3,3
ch4-lower-edge-narrow-pluto-5d4d-20260810T070354Z,ch4-lower-edge-narrow-pluto-5d4d-20260810T070354Z.json,2026-08-10,pluto-5d4d,4,lower,manual,50.0,2500000.0,-27.343011472170566,-32.17954574756783,2,2,2
ch4-lower-edge-narrow-pluto-5d4d-20260810T070636Z,ch4-lower-edge-narrow-pluto-5d4d-20260810T070636Z.json,2026-08-10,pluto-5d4d,4,lower,slow_attack,,2500000.0,-12.600037151443528,-12.554663544479176,1,1,1
ch4-lower-edge-narrow-pluto-5d4d-20260810T070842Z,ch4-lower-edge-narrow-pluto-5d4d-20260810T070842Z.json,2026-08-10,pluto-5d4d,4,lower,slow_attack,,2500000.0,-12.657169584685796,-12.493443272728339,3,3,2
ch4-lower-edge-narrow-pluto-5d4d-20260810T071126Z,ch4-lower-edge-narrow-pluto-5d4d-20260810T071126Z.json,2026-08-10,pluto-5d4d,4,lower,manual,50.0,2500000.0,-27.131320042021887,-32.02073042226019,1,1,1
ch4-lower-edge-narrow-pluto-5d4d-20260810T071330Z,ch4-lower-edge-narrow-pluto-5d4d-20260810T071330Z.json,2026-08-10,pluto-5d4d,4,lower,slow_attack,,2500000.0,-12.785198284242503,-12.6035090015022,0,0,0
ch4-lower-edge-narrow-pluto-5d4d-20260810T071615Z,ch4-lower-edge-narrow-pluto-5d4d-20260810T071615Z.json,2026-08-10,pluto-5d4d,4,lower,slow_attack,,2500000.0,-12.668488092149737,-12.551098257799985,2,2,2
ch4-lower-edge-narrow-pluto-5d4d-20260810T071820Z,ch4-lower-edge-narrow-pluto-5d4d-20260810T071820Z.json,2026-08-10,pluto-5d4d,4,lower,manual,50.0,2500000.0,-27.491421070507748,-32.33699271891504,2,2,2
ch4-lower-edge-narrow-pluto-5d4d-20260810T072132Z,ch4-lower-edge-narrow-pluto-5d4d-20260810T072132Z.json,2026-08-10,pluto-5d4d,4,lower,manual,50.0,2500000.0,-27.58878039235027,-32.37343050421411,0,0,0
ch4-lower-edge-narrow-pluto-5d4d-20260810T072337Z,ch4-lower-edge-narrow-pluto-5d4d-20260810T072337Z.json,2026-08-10,pluto-5d4d,4,lower,manual,50.0,2500000.0,-27.522184875734172,-32.36905090144687,1,1,1
ch4-lower-edge-narrow-pluto-5d4d-20260810T072619Z,ch4-lower-edge-narrow-pluto-5d4d-20260810T072619Z.json,2026-08-10,pluto-5d4d,4,lower,slow_attack,,2500000.0,-12.598572354661012,-12.491009281240459,3,3,3
ch4-lower-edge-narrow-pluto-5d4d-20260810T072824Z,ch4-lower-edge-narrow-pluto-5d4d-20260810T072824Z.json,2026-08-10,pluto-5d4d,4,lower,slow_attack,,2500000.0,-12.890489468041743,-12.696011045023036,0,0,0
ch4-lower-edge-narrow-pluto-5d4d-20260810T073110Z,ch4-lower-edge-narrow-pluto-5d4d-20260810T073110Z.json,2026-08-10,pluto-5d4d,4,lower,slow_attack,,2500000.0,-12.857908449909436,-12.679747519737084,2,2,2
ch4-lower-edge-narrow-pluto-5d4d-20260810T073355Z,ch4-lower-edge-narrow-pluto-5d4d-20260810T073355Z.json,2026-08-10,pluto-5d4d,4,lower,manual,50.0,2500000.0,-27.186508130010864,-32.003715148598744,3,3,3
ch4-lower-edge-narrow-pluto-5d4d-20260810T073640Z,ch4-lower-edge-narrow-pluto-5d4d-20260810T073640Z.json,2026-08-10,pluto-5d4d,4,lower,slow_attack,,2500000.0,-12.846745202167622,-12.671227303023649,3,3,3
ch4-lower-edge-narrow-pluto-5d4d-20260810T073846Z,ch4-lower-edge-narrow-pluto-5d4d-20260810T073846Z.json,2026-08-10,pluto-5d4d,4,lower,manual,50.0,2500000.0,-27.70155709123,-32.47746134691919,0,0,0
ch4-lower-edge-narrow-pluto-5d4d-20260810T074130Z,ch4-lower-edge-narrow-pluto-5d4d-20260810T074130Z.json,2026-08-10,pluto-5d4d,4,lower,slow_attack,,2500000.0,-12.741405918391832,-12.589469477851218,2,2,1
ch4-lower-edge-narrow-pluto-5d4d-20260810T074336Z,ch4-lower-edge-narrow-pluto-5d4d-20260810T074336Z.json,2026-08-10,pluto-5d4d,4,lower,slow_attack,,2500000.0,-12.764920823059018,-12.590706676115925,2,2,1
ch4-lower-edge-narrow-pluto-5d4d-20260810T074652Z,ch4-lower-edge-narrow-pluto-5d4d-20260810T074652Z.json,2026-08-10,pluto-5d4d,4,lower,slow_attack,,2500000.0,-12.921876196377863,-12.747014642076282,1,1,1
ch4-lower-edge-narrow-pluto-5d4d-20260810T074858Z,ch4-lower-edge-narrow-pluto-5d4d-20260810T074858Z.json,2026-08-10,pluto-5d4d,4,lower,manual,50.0,2500000.0,-27.39181800640079,-32.23016397661125,2,2,2
ch4-lower-edge-narrow-pluto-5d4d-20260810T075142Z,ch4-lower-edge-narrow-pluto-5d4d-20260810T075142Z.json,2026-08-10,pluto-5d4d,4,lower,slow_attack,,2500000.0,-12.844393160786085,-12.6602792018429,2,2,2
ch4-lower-edge-narrow-pluto-5d4d-20260810T075348Z,ch4-lower-edge-narrow-pluto-5d4d-20260810T075348Z.json,2026-08-10,pluto-5d4d,4,lower,manual,50.0,2500000.0,-27.559180612065006,-32.292554631845945,1,1,1
ch4-lower-edge-narrow-pluto-5d4d-20260810T075631Z,ch4-lower-edge-narrow-pluto-5d4d-20260810T075631Z.json,2026-08-10,pluto-5d4d,4,lower,manual,50.0,2500000.0,-27.393845257130355,-32.11742237822519,2,2,2
ch4-lower-edge-narrow-pluto-5d4d-20260810T075835Z,ch4-lower-edge-narrow-pluto-5d4d-20260810T075835Z.json,2026-08-10,pluto-5d4d,4,lower,slow_attack,,2500000.0,-12.644910261131976,-12.508987681612226,4,4,3
ch4-lower-edge-narrow-pluto-5d4d-20260810T080120Z,ch4-lower-edge-narrow-pluto-5d4d-20260810T080120Z.json,2026-08-10,pluto-5d4d,4,lower,slow_attack,,2500000.0,-12.659207621827493,-12.562835090798437,2,2,2
ch4-lower-edge-narrow-pluto-5d4d-20260810T080326Z,ch4-lower-edge-narrow-pluto-5d4d-20260810T080326Z.json,2026-08-10,pluto-5d4d,4,lower,manual,50.0,2500000.0,-26.937493218025278,-31.977315709239473,1,1,1
ch4-lower-edge-narrow-pluto-5d4d-20260810T080610Z,ch4-lower-edge-narrow-pluto-5d4d-20260810T080610Z.json,2026-08-10,pluto-5d4d,4,lower,manual,50.0,2500000.0,-27.43787001093317,-32.2948292496815,1,1,1
ch4-lower-edge-narrow-pluto-5d4d-20260810T080814Z,ch4-lower-edge-narrow-pluto-5d4d-20260810T080814Z.json,2026-08-10,pluto-5d4d,4,lower,manual,50.0,2500000.0,-27.200053592210104,-32.10072084141129,3,3,3
ch4-lower-edge-narrow-pluto-5d4d-20260810T081213Z,ch4-lower-edge-narrow-pluto-5d4d-20260810T081213Z.json,2026-08-10,pluto-5d4d,4,lower,manual,50.0,2500000.0,-27.336640014043564,-32.20488276534908,3,3,3
ch4-lower-edge-narrow-pluto-5d4d-20260810T081418Z,ch4-lower-edge-narrow-pluto-5d4d-20260810T081418Z.json,2026-08-10,pluto-5d4d,4,lower,manual,50.0,2500000.0,-27.039500845328057,-31.975951519958482,3,3,3
ch4-lower-edge-narrow-pluto-5d4d-20260810T081703Z,ch4-lower-edge-narrow-pluto-5d4d-20260810T081703Z.json,2026-08-10,pluto-5d4d,4,lower,slow_attack,,2500000.0,-12.611121770533344,-12.5224491884482,3,3,3
ch4-lower-edge-narrow-pluto-5d4d-20260810T081909Z,ch4-lower-edge-narrow-pluto-5d4d-20260810T081909Z.json,2026-08-10,pluto-5d4d,4,lower,slow_attack,,2500000.0,-12.737476229947426,-12.606824929243974,0,0,0
ch4-lower-edge-narrow-pluto-5d4d-20260810T082154Z,ch4-lower-edge-narrow-pluto-5d4d-20260810T082154Z.json,2026-08-10,pluto-5d4d,4,lower,manual,50.0,2500000.0,-26.83876742165859,-31.68288874017266,5,5,5
ch4-lower-edge-narrow-pluto-5d4d-20260810T082358Z,ch4-lower-edge-narrow-pluto-5d4d-20260810T082358Z.json,2026-08-10,pluto-5d4d,4,lower,slow_attack,,2500000.0,-12.942663504564178,-12.771580221962676,0,0,0
ch4-lower-edge-narrow-pluto-5d4d-20260810T082644Z,ch4-lower-edge-narrow-pluto-5d4d-20260810T082644Z.json,2026-08-10,pluto-5d4d,4,lower,manual,50.0,2500000.0,-27.364314948309598,-32.21167713969965,1,1,1
ch4-lower-edge-narrow-pluto-5d4d-20260810T082848Z,ch4-lower-edge-narrow-pluto-5d4d-20260810T082848Z.json,2026-08-10,pluto-5d4d,4,lower,manual,50.0,2500000.0,-26.92622202989312,-31.83039469329829,5,5,4
ch4-lower-edge-narrow-pluto-5d4d-20260810T083132Z,ch4-lower-edge-narrow-pluto-5d4d-20260810T083132Z.json,2026-08-10,pluto-5d4d,4,lower,manual,50.0,2500000.0,-27.45767834388294,-32.23705369243624,2,2,2
ch4-lower-edge-narrow-pluto-5d4d-20260810T083335Z,ch4-lower-edge-narrow-pluto-5d4d-20260810T083335Z.json,2026-08-10,pluto-5d4d,4,lower,manual,50.0,2500000.0,-27.284638044742092,-32.141005930907085,2,2,2
ch4-lower-edge-narrow-pluto-5d4d-20260810T083650Z,ch4-lower-edge-narrow-pluto-5d4d-20260810T083650Z.json,2026-08-10,pluto-5d4d,4,lower,manual,50.0,2500000.0,-27.430040110454804,-32.28770675427002,1,1,1
ch4-lower-edge-narrow-pluto-5d4d-20260810T083854Z,ch4-lower-edge-narrow-pluto-5d4d-20260810T083854Z.json,2026-08-10,pluto-5d4d,4,lower,manual,50.0,2500000.0,-27.555734751963612,-32.38195312730741,1,1,1
ch4-lower-edge-narrow-pluto-5d4d-20260810T084142Z,ch4-lower-edge-narrow-pluto-5d4d-20260810T084142Z.json,2026-08-10,pluto-5d4d,4,lower,manual,50.0,2500000.0,-27.118150141928417,-32.02047495824889,4,4,4
ch4-lower-edge-narrow-pluto-5d4d-20260810T084346Z,ch4-lower-edge-narrow-pluto-5d4d-20260810T084346Z.json,2026-08-10,pluto-5d4d,4,lower,slow_attack,,2500000.0,-12.95422536262157,-12.782630815473796,1,0,0
ch4-lower-edge-narrow-pluto-5d4d-20260810T084636Z,ch4-lower-edge-narrow-pluto-5d4d-20260810T084636Z.json,2026-08-10,pluto-5d4d,4,lower,slow_attack,,2500000.0,-12.796589797118225,-12.677305872640346,1,1,1
ch4-lower-edge-narrow-pluto-5d4d-20260810T084924Z,ch4-lower-edge-narrow-pluto-5d4d-20260810T084924Z.json,2026-08-10,pluto-5d4d,4,lower,manual,50.0,2500000.0,-27.0946285500502,-31.85024120902154,2,2,2
ch4-lower-edge-narrow-pluto-5d4d-20260810T085208Z,ch4-lower-edge-narrow-pluto-5d4d-20260810T085208Z.json,2026-08-10,pluto-5d4d,4,lower,manual,50.0,2500000.0,-27.52682808042295,-32.327817587655055,1,1,1
ch4-lower-edge-narrow-pluto-5d4d-20260810T085413Z,ch4-lower-edge-narrow-pluto-5d4d-20260810T085413Z.json,2026-08-10,pluto-5d4d,4,lower,slow_attack,,2500000.0,-12.713492880011819,-12.554308563578498,4,4,1
ch4-lower-edge-narrow-pluto-5d4d-20260810T085659Z,ch4-lower-edge-narrow-pluto-5d4d-20260810T085659Z.json,2026-08-10,pluto-5d4d,4,lower,slow_attack,,2500000.0,-12.679856906496877,-12.494862677100194,1,1,1
ch4-lower-edge-narrow-pluto-5d4d-20260810T085904Z,ch4-lower-edge-narrow-pluto-5d4d-20260810T085904Z.json,2026-08-10,pluto-5d4d,4,lower,slow_attack,,2500000.0,-12.647826780333475,-12.429707239328458,2,2,2
ch4-lower-edge-narrow-pluto-5d4d-20260810T090224Z,ch4-lower-edge-narrow-pluto-5d4d-20260810T090224Z.json,2026-08-10,pluto-5d4d,4,lower,manual,50.0,2500000.0,-26.91251641767783,-31.89681078350695,3,3,3
ch4-lower-edge-narrow-pluto-5d4d-20260810T090428Z,ch4-lower-edge-narrow-pluto-5d4d-20260810T090428Z.json,2026-08-10,pluto-5d4d,4,lower,manual,50.0,2500000.0,-27.51426109038452,-32.38850778259164,2,2,2
ch4-lower-edge-narrow-pluto-5d4d-20260810T090713Z,ch4-lower-edge-narrow-pluto-5d4d-20260810T090713Z.json,2026-08-10,pluto-5d4d,4,lower,manual,50.0,2500000.0,-27.251632316649733,-32.140779808105904,2,2,2
ch4-lower-edge-narrow-pluto-5d4d-20260810T090917Z,ch4-lower-edge-narrow-pluto-5d4d-20260810T090917Z.json,2026-08-10,pluto-5d4d,4,lower,slow_attack,,2500000.0,-12.961158441883802,-12.7864235349589,1,1,1
ch4-lower-edge-narrow-pluto-5d4d-20260810T091203Z,ch4-lower-edge-narrow-pluto-5d4d-20260810T091203Z.json,2026-08-10,pluto-5d4d,4,lower,slow_attack,,2500000.0,-12.713205284428797,-12.570316280297526,2,2,2
ch4-lower-edge-narrow-pluto-5d4d-20260810T091409Z,ch4-lower-edge-narrow-pluto-5d4d-20260810T091409Z.json,2026-08-10,pluto-5d4d,4,lower,slow_attack,,2500000.0,-12.681706678380758,-12.813153805723719,0,0,0
ch4-lower-edge-narrow-pluto-5d4d-20260810T091654Z,ch4-lower-edge-narrow-pluto-5d4d-20260810T091654Z.json,2026-08-10,pluto-5d4d,4,lower,manual,50.0,2500000.0,-27.39696410726962,-32.267644928924085,1,1,1
ch4-lower-edge-narrow-pluto-5d4d-20260810T091858Z,ch4-lower-edge-narrow-pluto-5d4d-20260810T091858Z.json,2026-08-10,pluto-5d4d,4,lower,slow_attack,,2500000.0,-12.921265626665953,-12.760657490499444,1,1,1
ch4-lower-edge-narrow-pluto-5d4d-20260810T092145Z,ch4-lower-edge-narrow-pluto-5d4d-20260810T092145Z.json,2026-08-10,pluto-5d4d,4,lower,manual,50.0,2500000.0,-27.574203014500807,-32.34985175612867,1,1,1
ch4-lower-edge-narrow-pluto-5d4d-20260810T092348Z,ch4-lower-edge-narrow-pluto-5d4d-20260810T092348Z.json,2026-08-10,pluto-5d4d,4,lower,slow_attack,,2500000.0,-13.02677836489655,-12.852151623630824,0,0,0
ch4-lower-edge-narrow-pluto-5d4d-20260810T092746Z,ch4-lower-edge-narrow-pluto-5d4d-20260810T092746Z.json,2026-08-10,pluto-5d4d,4,lower,manual,50.0,2500000.0,-26.798872172169062,-31.76253763380594,4,4,2
ch4-lower-edge-narrow-pluto-5d4d-20260810T092951Z,ch4-lower-edge-narrow-pluto-5d4d-20260810T092951Z.json,2026-08-10,pluto-5d4d,4,lower,manual,50.0,2500000.0,-26.854833702504173,-31.80609083283967,2,2,2
ch4-lower-edge-narrow-pluto-5d4d-20260810T093234Z,ch4-lower-edge-narrow-pluto-5d4d-20260810T093234Z.json,2026-08-10,pluto-5d4d,4,lower,manual,50.0,2500000.0,-27.155356333977355,-32.10608113899851,4,4,4
ch4-lower-edge-narrow-pluto-5d4d-20260810T093439Z,ch4-lower-edge-narrow-pluto-5d4d-20260810T093439Z.json,2026-08-10,pluto-5d4d,4,lower,manual,50.0,2500000.0,-27.266066224778143,-32.03453935280694,2,2,2
ch4-lower-edge-narrow-pluto-5d4d-20260810T093723Z,ch4-lower-edge-narrow-pluto-5d4d-20260810T093723Z.json,2026-08-10,pluto-5d4d,4,lower,slow_attack,,2500000.0,-12.476380683946635,-12.343261592387831,3,3,3
ch4-lower-edge-narrow-pluto-5d4d-20260810T093929Z,ch4-lower-edge-narrow-pluto-5d4d-20260810T093929Z.json,2026-08-10,pluto-5d4d,4,lower,slow_attack,,2500000.0,-12.755572953973962,-12.518172405830905,3,3,2
ch4-lower-edge-narrow-pluto-5d4d-20260810T094214Z,ch4-lower-edge-narrow-pluto-5d4d-20260810T094214Z.json,2026-08-10,pluto-5d4d,4,lower,slow_attack,,2500000.0,-12.891019091603598,-12.676000304006614,1,1,1
ch4-lower-edge-narrow-pluto-5d4d-20260810T094420Z,ch4-lower-edge-narrow-pluto-5d4d-20260810T094420Z.json,2026-08-10,pluto-5d4d,4,lower,manual,50.0,2500000.0,-27.140015507992533,-32.00255431583072,3,3,3
ch4-lower-edge-narrow-pluto-5d4d-20260810T094704Z,ch4-lower-edge-narrow-pluto-5d4d-20260810T094704Z.json,2026-08-10,pluto-5d4d,4,lower,slow_attack,,2500000.0,-12.66936560321045,-12.500932885851217,2,2,2
ch4-lower-edge-narrow-pluto-5d4d-20260810T094910Z,ch4-lower-edge-narrow-pluto-5d4d-20260810T094910Z.json,2026-08-10,pluto-5d4d,4,lower,slow_attack,,2500000.0,-12.5527839723023,-12.445749860064655,3,3,3
ch4-lower-edge-narrow-pluto-5d4d-20260810T095226Z,ch4-lower-edge-narrow-pluto-5d4d-20260810T095226Z.json,2026-08-10,pluto-5d4d,4,lower,slow_attack,,2500000.0,-12.777209950898566,-12.60658971983325,1,1,1
ch4-lower-edge-narrow-pluto-5d4d-20260810T095433Z,ch4-lower-edge-narrow-pluto-5d4d-20260810T095433Z.json,2026-08-10,pluto-5d4d,4,lower,manual,50.0,2500000.0,-27.438048459992782,-32.23852274334251,2,2,1
ch4-lower-edge-narrow-pluto-5d4d-20260810T095718Z,ch4-lower-edge-narrow-pluto-5d4d-20260810T095718Z.json,2026-08-10,pluto-5d4d,4,lower,manual,50.0,2500000.0,-27.093633721835275,-32.10776499038025,3,3,3
ch4-lower-edge-narrow-pluto-5d4d-20260810T095921Z,ch4-lower-edge-narrow-pluto-5d4d-20260810T095921Z.json,2026-08-10,pluto-5d4d,4,lower,manual,50.0,2500000.0,-27.361410646676795,-32.233338214104464,3,3,2
ch4-lower-edge-narrow-pluto-5d4d-20260810T100203Z,ch4-lower-edge-narrow-pluto-5d4d-20260810T100203Z.json,2026-08-10,pluto-5d4d,4,lower,manual,50.0,2500000.0,-27.663920917331378,-32.45922646993339,2,2,2
ch4-lower-edge-narrow-pluto-5d4d-20260810T100445Z,ch4-lower-edge-narrow-pluto-5d4d-20260810T100445Z.json,2026-08-10,pluto-5d4d,4,lower,manual,50.0,2500000.0,-27.749861366831983,-32.553972402465014,1,1,1
ch4-lower-edge-narrow-pluto-5d4d-20260810T100731Z,ch4-lower-edge-narrow-pluto-5d4d-20260810T100731Z.json,2026-08-10,pluto-5d4d,4,lower,manual,50.0,2500000.0,-27.456880909076062,-32.32516962614754,1,1,1
ch4-lower-edge-narrow-pluto-5d4d-20260810T100935Z,ch4-lower-edge-narrow-pluto-5d4d-20260810T100935Z.json,2026-08-10,pluto-5d4d,4,lower,manual,50.0,2500000.0,-27.367660893012523,-32.24210725642533,2,2,2
ch4-lower-edge-narrow-pluto-5d4d-20260810T101219Z,ch4-lower-edge-narrow-pluto-5d4d-20260810T101219Z.json,2026-08-10,pluto-5d4d,4,lower,slow_attack,,2500000.0,-12.68338663254064,-12.578623200743468,3,3,3
ch4-lower-edge-narrow-pluto-5d4d-20260810T101425Z,ch4-lower-edge-narrow-pluto-5d4d-20260810T101425Z.json,2026-08-10,pluto-5d4d,4,lower,slow_attack,,2500000.0,-12.781218712303403,-12.071279817099857,1,1,1
ch4-lower-edge-narrow-pluto-5d4d-20260810T101742Z,ch4-lower-edge-narrow-pluto-5d4d-20260810T101742Z.json,2026-08-10,pluto-5d4d,4,lower,slow_attack,,2500000.0,-12.670449375215071,-12.48652252937567,3,3,3
ch4-lower-edge-narrow-pluto-5d4d-20260810T101948Z,ch4-lower-edge-narrow-pluto-5d4d-20260810T101948Z.json,2026-08-10,pluto-5d4d,4,lower,slow_attack,,2500000.0,-12.775008609376338,-12.597201627111138,1,1,1
ch4-lower-edge-narrow-pluto-5d4d-20260810T102235Z,ch4-lower-edge-narrow-pluto-5d4d-20260810T102235Z.json,2026-08-10,pluto-5d4d,4,lower,slow_attack,,2500000.0,-12.809377382104286,-12.66273299974971,2,2,2
ch4-lower-edge-narrow-pluto-5d4d-20260810T102441Z,ch4-lower-edge-narrow-pluto-5d4d-20260810T102441Z.json,2026-08-10,pluto-5d4d,4,lower,slow_attack,,2500000.0,-13.000055793778351,-12.838765082542656,0,0,0
ch4-lower-edge-narrow-pluto-5d4d-20260810T102726Z,ch4-lower-edge-narrow-pluto-5d4d-20260810T102726Z.json,2026-08-10,pluto-5d4d,4,lower,manual,50.0,2500000.0,-26.598371083676366,-31.604314784610953,4,4,4
ch4-lower-edge-narrow-pluto-5d4d-20260810T102930Z,ch4-lower-edge-narrow-pluto-5d4d-20260810T102930Z.json,2026-08-10,pluto-5d4d,4,lower,manual,50.0,2500000.0,-27.25488534454719,-32.008146415488824,2,2,2
ch4-lower-edge-narrow-pluto-5d4d-20260810T103213Z,ch4-lower-edge-narrow-pluto-5d4d-20260810T103213Z.json,2026-08-10,pluto-5d4d,4,lower,manual,50.0,2500000.0,-27.591095908128686,-32.40021156184122,1,1,1
ch4-lower-edge-narrow-pluto-5d4d-20260810T103417Z,ch4-lower-edge-narrow-pluto-5d4d-20260810T103417Z.json,2026-08-10,pluto-5d4d,4,lower,slow_attack,,2500000.0,-12.898632675002661,-12.714759832700008,1,1,1
ch4-lower-edge-narrow-pluto-5d4d-20260810T103703Z,ch4-lower-edge-narrow-pluto-5d4d-20260810T103703Z.json,2026-08-10,pluto-5d4d,4,lower,manual,50.0,2500000.0,-27.215901199702426,-32.120892256260696,4,4,4
ch4-lower-edge-narrow-pluto-5d4d-20260810T103906Z,ch4-lower-edge-narrow-pluto-5d4d-20260810T103906Z.json,2026-08-10,pluto-5d4d,4,lower,slow_attack,,2500000.0,-12.927892189863073,-12.745621309343084,1,1,1
ch4-lower-edge-narrow-pluto-5d4d-20260810T104304Z,ch4-lower-edge-narrow-pluto-5d4d-20260810T104304Z.json,2026-08-10,pluto-5d4d,4,lower,slow_attack,,2500000.0,-12.86138923043325,-12.618406666135325,0,0,0
ch4-lower-edge-narrow-pluto-5d4d-20260810T104511Z,ch4-lower-edge-narrow-pluto-5d4d-20260810T104511Z.json,2026-08-10,pluto-5d4d,4,lower,manual,50.0,2500000.0,-27.778896191312946,-32.53233288623172,0,0,0
ch4-lower-edge-narrow-pluto-5d4d-20260810T104755Z,ch4-lower-edge-narrow-pluto-5d4d-20260810T104755Z.json,2026-08-10,pluto-5d4d,4,lower,slow_attack,,2500000.0,-12.773842319280016,-12.647819948772403,2,2,2
ch4-lower-edge-narrow-pluto-5d4d-20260810T105001Z,ch4-lower-edge-narrow-pluto-5d4d-20260810T105001Z.json,2026-08-10,pluto-5d4d,4,lower,manual,50.0,2500000.0,-27.565615877377404,-32.332105061406565,1,1,1
ch4-lower-edge-narrow-pluto-5d4d-20260810T105244Z,ch4-lower-edge-narrow-pluto-5d4d-20260810T105244Z.json,2026-08-10,pluto-5d4d,4,lower,manual,50.0,2500000.0,-27.779090864868966,-32.55088969863276,0,0,0
ch4-lower-edge-narrow-pluto-5d4d-20260810T105449Z,ch4-lower-edge-narrow-pluto-5d4d-20260810T105449Z.json,2026-08-10,pluto-5d4d,4,lower,manual,50.0,2500000.0,-27.502089496092648,-32.236553546388265,3,3,3
ch4-lower-edge-narrow-pluto-5d4d-20260810T105732Z,ch4-lower-edge-narrow-pluto-5d4d-20260810T105732Z.json,2026-08-10,pluto-5d4d,4,lower,slow_attack,,2500000.0,-12.50591075777536,-12.405911697144612,3,3,3
ch4-lower-edge-narrow-pluto-5d4d-20260810T105938Z,ch4-lower-edge-narrow-pluto-5d4d-20260810T105938Z.json,2026-08-10,pluto-5d4d,4,lower,manual,50.0,2500000.0,-27.680636846763306,-32.45809077705787,2,2,2
ch4-lower-edge-narrow-pluto-5d4d-20260810T110220Z,ch4-lower-edge-narrow-pluto-5d4d-20260810T110220Z.json,2026-08-10,pluto-5d4d,4,lower,manual,50.0,2500000.0,-27.21585616658991,-32.06530503620831,1,1,1
ch4-lower-edge-narrow-pluto-5d4d-20260810T110424Z,ch4-lower-edge-narrow-pluto-5d4d-20260810T110424Z.json,2026-08-10,pluto-5d4d,4,lower,slow_attack,,2500000.0,-12.654769874114695,-12.541480891562191,3,3,3
ch4-lower-edge-narrow-pluto-5d4d-20260810T110741Z,ch4-lower-edge-narrow-pluto-5d4d-20260810T110741Z.json,2026-08-10,pluto-5d4d,4,lower,manual,50.0,2500000.0,-27.617735107734212,-32.378633882900004,2,2,2
ch4-lower-edge-narrow-pluto-5d4d-20260810T110944Z,ch4-lower-edge-narrow-pluto-5d4d-20260810T110944Z.json,2026-08-10,pluto-5d4d,4,lower,slow_attack,,2500000.0,-12.6319267291602,-12.498636523057707,2,2,2
ch4-lower-edge-narrow-pluto-5d4d-20260810T111230Z,ch4-lower-edge-narrow-pluto-5d4d-20260810T111230Z.json,2026-08-10,pluto-5d4d,4,lower,manual,50.0,2500000.0,-27.30496726059716,-32.23699524818365,4,4,4
ch4-lower-edge-narrow-pluto-5d4d-20260810T111434Z,ch4-lower-edge-narrow-pluto-5d4d-20260810T111434Z.json,2026-08-10,pluto-5d4d,4,lower,slow_attack,,2500000.0,-12.013553598650315,-11.965735350107945,0,0,0
ch4-lower-edge-narrow-pluto-5d4d-20260810T111718Z,ch4-lower-edge-narrow-pluto-5d4d-20260810T111718Z.json,2026-08-10,pluto-5d4d,4,lower,manual,50.0,2500000.0,-27.310125064102998,-32.157933069822036,4,4,1
ch4-lower-edge-narrow-pluto-5d4d-20260810T112003Z,ch4-lower-edge-narrow-pluto-5d4d-20260810T112003Z.json,2026-08-10,pluto-5d4d,4,lower,manual,50.0,2500000.0,-27.294403035627973,-32.06205081298124,6,6,3
ch4-lower-edge-narrow-pluto-5d4d-20260810T112246Z,ch4-lower-edge-narrow-pluto-5d4d-20260810T112246Z.json,2026-08-10,pluto-5d4d,4,lower,manual,50.0,2500000.0,-27.075724938416222,-31.96897212595576,1,1,1
ch4-lower-edge-narrow-pluto-5d4d-20260810T112450Z,ch4-lower-edge-narrow-pluto-5d4d-20260810T112450Z.json,2026-08-10,pluto-5d4d,4,lower,manual,50.0,2500000.0,-27.785068959157204,-32.53013893395786,0,0,0
ch4-lower-edge-narrow-pluto-5d4d-20260810T112735Z,ch4-lower-edge-narrow-pluto-5d4d-20260810T112735Z.json,2026-08-10,pluto-5d4d,4,lower,slow_attack,,2500000.0,-12.905055407472103,-12.72040578102995,2,2,2
ch4-lower-edge-narrow-pluto-5d4d-20260810T112941Z,ch4-lower-edge-narrow-pluto-5d4d-20260810T112941Z.json,2026-08-10,pluto-5d4d,4,lower,slow_attack,,2500000.0,-12.818971067490532,-12.627691873720417,0,0,0
ch4-lower-edge-narrow-pluto-5d4d-20260810T113255Z,ch4-lower-edge-narrow-pluto-5d4d-20260810T113255Z.json,2026-08-10,pluto-5d4d,4,lower,slow_attack,,2500000.0,-13.02682071796738,-12.75193738311895,0,0,0
ch4-lower-edge-narrow-pluto-5d4d-20260810T113501Z,ch4-lower-edge-narrow-pluto-5d4d-20260810T113501Z.json,2026-08-10,pluto-5d4d,4,lower,slow_attack,,2500000.0,-12.791024809512157,-12.617600278733029,3,3,2
ch4-lower-edge-narrow-pluto-5d4d-20260810T113746Z,ch4-lower-edge-narrow-pluto-5d4d-20260810T113746Z.json,2026-08-10,pluto-5d4d,4,lower,manual,50.0,2500000.0,-26.875636503022942,-31.803794154266036,7,7,5
ch4-lower-edge-narrow-pluto-5d4d-20260810T113949Z,ch4-lower-edge-narrow-pluto-5d4d-20260810T113949Z.json,2026-08-10,pluto-5d4d,4,lower,manual,50.0,2500000.0,-26.731636839972836,-31.694223798604447,4,4,3
ch4-lower-edge-narrow-pluto-5d4d-20260810T114233Z,ch4-lower-edge-narrow-pluto-5d4d-20260810T114233Z.json,2026-08-10,pluto-5d4d,4,lower,manual,50.0,2500000.0,-26.571887500292647,-31.747088290528072,5,5,4
ch4-lower-edge-narrow-pluto-5d4d-20260810T114437Z,ch4-lower-edge-narrow-pluto-5d4d-20260810T114437Z.json,2026-08-10,pluto-5d4d,4,lower,slow_attack,,2500000.0,-12.392129143737138,-12.310011316795858,7,7,5
ch4-lower-edge-narrow-pluto-5d4d-20260810T114721Z,ch4-lower-edge-narrow-pluto-5d4d-20260810T114721Z.json,2026-08-10,pluto-5d4d,4,lower,manual,50.0,2500000.0,-26.89420600844904,-31.7479973061468,6,6,6
ch4-lower-edge-narrow-pluto-5d4d-20260810T114925Z,ch4-lower-edge-narrow-pluto-5d4d-20260810T114925Z.json,2026-08-10,pluto-5d4d,4,lower,slow_attack,,2500000.0,-12.738439223644466,-12.489477446045637,2,2,2
ch4-lower-edge-narrow-pluto-5d4d-20260810T115209Z,ch4-lower-edge-narrow-pluto-5d4d-20260810T115209Z.json,2026-08-10,pluto-5d4d,4,lower,slow_attack,,2500000.0,-12.910103588666582,-12.687524680348654,1,1,1
ch4-lower-edge-narrow-pluto-5d4d-20260810T115415Z,ch4-lower-edge-narrow-pluto-5d4d-20260810T115415Z.json,2026-08-10,pluto-5d4d,4,lower,slow_attack,,2500000.0,-12.387189049734735,-12.298837974598635,4,4,4
ch4-lower-edge-narrow-pluto-5d4d-20260810T115812Z,ch4-lower-edge-narrow-pluto-5d4d-20260810T115812Z.json,2026-08-10,pluto-5d4d,4,lower,slow_attack,,2500000.0,-12.55599980592897,-12.581376756719266,1,1,1
ch4-lower-edge-narrow-pluto-5d4d-20260810T120019Z,ch4-lower-edge-narrow-pluto-5d4d-20260810T120019Z.json,2026-08-10,pluto-5d4d,4,lower,manual,50.0,2500000.0,-27.74390163306366,-32.504220571900895,0,0,0
ch4-lower-edge-narrow-pluto-5d4d-20260810T120302Z,ch4-lower-edge-narrow-pluto-5d4d-20260810T120302Z.json,2026-08-10,pluto-5d4d,4,lower,slow_attack,,2500000.0,-13.057777430681632,-12.748457992340388,1,1,1
ch4-lower-edge-narrow-pluto-5d4d-20260810T120508Z,ch4-lower-edge-narrow-pluto-5d4d-20260810T120508Z.json,2026-08-10,pluto-5d4d,4,lower,slow_attack,,2500000.0,-12.248989053250419,-12.241053975679668,2,2,1
ch4-lower-edge-narrow-pluto-5d4d-20260810T120753Z,ch4-lower-edge-narrow-pluto-5d4d-20260810T120753Z.json,2026-08-10,pluto-5d4d,4,lower,slow_attack,,2500000.0,-12.771986818696913,-12.630003097424602,1,1,1
ch4-lower-edge-narrow-pluto-5d4d-20260810T121000Z,ch4-lower-edge-narrow-pluto-5d4d-20260810T121000Z.json,2026-08-10,pluto-5d4d,4,lower,manual,50.0,2500000.0,-27.742929674957864,-32.461397344234,0,0,0
ch4-lower-edge-narrow-pluto-5d4d-20260810T121242Z,ch4-lower-edge-narrow-pluto-5d4d-20260810T121242Z.json,2026-08-10,pluto-5d4d,4,lower,slow_attack,,2500000.0,-12.799121189752112,-12.56311925277754,2,2,2
ch4-lower-edge-narrow-pluto-5d4d-20260810T121449Z,ch4-lower-edge-narrow-pluto-5d4d-20260810T121449Z.json,2026-08-10,pluto-5d4d,4,lower,manual,50.0,2500000.0,-27.511334373851287,-32.20326923403622,2,2,1
ch4-lower-edge-narrow-pluto-5d4d-20260810T121732Z,ch4-lower-edge-narrow-pluto-5d4d-20260810T121732Z.json,2026-08-10,pluto-5d4d,4,lower,slow_attack,,2500000.0,-12.522432325316402,-12.377037149686114,5,5,5
ch4-lower-edge-narrow-pluto-5d4d-20260810T121938Z,ch4-lower-edge-narrow-pluto-5d4d-20260810T121938Z.json,2026-08-10,pluto-5d4d,4,lower,manual,50.0,2500000.0,-27.140848565137784,-31.885813094562696,4,4,3
ch4-lower-edge-narrow-pluto-5d4d-20260810T122253Z,ch4-lower-edge-narrow-pluto-5d4d-20260810T122253Z.json,2026-08-10,pluto-5d4d,4,lower,manual,50.0,2500000.0,-27.160360694254756,-31.959199381526332,3,3,3
ch4-lower-edge-narrow-pluto-5d4d-20260810T122457Z,ch4-lower-edge-narrow-pluto-5d4d-20260810T122457Z.json,2026-08-10,pluto-5d4d,4,lower,manual,50.0,2500000.0,-26.992449757028755,-31.88547739857863,2,2,2
ch4-lower-edge-narrow-pluto-5d4d-20260810T122740Z,ch4-lower-edge-narrow-pluto-5d4d-20260810T122740Z.json,2026-08-10,pluto-5d4d,4,lower,slow_attack,,2500000.0,-12.689571026014963,-12.566796115868213,3,3,2
ch4-lower-edge-narrow-pluto-5d4d-20260810T122946Z,ch4-lower-edge-narrow-pluto-5d4d-20260810T122946Z.json,2026-08-10,pluto-5d4d,4,lower,manual,50.0,2500000.0,-27.652809783969033,-32.394930479055326,1,1,1
ch4-lower-edge-narrow-pluto-5d4d-20260810T123228Z,ch4-lower-edge-narrow-pluto-5d4d-20260810T123228Z.json,2026-08-10,pluto-5d4d,4,lower,slow_attack,,2500000.0,-12.790331815078808,-12.624573615116297,2,2,2
ch4-lower-edge-narrow-pluto-5d4d-20260810T123514Z,ch4-lower-edge-narrow-pluto-5d4d-20260810T123514Z.json,2026-08-10,pluto-5d4d,4,lower,slow_attack,,2500000.0,-12.758750298480273,-12.79859714340543,1,1,1
ch4-lower-edge-narrow-pluto-5d4d-20260810T123759Z,ch4-lower-edge-narrow-pluto-5d4d-20260810T123759Z.json,2026-08-10,pluto-5d4d,4,lower,manual,50.0,2500000.0,-27.688450333167367,-32.43112851246475,1,1,1
ch4-lower-edge-narrow-pluto-5d4d-20260810T124003Z,ch4-lower-edge-narrow-pluto-5d4d-20260810T124003Z.json,2026-08-10,pluto-5d4d,4,lower,manual,50.0,2500000.0,-27.327010477974518,-32.152512462903246,5,5,3
ch4-lower-edge-narrow-pluto-5d4d-20260810T124246Z,ch4-lower-edge-narrow-pluto-5d4d-20260810T124246Z.json,2026-08-10,pluto-5d4d,4,lower,slow_attack,,2500000.0,-12.988359754879887,-12.69406346602464,0,0,0
ch4-lower-edge-narrow-pluto-5d4d-20260810T124452Z,ch4-lower-edge-narrow-pluto-5d4d-20260810T124452Z.json,2026-08-10,pluto-5d4d,4,lower,manual,50.0,2500000.0,-27.729853222891208,-32.4363900094569,0,0,0
ch4-lower-edge-narrow-pluto-5d4d-20260810T124808Z,ch4-lower-edge-narrow-pluto-5d4d-20260810T124808Z.json,2026-08-10,pluto-5d4d,4,lower,manual,50.0,2500000.0,-27.345749221354186,-32.0932466632413,2,2,2
ch4-lower-edge-narrow-pluto-5d4d-20260810T125011Z,ch4-lower-edge-narrow-pluto-5d4d-20260810T125011Z.json,2026-08-10,pluto-5d4d,4,lower,slow_attack,,2500000.0,-12.70584343499101,-12.47234908490258,3,3,3
ch4-lower-edge-narrow-pluto-5d4d-20260810T125256Z,ch4-lower-edge-narrow-pluto-5d4d-20260810T125256Z.json,2026-08-10,pluto-5d4d,4,lower,slow_attack,,2500000.0,-12.368054904207938,-12.722804580181835,0,0,0
ch4-lower-edge-narrow-pluto-5d4d-20260810T125502Z,ch4-lower-edge-narrow-pluto-5d4d-20260810T125502Z.json,2026-08-10,pluto-5d4d,4,lower,manual,50.0,2500000.0,-27.558881225346408,-32.260298183182485,2,2,2
ch4-lower-edge-narrow-pluto-5d4d-20260810T125745Z,ch4-lower-edge-narrow-pluto-5d4d-20260810T125745Z.json,2026-08-10,pluto-5d4d,4,lower,slow_attack,,2500000.0,-12.559746274720494,-12.446276375406857,6,6,4
ch4-lower-edge-narrow-pluto-5d4d-20260810T125950Z,ch4-lower-edge-narrow-pluto-5d4d-20260810T125950Z.json,2026-08-10,pluto-5d4d,4,lower,slow_attack,,2500000.0,-12.537249726306726,-12.359824151213193,4,4,3
ch4-lower-edge-narrow-pluto-5d4d-20260810T130234Z,ch4-lower-edge-narrow-pluto-5d4d-20260810T130234Z.json,2026-08-10,pluto-5d4d,4,lower,slow_attack,,2500000.0,-12.720026393867148,-12.415803485411987,4,4,4
ch4-lower-edge-narrow-pluto-5d4d-20260810T130440Z,ch4-lower-edge-narrow-pluto-5d4d-20260810T130440Z.json,2026-08-10,pluto-5d4d,4,lower,slow_attack,,2500000.0,-12.726557133679117,-12.488175079043252,3,3,2
ch4-lower-edge-narrow-pluto-5d4d-20260810T130724Z,ch4-lower-edge-narrow-pluto-5d4d-20260810T130724Z.json,2026-08-10,pluto-5d4d,4,lower,slow_attack,,2500000.0,-12.451905101814937,-12.47178918288495,2,2,2
ch4-lower-edge-narrow-pluto-5d4d-20260810T130931Z,ch4-lower-edge-narrow-pluto-5d4d-20260810T130931Z.json,2026-08-10,pluto-5d4d,4,lower,manual,50.0,2500000.0,-27.60236147068519,-32.33007724759281,0,0,0
ch4-lower-edge-narrow-pluto-5d4d-20260810T131323Z,ch4-lower-edge-narrow-pluto-5d4d-20260810T131323Z.json,2026-08-10,pluto-5d4d,4,lower,slow_attack,,2500000.0,-12.578884618148168,-12.368068998283322,6,6,6
ch4-lower-edge-narrow-pluto-5d4d-20260810T131530Z,ch4-lower-edge-narrow-pluto-5d4d-20260810T131530Z.json,2026-08-10,pluto-5d4d,4,lower,slow_attack,,2500000.0,-12.640349407910662,-12.446744493068316,2,2,2
ch4-lower-edge-narrow-pluto-5d4d-20260810T131817Z,ch4-lower-edge-narrow-pluto-5d4d-20260810T131817Z.json,2026-08-10,pluto-5d4d,4,lower,slow_attack,,2500000.0,-12.520723715040859,-12.429981521235398,4,4,4
ch4-lower-edge-narrow-pluto-5d4d-20260810T132023Z,ch4-lower-edge-narrow-pluto-5d4d-20260810T132023Z.json,2026-08-10,pluto-5d4d,4,lower,manual,50.0,2500000.0,-27.732692085697423,-32.430701270083354,1,0,0
ch4-lower-edge-narrow-pluto-5d4d-20260810T132305Z,ch4-lower-edge-narrow-pluto-5d4d-20260810T132305Z.json,2026-08-10,pluto-5d4d,4,lower,manual,50.0,2500000.0,-27.083414296733714,-32.099066304060344,5,5,4
ch4-lower-edge-narrow-pluto-5d4d-20260810T132510Z,ch4-lower-edge-narrow-pluto-5d4d-20260810T132510Z.json,2026-08-10,pluto-5d4d,4,lower,manual,50.0,2500000.0,-27.43796871935156,-32.281020976113524,2,2,2
ch4-lower-edge-narrow-pluto-5d4d-20260810T132754Z,ch4-lower-edge-narrow-pluto-5d4d-20260810T132754Z.json,2026-08-10,pluto-5d4d,4,lower,manual,50.0,2500000.0,-27.251821493464004,-32.070123569193065,3,3,3
ch4-lower-edge-narrow-pluto-5d4d-20260810T132958Z,ch4-lower-edge-narrow-pluto-5d4d-20260810T132958Z.json,2026-08-10,pluto-5d4d,4,lower,slow_attack,,2500000.0,-12.616902112931774,-12.561186912278394,2,2,2
ch4-lower-edge-narrow-pluto-5d4d-20260810T133243Z,ch4-lower-edge-narrow-pluto-5d4d-20260810T133243Z.json,2026-08-10,pluto-5d4d,4,lower,manual,50.0,2500000.0,-27.37457863582174,-32.1590028582319,3,3,3
ch4-lower-edge-narrow-pluto-5d4d-20260810T133447Z,ch4-lower-edge-narrow-pluto-5d4d-20260810T133447Z.json,2026-08-10,pluto-5d4d,4,lower,slow_attack,,2500000.0,-12.74120048871368,-12.528530714528873,3,3,2
ch4-lower-edge-narrow-pluto-5d4d-20260810T133800Z,ch4-lower-edge-narrow-pluto-5d4d-20260810T133800Z.json,2026-08-10,pluto-5d4d,4,lower,manual,50.0,2500000.0,-27.33303405556252,-32.156723336861354,3,3,3
ch4-lower-edge-narrow-pluto-5d4d-20260810T134004Z,ch4-lower-edge-narrow-pluto-5d4d-20260810T134004Z.json,2026-08-10,pluto-5d4d,4,lower,manual,50.0,2500000.0,-27.656021845271393,-32.435473472789,1,1,1
ch4-lower-edge-narrow-pluto-5d4d-20260810T134246Z,ch4-lower-edge-narrow-pluto-5d4d-20260810T134246Z.json,2026-08-10,pluto-5d4d,4,lower,manual,50.0,2500000.0,-27.58477937754251,-32.36692132114411,1,1,0
ch4-lower-edge-narrow-pluto-5d4d-20260810T134451Z,ch4-lower-edge-narrow-pluto-5d4d-20260810T134451Z.json,2026-08-10,pluto-5d4d,4,lower,slow_attack,,2500000.0,-12.930084947604072,-12.739116216427625,1,1,1
ch4-lower-edge-narrow-pluto-5d4d-20260810T134736Z,ch4-lower-edge-narrow-pluto-5d4d-20260810T134736Z.json,2026-08-10,pluto-5d4d,4,lower,manual,50.0,2500000.0,-27.614970845896103,-32.41445236810291,0,0,0
ch4-lower-edge-narrow-pluto-5d4d-20260810T135021Z,ch4-lower-edge-narrow-pluto-5d4d-20260810T135021Z.json,2026-08-10,pluto-5d4d,4,lower,slow_attack,,2500000.0,-12.74170894644759,-12.577999893202081,1,1,1
ch4-lower-edge-narrow-pluto-5d4d-20260810T135308Z,ch4-lower-edge-narrow-pluto-5d4d-20260810T135308Z.json,2026-08-10,pluto-5d4d,4,lower,slow_attack,,2500000.0,-12.631190064228807,-12.406134952553224,3,3,3
ch4-lower-edge-narrow-pluto-5d4d-20260810T135514Z,ch4-lower-edge-narrow-pluto-5d4d-20260810T135514Z.json,2026-08-10,pluto-5d4d,4,lower,slow_attack,,2500000.0,-12.689604889608006,-12.482796340138462,1,1,1
ch4-lower-edge-narrow-pluto-5d4d-20260810T135801Z,ch4-lower-edge-narrow-pluto-5d4d-20260810T135801Z.json,2026-08-10,pluto-5d4d,4,lower,manual,50.0,2500000.0,-27.481448156662445,-32.299762051627795,3,3,2
ch4-lower-edge-narrow-pluto-5d4d-20260810T140004Z,ch4-lower-edge-narrow-pluto-5d4d-20260810T140004Z.json,2026-08-10,pluto-5d4d,4,lower,slow_attack,,2500000.0,-12.794116243467975,-12.604898431809541,1,0,0
ch4-lower-edge-narrow-pluto-5d4d-20260810T140320Z,ch4-lower-edge-narrow-pluto-5d4d-20260810T140320Z.json,2026-08-10,pluto-5d4d,4,lower,manual,50.0,2500000.0,-27.575475291919183,-32.362369997900096,0,0,0
ch4-lower-edge-narrow-pluto-5d4d-20260810T140524Z,ch4-lower-edge-narrow-pluto-5d4d-20260810T140524Z.json,2026-08-10,pluto-5d4d,4,lower,manual,50.0,2500000.0,-27.385211865391263,-32.21711965803396,3,3,2
ch4-lower-edge-narrow-pluto-5d4d-20260810T140807Z,ch4-lower-edge-narrow-pluto-5d4d-20260810T140807Z.json,2026-08-10,pluto-5d4d,4,lower,manual,50.0,2500000.0,-27.566659728515607,-32.305542992548816,2,2,2
ch4-lower-edge-narrow-pluto-5d4d-20260810T141012Z,ch4-lower-edge-narrow-pluto-5d4d-20260810T141012Z.json,2026-08-10,pluto-5d4d,4,lower,slow_attack,,2500000.0,-12.843192964132946,-12.576143881164377,2,2,1
ch4-lower-edge-narrow-pluto-5d4d-20260810T141256Z,ch4-lower-edge-narrow-pluto-5d4d-20260810T141256Z.json,2026-08-10,pluto-5d4d,4,lower,manual,50.0,2500000.0,-27.72447943201426,-32.46615512859433,1,1,1
ch4-lower-edge-narrow-pluto-5d4d-20260810T141500Z,ch4-lower-edge-narrow-pluto-5d4d-20260810T141500Z.json,2026-08-10,pluto-5d4d,4,lower,slow_attack,,2500000.0,-12.860005583447826,-12.617869615324384,2,2,2
ch4-lower-edge-narrow-pluto-5d4d-20260810T141745Z,ch4-lower-edge-narrow-pluto-5d4d-20260810T141745Z.json,2026-08-10,pluto-5d4d,4,lower,slow_attack,,2500000.0,-12.67002171787906,-12.498964030042908,2,2,2
ch4-lower-edge-narrow-pluto-5d4d-20260810T141951Z,ch4-lower-edge-narrow-pluto-5d4d-20260810T141951Z.json,2026-08-10,pluto-5d4d,4,lower,slow_attack,,2500000.0,-12.668673504382584,-12.46306998119232,2,2,2
ch4-lower-edge-narrow-pluto-5d4d-20260810T142237Z,ch4-lower-edge-narrow-pluto-5d4d-20260810T142237Z.json,2026-08-10,pluto-5d4d,4,lower,manual,50.0,2500000.0,-27.739907503418266,-32.471039044074175,1,1,1
ch4-lower-edge-narrow-pluto-5d4d-20260810T142441Z,ch4-lower-edge-narrow-pluto-5d4d-20260810T142441Z.json,2026-08-10,pluto-5d4d,4,lower,manual,50.0,2500000.0,-27.69498180420165,-32.449603516415394,3,0,0
ch4-lower-edge-narrow-pluto-5d4d-20260810T142831Z,ch4-lower-edge-narrow-pluto-5d4d-20260810T142831Z.json,2026-08-10,pluto-5d4d,4,lower,manual,50.0,2500000.0,-27.581443380646398,-32.34945982421465,1,1,1
ch4-lower-edge-narrow-pluto-5d4d-20260810T143036Z,ch4-lower-edge-narrow-pluto-5d4d-20260810T143036Z.json,2026-08-10,pluto-5d4d,4,lower,manual,50.0,2500000.0,-27.56934483327017,-32.38342675909066,1,1,1
ch4-lower-edge-narrow-pluto-5d4d-20260810T143319Z,ch4-lower-edge-narrow-pluto-5d4d-20260810T143319Z.json,2026-08-10,pluto-5d4d,4,lower,slow_attack,,2500000.0,-12.868514235285568,-12.780617915886008,0,0,0
ch4-lower-edge-narrow-pluto-5d4d-20260810T143525Z,ch4-lower-edge-narrow-pluto-5d4d-20260810T143525Z.json,2026-08-10,pluto-5d4d,4,lower,manual,50.0,2500000.0,-27.092808115575117,-32.05870379528544,4,4,4
ch4-lower-edge-narrow-pluto-5d4d-20260810T143809Z,ch4-lower-edge-narrow-pluto-5d4d-20260810T143809Z.json,2026-08-10,pluto-5d4d,4,lower,slow_attack,,2500000.0,-12.93508677338185,-12.682514698349788,0,0,0
ch4-lower-edge-narrow-pluto-5d4d-20260810T144015Z,ch4-lower-edge-narrow-pluto-5d4d-20260810T144015Z.json,2026-08-10,pluto-5d4d,4,lower,slow_attack,,2500000.0,-13.117038599965905,-12.866028679671702,1,0,0
ch4-lower-edge-narrow-pluto-5d4d-20260810T144301Z,ch4-lower-edge-narrow-pluto-5d4d-20260810T144301Z.json,2026-08-10,pluto-5d4d,4,lower,slow_attack,,2500000.0,-12.89490353300117,-12.654570954239182,4,4,3
ch4-lower-edge-narrow-pluto-5d4d-20260810T144507Z,ch4-lower-edge-narrow-pluto-5d4d-20260810T144507Z.json,2026-08-10,pluto-5d4d,4,lower,manual,50.0,2500000.0,-27.280261468942992,-32.00870704703882,3,3,3
ch4-lower-edge-narrow-pluto-5d4d-20260810T144750Z,ch4-lower-edge-narrow-pluto-5d4d-20260810T144750Z.json,2026-08-10,pluto-5d4d,4,lower,slow_attack,,2500000.0,-12.782918513240272,-12.622233606386523,3,3,3
ch4-lower-edge-narrow-pluto-5d4d-20260810T144956Z,ch4-lower-edge-narrow-pluto-5d4d-20260810T144956Z.json,2026-08-10,pluto-5d4d,4,lower,slow_attack,,2500000.0,-12.597252954891008,-12.420448590882472,1,1,1
ch4-lower-edge-narrow-pluto-5d4d-20260810T145310Z,ch4-lower-edge-narrow-pluto-5d4d-20260810T145310Z.json,2026-08-10,pluto-5d4d,4,lower,manual,50.0,2500000.0,-26.97775285142409,-31.816427935964946,4,4,4
ch4-lower-edge-narrow-pluto-5d4d-20260810T145514Z,ch4-lower-edge-narrow-pluto-5d4d-20260810T145514Z.json,2026-08-10,pluto-5d4d,4,lower,manual,50.0,2500000.0,-27.683339366848088,-32.42817241672788,1,1,1
ch4-lower-edge-narrow-pluto-5d4d-20260810T145758Z,ch4-lower-edge-narrow-pluto-5d4d-20260810T145758Z.json,2026-08-10,pluto-5d4d,4,lower,slow_attack,,2500000.0,-12.632825482761232,-12.544294014647049,2,2,2
ch4-lower-edge-narrow-pluto-5d4d-20260810T150004Z,ch4-lower-edge-narrow-pluto-5d4d-20260810T150004Z.json,2026-08-10,pluto-5d4d,4,lower,manual,50.0,2500000.0,-27.140968364185323,-31.934308968853536,6,6,5
ch4-lower-edge-narrow-pluto-5d4d-20260810T150247Z,ch4-lower-edge-narrow-pluto-5d4d-20260810T150247Z.json,2026-08-10,pluto-5d4d,4,lower,slow_attack,,2500000.0,-12.698789517653822,-12.85033005263866,2,2,2
ch4-lower-edge-narrow-pluto-5d4d-20260810T150534Z,ch4-lower-edge-narrow-pluto-5d4d-20260810T150534Z.json,2026-08-10,pluto-5d4d,4,lower,slow_attack,,2500000.0,-12.614601704414323,-12.69740677448699,3,3,3
ch4-lower-edge-narrow-pluto-5d4d-20260810T150821Z,ch4-lower-edge-narrow-pluto-5d4d-20260810T150821Z.json,2026-08-10,pluto-5d4d,4,lower,slow_attack,,2500000.0,-12.911796790147513,-12.709354045437319,3,3,3
ch4-lower-edge-narrow-pluto-5d4d-20260810T151027Z,ch4-lower-edge-narrow-pluto-5d4d-20260810T151027Z.json,2026-08-10,pluto-5d4d,4,lower,slow_attack,,2500000.0,-12.763506007903478,-12.526497215619269,6,6,2
ch4-lower-edge-narrow-pluto-5d4d-20260810T151315Z,ch4-lower-edge-narrow-pluto-5d4d-20260810T151315Z.json,2026-08-10,pluto-5d4d,4,lower,manual,50.0,2500000.0,-26.961998175475973,-31.637290601535998,5,5,4
ch4-lower-edge-narrow-pluto-5d4d-20260810T151518Z,ch4-lower-edge-narrow-pluto-5d4d-20260810T151518Z.json,2026-08-10,pluto-5d4d,4,lower,manual,50.0,2500000.0,-27.72865517680961,-32.43689285934847,2,2,2
ch4-lower-edge-narrow-pluto-5d4d-20260810T151837Z,ch4-lower-edge-narrow-pluto-5d4d-20260810T151837Z.json,2026-08-10,pluto-5d4d,4,lower,manual,50.0,2500000.0,-27.594271765696114,-32.2875440482298,3,3,3
ch4-lower-edge-narrow-pluto-5d4d-20260810T152041Z,ch4-lower-edge-narrow-pluto-5d4d-20260810T152041Z.json,2026-08-10,pluto-5d4d,4,lower,slow_attack,,2500000.0,-12.316170148934784,-12.669036491698147,1,1,1
ch4-lower-edge-narrow-pluto-5d4d-20260810T152332Z,ch4-lower-edge-narrow-pluto-5d4d-20260810T152332Z.json,2026-08-10,pluto-5d4d,4,lower,manual,50.0,2500000.0,-27.621757345421145,-32.29544785326785,2,2,1
ch4-lower-edge-narrow-pluto-5d4d-20260810T152537Z,ch4-lower-edge-narrow-pluto-5d4d-20260810T152537Z.json,2026-08-10,pluto-5d4d,4,lower,slow_attack,,2500000.0,-12.650157052970263,-12.33765497027699,6,6,6
ch4-lower-edge-narrow-pluto-5d4d-20260810T152832Z,ch4-lower-edge-narrow-pluto-5d4d-20260810T152832Z.json,2026-08-10,pluto-5d4d,4,lower,slow_attack,,2500000.0,-12.579495186146282,-12.771664491336761,1,1,1
ch4-lower-edge-narrow-pluto-5d4d-20260810T153041Z,ch4-lower-edge-narrow-pluto-5d4d-20260810T153041Z.json,2026-08-10,pluto-5d4d,4,lower,slow_attack,,2500000.0,-12.583291863810423,-12.597530006924547,2,2,2
ch4-lower-edge-narrow-pluto-5d4d-20260810T153332Z,ch4-lower-edge-narrow-pluto-5d4d-20260810T153332Z.json,2026-08-10,pluto-5d4d,4,lower,manual,50.0,2500000.0,-27.257663017954833,-32.01690988625438,3,3,3
ch4-lower-edge-narrow-pluto-5d4d-20260810T153537Z,ch4-lower-edge-narrow-pluto-5d4d-20260810T153537Z.json,2026-08-10,pluto-5d4d,4,lower,manual,50.0,2500000.0,-27.977959812075582,-32.57050155131735,0,0,0
ch4-lower-edge-narrow-pluto-5d4d-20260810T153828Z,ch4-lower-edge-narrow-pluto-5d4d-20260810T153828Z.json,2026-08-10,pluto-5d4d,4,lower,slow_attack,,2500000.0,-12.68911735480782,-12.611071823347606,3,3,2
ch4-lower-edge-narrow-pluto-5d4d-20260810T154035Z,ch4-lower-edge-narrow-pluto-5d4d-20260810T154035Z.json,2026-08-10,pluto-5d4d,4,lower,slow_attack,,2500000.0,-12.651418544920016,-12.555989226874534,3,3,3
ch4-lower-edge-narrow-pluto-5d4d-20260810T154441Z,ch4-lower-edge-narrow-pluto-5d4d-20260810T154441Z.json,2026-08-10,pluto-5d4d,4,lower,manual,50.0,2500000.0,-27.691146917506273,-32.26857577973176,4,4,4
ch4-lower-edge-narrow-pluto-5d4d-20260810T154647Z,ch4-lower-edge-narrow-pluto-5d4d-20260810T154647Z.json,2026-08-10,pluto-5d4d,4,lower,slow_attack,,2500000.0,-12.470852063939692,-12.581337533563108,2,2,2
ch4-lower-edge-narrow-pluto-5d4d-20260810T154936Z,ch4-lower-edge-narrow-pluto-5d4d-20260810T154936Z.json,2026-08-10,pluto-5d4d,4,lower,slow_attack,,2500000.0,-12.334290854616963,-12.913496502135297,2,2,2
ch4-lower-edge-narrow-pluto-5d4d-20260810T155143Z,ch4-lower-edge-narrow-pluto-5d4d-20260810T155143Z.json,2026-08-10,pluto-5d4d,4,lower,slow_attack,,2500000.0,-12.54600126083496,-12.709176763931305,3,3,3
ch4-lower-edge-narrow-pluto-5d4d-20260810T155433Z,ch4-lower-edge-narrow-pluto-5d4d-20260810T155433Z.json,2026-08-10,pluto-5d4d,4,lower,manual,50.0,2500000.0,-27.59187245920238,-32.26702691123277,3,3,3
ch4-lower-edge-narrow-pluto-5d4d-20260810T155637Z,ch4-lower-edge-narrow-pluto-5d4d-20260810T155637Z.json,2026-08-10,pluto-5d4d,4,lower,manual,50.0,2500000.0,-27.593308731381722,-32.213950118405734,2,2,2
ch4-lower-edge-narrow-pluto-5d4d-20260810T155922Z,ch4-lower-edge-narrow-pluto-5d4d-20260810T155922Z.json,2026-08-10,pluto-5d4d,4,lower,slow_attack,,2500000.0,-12.583067789411242,-12.494746603340161,4,4,4
ch4-lower-edge-narrow-pluto-5d4d-20260810T160128Z,ch4-lower-edge-narrow-pluto-5d4d-20260810T160128Z.json,2026-08-10,pluto-5d4d,4,lower,manual,50.0,2500000.0,-27.573879913923676,-32.06019049599795,2,2,2
ch4-lower-edge-narrow-pluto-5d4d-20260810T160413Z,ch4-lower-edge-narrow-pluto-5d4d-20260810T160413Z.json,2026-08-10,pluto-5d4d,4,lower,manual,50.0,2500000.0,-27.60400523841609,-32.18596990061722,6,6,6
ch4-lower-edge-narrow-pluto-5d4d-20260810T160618Z,ch4-lower-edge-narrow-pluto-5d4d-20260810T160618Z.json,2026-08-10,pluto-5d4d,4,lower,manual,50.0,2500000.0,-27.76972313933781,-32.409130908594655,1,1,1
ch4-lower-edge-narrow-pluto-5d4d-20260810T160936Z,ch4-lower-edge-narrow-pluto-5d4d-20260810T160936Z.json,2026-08-10,pluto-5d4d,4,lower,slow_attack,,2500000.0,-12.371682171339327,-12.554881474188127,6,6,5
ch4-lower-edge-narrow-pluto-5d4d-20260810T161142Z,ch4-lower-edge-narrow-pluto-5d4d-20260810T161142Z.json,2026-08-10,pluto-5d4d,4,lower,slow_attack,,2500000.0,-12.460101649446788,-12.231757749076838,4,4,4
ch4-lower-edge-narrow-pluto-5d4d-20260810T161430Z,ch4-lower-edge-narrow-pluto-5d4d-20260810T161430Z.json,2026-08-10,pluto-5d4d,4,lower,slow_attack,,2500000.0,-12.420565550620676,-12.77526115914081,2,2,2
ch4-lower-edge-narrow-pluto-5d4d-20260810T161637Z,ch4-lower-edge-narrow-pluto-5d4d-20260810T161637Z.json,2026-08-10,pluto-5d4d,4,lower,slow_attack,,2500000.0,-12.670741483676222,-12.60260387810079,3,3,3
ch4-lower-edge-narrow-pluto-5d4d-20260810T161926Z,ch4-lower-edge-narrow-pluto-5d4d-20260810T161926Z.json,2026-08-10,pluto-5d4d,4,lower,manual,50.0,2500000.0,-27.779557933531432,-32.39552869059247,4,4,4
ch4-lower-edge-narrow-pluto-5d4d-20260810T162209Z,ch4-lower-edge-narrow-pluto-5d4d-20260810T162209Z.json,2026-08-10,pluto-5d4d,4,lower,manual,50.0,2500000.0,-27.985707832119186,-32.52264138935037,3,3,3
ch4-lower-edge-narrow-pluto-5d4d-20260810T162454Z,ch4-lower-edge-narrow-pluto-5d4d-20260810T162454Z.json,2026-08-10,pluto-5d4d,4,lower,slow_attack,,2500000.0,-12.471423022980945,-12.740071150660624,2,2,2
ch4-lower-edge-narrow-pluto-5d4d-20260810T162700Z,ch4-lower-edge-narrow-pluto-5d4d-20260810T162700Z.json,2026-08-10,pluto-5d4d,4,lower,manual,50.0,2500000.0,-27.60643997500059,-32.126813041804475,5,5,5
ch4-lower-edge-narrow-pluto-5d4d-20260810T162945Z,ch4-lower-edge-narrow-pluto-5d4d-20260810T162945Z.json,2026-08-10,pluto-5d4d,4,lower,manual,50.0,2500000.0,-27.603972605876894,-32.366175625255124,3,3,3
ch4-lower-edge-narrow-pluto-5d4d-20260810T163150Z,ch4-lower-edge-narrow-pluto-5d4d-20260810T163150Z.json,2026-08-10,pluto-5d4d,4,lower,manual,50.0,2500000.0,-27.538149355579762,-32.096262798577584,5,5,3
ch4-lower-edge-narrow-pluto-5d4d-20260810T163508Z,ch4-lower-edge-narrow-pluto-5d4d-20260810T163508Z.json,2026-08-10,pluto-5d4d,4,lower,slow_attack,,2500000.0,-12.630615531103174,-12.324588161941081,3,3,3
ch4-lower-edge-narrow-pluto-5d4d-20260810T163715Z,ch4-lower-edge-narrow-pluto-5d4d-20260810T163715Z.json,2026-08-10,pluto-5d4d,4,lower,manual,50.0,2500000.0,-27.61251793689744,-32.262342208891084,5,5,5
ch4-lower-edge-narrow-pluto-5d4d-20260810T163959Z,ch4-lower-edge-narrow-pluto-5d4d-20260810T163959Z.json,2026-08-10,pluto-5d4d,4,lower,slow_attack,,2500000.0,-12.458027025230153,-12.292376478207874,7,7,6
ch4-lower-edge-narrow-pluto-5d4d-20260810T164205Z,ch4-lower-edge-narrow-pluto-5d4d-20260810T164205Z.json,2026-08-10,pluto-5d4d,4,lower,manual,50.0,2500000.0,-28.055632207694956,-32.6771349882722,2,2,2
ch4-lower-edge-narrow-pluto-5d4d-20260810T164452Z,ch4-lower-edge-narrow-pluto-5d4d-20260810T164452Z.json,2026-08-10,pluto-5d4d,4,lower,manual,50.0,2500000.0,-28.10596111366426,-32.68499652293534,1,1,1
ch4-lower-edge-narrow-pluto-5d4d-20260810T164657Z,ch4-lower-edge-narrow-pluto-5d4d-20260810T164657Z.json,2026-08-10,pluto-5d4d,4,lower,slow_attack,,2500000.0,-12.627009840332128,-12.963722584121374,2,2,2
ch4-lower-edge-narrow-pluto-5d4d-20260810T164944Z,ch4-lower-edge-narrow-pluto-5d4d-20260810T164944Z.json,2026-08-10,pluto-5d4d,4,lower,slow_attack,,2500000.0,-12.355648987850834,-12.753829459573954,3,3,2
ch4-lower-edge-narrow-pluto-5d4d-20260810T165150Z,ch4-lower-edge-narrow-pluto-5d4d-20260810T165150Z.json,2026-08-10,pluto-5d4d,4,lower,slow_attack,,2500000.0,-12.442218096131965,-12.240407292753234,2,2,2
ch4-lower-edge-narrow-pluto-5d4d-20260810T165437Z,ch4-lower-edge-narrow-pluto-5d4d-20260810T165437Z.json,2026-08-10,pluto-5d4d,4,lower,slow_attack,,2500000.0,-12.588278890838156,-12.804820594387607,3,3,3
ch4-lower-edge-narrow-pluto-5d4d-20260810T165644Z,ch4-lower-edge-narrow-pluto-5d4d-20260810T165644Z.json,2026-08-10,pluto-5d4d,4,lower,manual,50.0,2500000.0,-27.97747186850572,-32.65583303220362,2,2,2
ch4-lower-edge-narrow-pluto-5d4d-20260810T170044Z,ch4-lower-edge-narrow-pluto-5d4d-20260810T170044Z.json,2026-08-10,pluto-5d4d,4,lower,slow_attack,,2500000.0,-12.511487192573851,-12.679144261727668,6,6,4
ch4-lower-edge-narrow-pluto-5d4d-20260810T170250Z,ch4-lower-edge-narrow-pluto-5d4d-20260810T170250Z.json,2026-08-10,pluto-5d4d,4,lower,slow_attack,,2500000.0,-12.518399554386486,-12.248089944358869,4,4,4
ch4-lower-edge-narrow-pluto-5d4d-20260810T170539Z,ch4-lower-edge-narrow-pluto-5d4d-20260810T170539Z.json,2026-08-10,pluto-5d4d,4,lower,manual,50.0,2500000.0,-27.675530342415193,-32.29219857379741,6,6,4
ch4-lower-edge-narrow-pluto-5d4d-20260810T170743Z,ch4-lower-edge-narrow-pluto-5d4d-20260810T170743Z.json,2026-08-10,pluto-5d4d,4,lower,manual,50.0,2500000.0,-27.992239283313516,-32.53653087373025,5,5,4
ch4-lower-edge-narrow-pluto-5d4d-20260810T171214Z,ch4-lower-edge-narrow-pluto-5d4d-20260810T171214Z.json,2026-08-10,pluto-5d4d,4,lower,slow_attack,,2500000.0,-12.339744129429072,-12.829604770437593,5,5,5
ch4-lower-edge-narrow-pluto-5d4d-20260810T171419Z,ch4-lower-edge-narrow-pluto-5d4d-20260810T171419Z.json,2026-08-10,pluto-5d4d,4,lower,manual,50.0,2500000.0,-28.421906713898352,-32.87246075844854,0,0,0
ch4-lower-edge-narrow-pluto-5d4d-20260810T171706Z,ch4-lower-edge-narrow-pluto-5d4d-20260810T171706Z.json,2026-08-10,pluto-5d4d,4,lower,manual,50.0,2500000.0,-28.454000066119505,-32.94246515531833,1,1,1
ch4-lower-edge-narrow-pluto-5d4d-20260810T171910Z,ch4-lower-edge-narrow-pluto-5d4d-20260810T171910Z.json,2026-08-10,pluto-5d4d,4,lower,slow_attack,,2500000.0,-12.559238477672993,-12.633992086639342,2,2,2
ch4-lower-edge-narrow-pluto-5d4d-20260810T172158Z,ch4-lower-edge-narrow-pluto-5d4d-20260810T172158Z.json,2026-08-10,pluto-5d4d,4,lower,slow_attack,,2500000.0,-12.592437236221583,-12.758307983730358,3,3,2
ch4-lower-edge-narrow-pluto-5d4d-20260810T172404Z,ch4-lower-edge-narrow-pluto-5d4d-20260810T172404Z.json,2026-08-10,pluto-5d4d,4,lower,manual,50.0,2500000.0,-27.865471554117253,-32.34443475384984,2,2,2
ch4-lower-edge-narrow-pluto-5d4d-20260810T172721Z,ch4-lower-edge-narrow-pluto-5d4d-20260810T172721Z.json,2026-08-10,pluto-5d4d,4,lower,manual,50.0,2500000.0,-28.22160593295187,-32.701074456322054,3,3,3
ch4-lower-edge-narrow-pluto-5d4d-20260810T172925Z,ch4-lower-edge-narrow-pluto-5d4d-20260810T172925Z.json,2026-08-10,pluto-5d4d,4,lower,manual,50.0,2500000.0,-28.51157499843394,-32.9713150754884,0,0,0
ch4-lower-edge-narrow-pluto-5d4d-20260810T173208Z,ch4-lower-edge-narrow-pluto-5d4d-20260810T173208Z.json,2026-08-10,pluto-5d4d,4,lower,slow_attack,,2500000.0,-12.590956343835526,-12.377377718806787,5,5,5
ch4-lower-edge-narrow-pluto-5d4d-20260810T173413Z,ch4-lower-edge-narrow-pluto-5d4d-20260810T173413Z.json,2026-08-10,pluto-5d4d,4,lower,slow_attack,,2500000.0,-12.606962015424156,-12.457627807376394,4,4,4
ch4-lower-edge-narrow-pluto-5d4d-20260810T173658Z,ch4-lower-edge-narrow-pluto-5d4d-20260810T173658Z.json,2026-08-10,pluto-5d4d,4,lower,manual,50.0,2500000.0,-28.261273497068217,-32.76627911985765,3,3,3
ch4-lower-edge-narrow-pluto-5d4d-20260810T173943Z,ch4-lower-edge-narrow-pluto-5d4d-20260810T173943Z.json,2026-08-10,pluto-5d4d,4,lower,slow_attack,,2500000.0,-12.567297046791863,-12.261272140464392,5,5,4
ch4-lower-edge-narrow-pluto-5d4d-20260810T174300Z,ch4-lower-edge-narrow-pluto-5d4d-20260810T174300Z.json,2026-08-10,pluto-5d4d,4,lower,slow_attack,,2500000.0,-12.672351469521054,-12.387369573588336,1,1,1
ch4-lower-edge-narrow-pluto-5d4d-20260810T174506Z,ch4-lower-edge-narrow-pluto-5d4d-20260810T174506Z.json,2026-08-10,pluto-5d4d,4,lower,slow_attack,,2500000.0,-12.896179837615769,-12.412568780369027,1,1,1
ch4-lower-edge-narrow-pluto-5d4d-20260810T174752Z,ch4-lower-edge-narrow-pluto-5d4d-20260810T174752Z.json,2026-08-10,pluto-5d4d,4,lower,slow_attack,,2500000.0,-12.723091242700216,-12.376539484255533,4,4,3
ch4-lower-edge-narrow-pluto-5d4d-20260810T174958Z,ch4-lower-edge-narrow-pluto-5d4d-20260810T174958Z.json,2026-08-10,pluto-5d4d,4,lower,manual,50.0,2500000.0,-28.313629925029893,-32.804558370766586,2,2,2
ch4-lower-edge-narrow-pluto-5d4d-20260810T175642Z,ch4-lower-edge-narrow-pluto-5d4d-20260810T175642Z.json,2026-08-10,pluto-5d4d,4,lower,slow_attack,,2500000.0,-12.663382162204169,-12.312868820080231,2,2,2
ch4-lower-edge-narrow-pluto-5d4d-20260810T180318Z,ch4-lower-edge-narrow-pluto-5d4d-20260810T180318Z.json,2026-08-10,pluto-5d4d,4,lower,manual,50.0,2500000.0,-28.50888916108137,-32.98755224071593,1,1,1
ch4-lower-edge-narrow-pluto-5d4d-20260810T180615Z,ch4-lower-edge-narrow-pluto-5d4d-20260810T180615Z.json,2026-08-10,pluto-5d4d,4,lower,slow_attack,,2500000.0,-12.677563120219514,-12.733720586287312,4,4,4
ch4-lower-edge-narrow-pluto-5d4d-20260810T180821Z,ch4-lower-edge-narrow-pluto-5d4d-20260810T180821Z.json,2026-08-10,pluto-5d4d,4,lower,slow_attack,,2500000.0,-12.758853828194512,-12.332694049430366,1,1,1
ch4-lower-edge-narrow-pluto-5d4d-20260810T181105Z,ch4-lower-edge-narrow-pluto-5d4d-20260810T181105Z.json,2026-08-10,pluto-5d4d,4,lower,manual,50.0,2500000.0,-28.09538461378548,-32.60524340483707,3,3,3
ch4-lower-edge-narrow-pluto-5d4d-20260810T181309Z,ch4-lower-edge-narrow-pluto-5d4d-20260810T181309Z.json,2026-08-10,pluto-5d4d,4,lower,manual,50.0,2500000.0,-28.577130178622813,-32.99532265707296,1,1,1
ch4-lower-edge-narrow-pluto-5d4d-20260810T184908Z,ch4-lower-edge-narrow-pluto-5d4d-20260810T184908Z.json,2026-08-10,pluto-5d4d,4,lower,slow_attack,,2500000.0,-12.752008930960015,-12.329582180772451,4,4,4
ch4-lower-edge-narrow-pluto-5d4d-20260810T185559Z,ch4-lower-edge-narrow-pluto-5d4d-20260810T185559Z.json,2026-08-10,pluto-5d4d,4,lower,manual,50.0,2500000.0,-28.210831995617106,-32.70542667627187,1,1,1
ch4-lower-edge-narrow-pluto-5d4d-20260810T185841Z,ch4-lower-edge-narrow-pluto-5d4d-20260810T185841Z.json,2026-08-10,pluto-5d4d,4,lower,manual,50.0,2500000.0,-28.29837129528935,-32.82584675934573,1,1,1
ch4-lower-edge-narrow-pluto-5d4d-20260810T190045Z,ch4-lower-edge-narrow-pluto-5d4d-20260810T190045Z.json,2026-08-10,pluto-5d4d,4,lower,manual,50.0,2500000.0,-28.286604237517018,-32.78167114947007,2,2,2
ch4-lower-edge-narrow-pluto-5d4d-20260810T190439Z,ch4-lower-edge-narrow-pluto-5d4d-20260810T190439Z.json,2026-08-10,pluto-5d4d,4,lower,slow_attack,,2500000.0,-12.854430701950179,-12.344495111431028,2,2,2
ch4-lower-edge-narrow-pluto-5d4d-20260810T190645Z,ch4-lower-edge-narrow-pluto-5d4d-20260810T190645Z.json,2026-08-10,pluto-5d4d,4,lower,manual,50.0,2500000.0,-28.462427835245197,-32.95681002114566,1,1,1
ch4-lower-edge-narrow-pluto-5d4d-20260810T190929Z,ch4-lower-edge-narrow-pluto-5d4d-20260810T190929Z.json,2026-08-10,pluto-5d4d,4,lower,manual,50.0,2500000.0,-28.597975874605176,-32.96755020247246,3,3,3
ch4-lower-edge-narrow-pluto-5d4d-20260810T191133Z,ch4-lower-edge-narrow-pluto-5d4d-20260810T191133Z.json,2026-08-10,pluto-5d4d,4,lower,manual,50.0,2500000.0,-28.280965171842418,-32.69454780298745,3,3,3
ch4-lower-edge-narrow-pluto-5d4d-20260810T191417Z,ch4-lower-edge-narrow-pluto-5d4d-20260810T191417Z.json,2026-08-10,pluto-5d4d,4,lower,manual,50.0,2500000.0,-28.44419945512044,-32.8881376958511,2,2,2
ch4-lower-edge-narrow-pluto-5d4d-20260810T191621Z,ch4-lower-edge-narrow-pluto-5d4d-20260810T191621Z.json,2026-08-10,pluto-5d4d,4,lower,manual,50.0,2500000.0,-28.404322156194645,-32.87502698560947,3,3,3
ch4-lower-edge-narrow-pluto-5d4d-20260810T191906Z,ch4-lower-edge-narrow-pluto-5d4d-20260810T191906Z.json,2026-08-10,pluto-5d4d,4,lower,slow_attack,,2500000.0,-12.727938652079661,-12.377617599343973,5,5,4
ch4-lower-edge-narrow-pluto-5d4d-20260810T192211Z,ch4-lower-edge-narrow-pluto-5d4d-20260810T192211Z.json,2026-08-10,pluto-5d4d,4,lower,slow_attack,,2500000.0,-12.529045989741334,-12.37192262769552,4,4,4
ch4-lower-edge-narrow-pluto-5d4d-20260810T192531Z,ch4-lower-edge-narrow-pluto-5d4d-20260810T192531Z.json,2026-08-10,pluto-5d4d,4,lower,manual,50.0,2500000.0,-28.232066553387646,-32.47703386789188,4,4,3
ch4-lower-edge-narrow-pluto-5d4d-20260810T192735Z,ch4-lower-edge-narrow-pluto-5d4d-20260810T192735Z.json,2026-08-10,pluto-5d4d,4,lower,manual,50.0,2500000.0,-28.640837718619323,-33.048459344077756,1,1,1
ch4-lower-edge-narrow-pluto-5d4d-20260810T194305Z,ch4-lower-edge-narrow-pluto-5d4d-20260810T194305Z.json,2026-08-10,pluto-5d4d,4,lower,slow_attack,,2500000.0,-13.005197829412968,-12.615430416889769,1,1,1
ch4-lower-edge-narrow-pluto-5d4d-20260810T194656Z,ch4-lower-edge-narrow-pluto-5d4d-20260810T194656Z.json,2026-08-10,pluto-5d4d,4,lower,manual,50.0,2500000.0,-28.48122383627869,-32.93609116292602,3,3,2
ch4-lower-edge-narrow-pluto-5d4d-20260810T194937Z,ch4-lower-edge-narrow-pluto-5d4d-20260810T194937Z.json,2026-08-10,pluto-5d4d,4,lower,slow_attack,,2500000.0,-12.553960050115423,-12.445226417501097,4,4,4
ch4-lower-edge-narrow-pluto-5d4d-20260810T195143Z,ch4-lower-edge-narrow-pluto-5d4d-20260810T195143Z.json,2026-08-10,pluto-5d4d,4,lower,manual,50.0,2500000.0,-28.693362006099022,-33.15607644537694,2,2,2
ch4-lower-edge-narrow-pluto-5d4d-20260810T195425Z,ch4-lower-edge-narrow-pluto-5d4d-20260810T195425Z.json,2026-08-10,pluto-5d4d,4,lower,slow_attack,,2500000.0,-12.80895781432686,-12.44926470447188,1,1,1
ch4-lower-edge-narrow-pluto-5d4d-20260810T200726Z,ch4-lower-edge-narrow-pluto-5d4d-20260810T200726Z.json,2026-08-10,pluto-5d4d,4,lower,slow_attack,,2500000.0,-12.279002360881295,-12.686334184840536,0,0,0
ch4-lower-edge-narrow-pluto-5d4d-20260810T202326Z,ch4-lower-edge-narrow-pluto-5d4d-20260810T202326Z.json,2026-08-10,pluto-5d4d,4,lower,slow_attack,,2500000.0,-12.642336125997035,-12.478974968068782,4,4,4
ch4-lower-edge-narrow-pluto-5d4d-20260810T202531Z,ch4-lower-edge-narrow-pluto-5d4d-20260810T202531Z.json,2026-08-10,pluto-5d4d,4,lower,manual,50.0,2500000.0,-28.275007793916302,-32.73650216046526,4,4,4
ch4-lower-edge-narrow-pluto-5d4d-20260810T202812Z,ch4-lower-edge-narrow-pluto-5d4d-20260810T202812Z.json,2026-08-10,pluto-5d4d,4,lower,manual,50.0,2500000.0,-28.75813326043325,-33.173157618418514,2,2,2
ch4-lower-edge-narrow-pluto-5d4d-20260810T203016Z,ch4-lower-edge-narrow-pluto-5d4d-20260810T203016Z.json,2026-08-10,pluto-5d4d,4,lower,slow_attack,,2500000.0,-12.960777638341884,-12.529688522447886,1,1,1
ch4-lower-edge-narrow-pluto-5d4d-20260810T222446Z,ch4-lower-edge-narrow-pluto-5d4d-20260810T222446Z.json,2026-08-10,pluto-5d4d,4,lower,manual,50.0,2500000.0,-27.71894987292516,-32.23287893681109,0,0,0
ch4-lower-edge-narrow-pluto-5d4d-20260810T222659Z,ch4-lower-edge-narrow-pluto-5d4d-20260810T222659Z.json,2026-08-10,pluto-5d4d,4,lower,manual,50.0,2500000.0,-26.88262015337717,-31.28629112331643,6,6,4
ch4-lower-edge-narrow-pluto-5d4d-20260810T222939Z,ch4-lower-edge-narrow-pluto-5d4d-20260810T222939Z.json,2026-08-10,pluto-5d4d,4,lower,slow_attack,,2500000.0,-12.602349318876342,-12.51742710033902,5,5,5
ch4-lower-edge-narrow-pluto-5d4d-20260810T223217Z,ch4-lower-edge-narrow-pluto-5d4d-20260810T223217Z.json,2026-08-10,pluto-5d4d,4,lower,manual,50.0,2500000.0,-27.46354989579412,-31.88453371037624,4,4,4
ch4-lower-edge-narrow-pluto-5d4d-20260810T223538Z,ch4-lower-edge-narrow-pluto-5d4d-20260810T223538Z.json,2026-08-10,pluto-5d4d,4,lower,slow_attack,,2500000.0,-13.128237199232371,-12.64982284952204,0,0,0
ch4-lower-edge-narrow-pluto-5d4d-20260810T223614Z,ch4-lower-edge-narrow-pluto-5d4d-20260810T223614Z.json,2026-08-10,pluto-5d4d,4,lower,manual,50.0,2500000.0,-27.36812248685186,-31.85856786141832,3,3,3
ch4-lower-edge-narrow-pluto-5d4d-20260810T223914Z,ch4-lower-edge-narrow-pluto-5d4d-20260810T223914Z.json,2026-08-10,pluto-5d4d,4,lower,manual,50.0,2500000.0,-27.514723040399595,-31.937584407197946,3,3,3
ch4-lower-edge-narrow-pluto-5d4d-20260810T224224Z,ch4-lower-edge-narrow-pluto-5d4d-20260810T224224Z.json,2026-08-10,pluto-5d4d,4,lower,slow_attack,,2500000.0,-12.823845537820713,-12.525516680404898,1,1,1
ch4-lower-edge-narrow-pluto-5d4d-20260810T224431Z,ch4-lower-edge-narrow-pluto-5d4d-20260810T224431Z.json,2026-08-10,pluto-5d4d,4,lower,slow_attack,,2500000.0,-12.809504978679724,-12.66305180981687,3,3,3
ch4-lower-edge-narrow-pluto-5d4d-20260810T224718Z,ch4-lower-edge-narrow-pluto-5d4d-20260810T224718Z.json,2026-08-10,pluto-5d4d,4,lower,slow_attack,,2500000.0,-12.71347349853248,-13.008213536458754,2,2,2
ch4-lower-edge-narrow-pluto-5d4d-20260810T224925Z,ch4-lower-edge-narrow-pluto-5d4d-20260810T224925Z.json,2026-08-10,pluto-5d4d,4,lower,slow_attack,,2500000.0,-12.531296953770653,-12.84766361087845,1,1,1
ch4-lower-edge-narrow-pluto-5d4d-20260810T225010Z,ch4-lower-edge-narrow-pluto-5d4d-20260810T225010Z.json,2026-08-10,pluto-5d4d,4,lower,manual,50.0,2500000.0,-27.20206963741841,-31.559886477490608,5,5,5
ch4-lower-edge-narrow-pluto-5d4d-20260810T225247Z,ch4-lower-edge-narrow-pluto-5d4d-20260810T225247Z.json,2026-08-10,pluto-5d4d,4,lower,slow_attack,,2500000.0,-12.801440664951528,-12.153523299096406,1,1,1
ch4-lower-edge-narrow-pluto-5d4d-20260810T225535Z,ch4-lower-edge-narrow-pluto-5d4d-20260810T225535Z.json,2026-08-10,pluto-5d4d,4,lower,slow_attack,,2500000.0,-12.672735709666728,-12.441138848439977,1,1,1
ch4-lower-edge-narrow-pluto-5d4d-20260810T225743Z,ch4-lower-edge-narrow-pluto-5d4d-20260810T225743Z.json,2026-08-10,pluto-5d4d,4,lower,slow_attack,,2500000.0,-12.650975286445568,-12.805792313319373,4,4,4
ch4-lower-edge-narrow-pluto-5d4d-20260810T230035Z,ch4-lower-edge-narrow-pluto-5d4d-20260810T230035Z.json,2026-08-10,pluto-5d4d,4,lower,slow_attack,,2500000.0,-12.858054369752807,-12.445699938939537,1,1,1
ch4-lower-edge-narrow-pluto-5d4d-20260810T230242Z,ch4-lower-edge-narrow-pluto-5d4d-20260810T230242Z.json,2026-08-10,pluto-5d4d,4,lower,manual,50.0,2500000.0,-27.596059021631426,-31.979806749448294,1,1,1
ch4-lower-edge-narrow-pluto-5d4d-20260810T230532Z,ch4-lower-edge-narrow-pluto-5d4d-20260810T230532Z.json,2026-08-10,pluto-5d4d,4,lower,manual,50.0,2500000.0,-27.259760442464582,-31.709158882400924,2,2,2
ch4-lower-edge-narrow-pluto-5d4d-20260810T230736Z,ch4-lower-edge-narrow-pluto-5d4d-20260810T230736Z.json,2026-08-10,pluto-5d4d,4,lower,slow_attack,,2500000.0,-12.816407286941542,-12.155825957122739,0,0,0
ch4-lower-edge-narrow-pluto-5d4d-20260810T231026Z,ch4-lower-edge-narrow-pluto-5d4d-20260810T231026Z.json,2026-08-10,pluto-5d4d,4,lower,manual,50.0,2500000.0,-27.42524140301487,-31.87606761310797,1,1,1
ch4-lower-edge-narrow-pluto-5d4d-20260810T231232Z,ch4-lower-edge-narrow-pluto-5d4d-20260810T231232Z.json,2026-08-10,pluto-5d4d,4,lower,slow_attack,,2500000.0,-12.59955434179082,-12.780852866451987,3,3,3
ch4-lower-edge-narrow-pluto-5d4d-20260810T231538Z,ch4-lower-edge-narrow-pluto-5d4d-20260810T231538Z.json,2026-08-10,pluto-5d4d,4,lower,manual,50.0,2500000.0,-27.31641197094656,-31.744874668167956,2,2,2
ch4-lower-edge-narrow-pluto-5d4d-20260810T231816Z,ch4-lower-edge-narrow-pluto-5d4d-20260810T231816Z.json,2026-08-10,pluto-5d4d,4,lower,slow_attack,,2500000.0,-12.608033387024548,-12.759654976139466,3,3,3
ch4-lower-edge-narrow-pluto-5d4d-20260810T232103Z,ch4-lower-edge-narrow-pluto-5d4d-20260810T232103Z.json,2026-08-10,pluto-5d4d,4,lower,slow_attack,,2500000.0,-12.751303594313669,-12.518279709948605,4,4,4
ch4-lower-edge-narrow-pluto-5d4d-20260810T232334Z,ch4-lower-edge-narrow-pluto-5d4d-20260810T232334Z.json,2026-08-10,pluto-5d4d,4,lower,manual,50.0,2500000.0,-26.97818972609052,-31.6036130619231,3,3,3
ch4-lower-edge-narrow-pluto-5d4d-20260810T232629Z,ch4-lower-edge-narrow-pluto-5d4d-20260810T232629Z.json,2026-08-10,pluto-5d4d,4,lower,slow_attack,,2500000.0,-12.797034192219714,-12.931818020315433,2,2,2
ch4-lower-edge-narrow-pluto-5d4d-20260810T232835Z,ch4-lower-edge-narrow-pluto-5d4d-20260810T232835Z.json,2026-08-10,pluto-5d4d,4,lower,slow_attack,,2500000.0,-12.642800621400568,-12.076528053594568,1,1,1
ch4-lower-edge-narrow-pluto-5d4d-20260810T233123Z,ch4-lower-edge-narrow-pluto-5d4d-20260810T233123Z.json,2026-08-10,pluto-5d4d,4,lower,manual,50.0,2500000.0,-26.86195881352127,-31.501818183113617,4,4,3
ch4-lower-edge-narrow-pluto-5d4d-20260810T233327Z,ch4-lower-edge-narrow-pluto-5d4d-20260810T233327Z.json,2026-08-10,pluto-5d4d,4,lower,manual,50.0,2500000.0,-27.34056405867113,-31.91241886127779,1,1,1
ch4-lower-edge-narrow-pluto-5d4d-20260810T233610Z,ch4-lower-edge-narrow-pluto-5d4d-20260810T233610Z.json,2026-08-10,pluto-5d4d,4,lower,slow_attack,,2500000.0,-12.669737613851629,-12.235647490097794,1,1,1
ch4-lower-edge-narrow-pluto-5d4d-20260810T233816Z,ch4-lower-edge-narrow-pluto-5d4d-20260810T233816Z.json,2026-08-10,pluto-5d4d,4,lower,manual,50.0,2500000.0,-27.28013730487397,-31.90353624713302,0,0,0
ch4-lower-edge-narrow-pluto-5d4d-20260810T234131Z,ch4-lower-edge-narrow-pluto-5d4d-20260810T234131Z.json,2026-08-10,pluto-5d4d,4,lower,slow_attack,,2500000.0,-12.420563106068208,-12.313506066701725,3,3,3
ch4-lower-edge-narrow-pluto-5d4d-20260810T234338Z,ch4-lower-edge-narrow-pluto-5d4d-20260810T234338Z.json,2026-08-10,pluto-5d4d,4,lower,manual,50.0,2500000.0,-27.303072732267914,-31.81940240625569,2,2,2
ch4-lower-edge-narrow-pluto-5d4d-20260810T234623Z,ch4-lower-edge-narrow-pluto-5d4d-20260810T234623Z.json,2026-08-10,pluto-5d4d,4,lower,manual,50.0,2500000.0,-27.18188540885877,-31.756629421258996,1,1,1
ch4-lower-edge-narrow-pluto-5d4d-20260810T234828Z,ch4-lower-edge-narrow-pluto-5d4d-20260810T234828Z.json,2026-08-10,pluto-5d4d,4,lower,manual,50.0,2500000.0,-27.3705052081872,-31.88237794249226,0,0,0
ch4-lower-edge-narrow-pluto-5d4d-20260810T235117Z,ch4-lower-edge-narrow-pluto-5d4d-20260810T235117Z.json,2026-08-10,pluto-5d4d,4,lower,slow_attack,,2500000.0,-12.493341763440887,-12.599037648009269,3,3,2
ch4-lower-edge-narrow-pluto-5d4d-20260810T235408Z,ch4-lower-edge-narrow-pluto-5d4d-20260810T235408Z.json,2026-08-11,pluto-5d4d,4,lower,slow_attack,,2500000.0,-12.73576307164086,-12.800821823991244,3,3,3
ch4-lower-edge-narrow-pluto-5d4d-20260810T235700Z,ch4-lower-edge-narrow-pluto-5d4d-20260810T235700Z.json,2026-08-11,pluto-5d4d,4,lower,slow_attack,,2500000.0,-12.569053166805617,-12.468943646040033,3,3,3
ch4-lower-edge-narrow-pluto-5d4d-20260810T235907Z,ch4-lower-edge-narrow-pluto-5d4d-20260810T235907Z.json,2026-08-11,pluto-5d4d,4,lower,slow_attack,,2500000.0,-12.445088867795324,-12.806174703566827,1,1,1
ch4-lower-edge-narrow-pluto-5d4d-20260811T000157Z,ch4-lower-edge-narrow-pluto-5d4d-20260811T000157Z.json,2026-08-11,pluto-5d4d,4,lower,manual,50.0,2500000.0,-27.194589020901596,-31.760323037351817,1,1,1
ch4-lower-edge-narrow-pluto-5d4d-20260811T000402Z,ch4-lower-edge-narrow-pluto-5d4d-20260811T000402Z.json,2026-08-11,pluto-5d4d,4,lower,manual,50.0,2500000.0,-27.078801492845233,-31.73857819167376,3,3,3
ch4-lower-edge-narrow-pluto-5d4d-20260811T000719Z,ch4-lower-edge-narrow-pluto-5d4d-20260811T000719Z.json,2026-08-11,pluto-5d4d,4,lower,slow_attack,,2500000.0,-12.723957116023126,-12.792698046980963,2,2,2
ch4-lower-edge-narrow-pluto-5d4d-20260811T000925Z,ch4-lower-edge-narrow-pluto-5d4d-20260811T000925Z.json,2026-08-11,pluto-5d4d,4,lower,manual,50.0,2500000.0,-27.27984618034643,-31.90033773389281,0,0,0
ch4-lower-edge-narrow-pluto-5d4d-20260811T001210Z,ch4-lower-edge-narrow-pluto-5d4d-20260811T001210Z.json,2026-08-11,pluto-5d4d,4,lower,slow_attack,,2500000.0,-12.507762541465963,-12.925620661737895,0,0,0
ch4-lower-edge-narrow-pluto-5d4d-20260811T001417Z,ch4-lower-edge-narrow-pluto-5d4d-20260811T001417Z.json,2026-08-11,pluto-5d4d,4,lower,manual,50.0,2500000.0,-26.7433176882588,-31.437242497801545,2,2,2
ch4-lower-edge-narrow-pluto-5d4d-20260811T001701Z,ch4-lower-edge-narrow-pluto-5d4d-20260811T001701Z.json,2026-08-11,pluto-5d4d,4,lower,slow_attack,,2500000.0,-12.749535229847858,-12.517334822395927,3,3,3
ch4-lower-edge-narrow-pluto-5d4d-20260811T001908Z,ch4-lower-edge-narrow-pluto-5d4d-20260811T001908Z.json,2026-08-11,pluto-5d4d,4,lower,slow_attack,,2500000.0,-12.988634812366852,-12.629332652643647,4,4,4
ch4-lower-edge-narrow-pluto-5d4d-20260811T002156Z,ch4-lower-edge-narrow-pluto-5d4d-20260811T002156Z.json,2026-08-11,pluto-5d4d,4,lower,slow_attack,,2500000.0,-12.767095375209704,-12.639639123278698,3,3,3
ch4-lower-edge-narrow-pluto-5d4d-20260811T002402Z,ch4-lower-edge-narrow-pluto-5d4d-20260811T002402Z.json,2026-08-11,pluto-5d4d,4,lower,manual,50.0,2500000.0,-27.159130180347834,-31.802712407396825,1,1,1
ch4-lower-edge-narrow-pluto-5d4d-20260811T002649Z,ch4-lower-edge-narrow-pluto-5d4d-20260811T002649Z.json,2026-08-11,pluto-5d4d,4,lower,manual,50.0,2500000.0,-27.03580100816201,-31.689053395996968,1,1,1
ch4-lower-edge-narrow-pluto-5d4d-20260811T002854Z,ch4-lower-edge-narrow-pluto-5d4d-20260811T002854Z.json,2026-08-11,pluto-5d4d,4,lower,slow_attack,,2500000.0,-12.832816753184012,-12.848087919690387,1,1,1
ch4-lower-edge-narrow-pluto-5d4d-20260811T003254Z,ch4-lower-edge-narrow-pluto-5d4d-20260811T003254Z.json,2026-08-11,pluto-5d4d,4,lower,slow_attack,,2500000.0,-12.646955313185739,-12.46774192443089,1,1,1
ch4-lower-edge-narrow-pluto-5d4d-20260811T003502Z,ch4-lower-edge-narrow-pluto-5d4d-20260811T003502Z.json,2026-08-11,pluto-5d4d,4,lower,manual,50.0,2500000.0,-27.268925000359495,-31.865908505538762,0,0,0
ch4-lower-edge-narrow-pluto-5d4d-20260811T003752Z,ch4-lower-edge-narrow-pluto-5d4d-20260811T003752Z.json,2026-08-11,pluto-5d4d,4,lower,slow_attack,,2500000.0,-12.581762412278618,-12.380038270506564,5,5,5
ch4-lower-edge-narrow-pluto-5d4d-20260811T003958Z,ch4-lower-edge-narrow-pluto-5d4d-20260811T003958Z.json,2026-08-11,pluto-5d4d,4,lower,slow_attack,,2500000.0,-12.450897712357282,-12.312771587465663,0,0,0
ch4-lower-edge-narrow-pluto-5d4d-20260811T004245Z,ch4-lower-edge-narrow-pluto-5d4d-20260811T004245Z.json,2026-08-11,pluto-5d4d,4,lower,manual,50.0,2500000.0,-27.138457252381176,-31.724682872647737,2,2,2
ch4-lower-edge-narrow-pluto-5d4d-20260811T004450Z,ch4-lower-edge-narrow-pluto-5d4d-20260811T004450Z.json,2026-08-11,pluto-5d4d,4,lower,manual,50.0,2500000.0,-27.01375764479389,-31.64626767106087,1,1,1
ch4-lower-edge-narrow-pluto-5d4d-20260811T004735Z,ch4-lower-edge-narrow-pluto-5d4d-20260811T004735Z.json,2026-08-11,pluto-5d4d,4,lower,slow_attack,,2500000.0,-12.564345436604912,-12.752827284749685,3,3,2
ch4-lower-edge-narrow-pluto-5d4d-20260811T004941Z,ch4-lower-edge-narrow-pluto-5d4d-20260811T004941Z.json,2026-08-11,pluto-5d4d,4,lower,manual,50.0,2500000.0,-27.22519893278802,-31.850681624261785,1,1,1
ch4-lower-edge-narrow-pluto-5d4d-20260811T005228Z,ch4-lower-edge-narrow-pluto-5d4d-20260811T005228Z.json,2026-08-11,pluto-5d4d,4,lower,slow_attack,,2500000.0,-12.48480038916088,-12.122244991282606,1,0,0
ch4-lower-edge-narrow-pluto-5d4d-20260811T005435Z,ch4-lower-edge-narrow-pluto-5d4d-20260811T005435Z.json,2026-08-11,pluto-5d4d,4,lower,slow_attack,,2500000.0,-13.010251780345964,-12.881022995540805,1,1,1
ch4-lower-edge-narrow-pluto-5d4d-20260811T005755Z,ch4-lower-edge-narrow-pluto-5d4d-20260811T005755Z.json,2026-08-11,pluto-5d4d,4,lower,slow_attack,,2500000.0,-12.790717084341033,-12.76523019422633,1,1,1
ch4-lower-edge-narrow-pluto-5d4d-20260811T010002Z,ch4-lower-edge-narrow-pluto-5d4d-20260811T010002Z.json,2026-08-11,pluto-5d4d,4,lower,manual,50.0,2500000.0,-27.171906252416647,-31.792014284329024,0,0,0
ch4-lower-edge-narrow-pluto-5d4d-20260811T010249Z,ch4-lower-edge-narrow-pluto-5d4d-20260811T010249Z.json,2026-08-11,pluto-5d4d,4,lower,slow_attack,,2500000.0,-12.433220047504632,-12.58175659059817,1,1,1
ch4-lower-edge-narrow-pluto-5d4d-20260811T010458Z,ch4-lower-edge-narrow-pluto-5d4d-20260811T010458Z.json,2026-08-11,pluto-5d4d,4,lower,slow_attack,,2500000.0,-12.51365267497578,-12.668609197043502,3,3,3
ch4-lower-edge-narrow-pluto-5d4d-20260811T010747Z,ch4-lower-edge-narrow-pluto-5d4d-20260811T010747Z.json,2026-08-11,pluto-5d4d,4,lower,slow_attack,,2500000.0,-12.535218204028576,-12.340203373873756,2,2,2
ch4-lower-edge-narrow-pluto-5d4d-20260811T011035Z,ch4-lower-edge-narrow-pluto-5d4d-20260811T011035Z.json,2026-08-11,pluto-5d4d,4,lower,slow_attack,,2500000.0,-12.29020988273139,-12.746851467232997,1,1,1
ch4-lower-edge-narrow-pluto-5d4d-20260811T011328Z,ch4-lower-edge-narrow-pluto-5d4d-20260811T011328Z.json,2026-08-11,pluto-5d4d,4,lower,slow_attack,,2500000.0,-12.460147038279743,-12.57473351781484,3,3,3
ch4-lower-edge-narrow-pluto-5d4d-20260811T011535Z,ch4-lower-edge-narrow-pluto-5d4d-20260811T011535Z.json,2026-08-11,pluto-5d4d,4,lower,manual,50.0,2500000.0,-26.815600057111837,-31.527391392155863,1,1,1
ch4-lower-edge-narrow-pluto-5d4d-20260811T011824Z,ch4-lower-edge-narrow-pluto-5d4d-20260811T011824Z.json,2026-08-11,pluto-5d4d,4,lower,manual,50.0,2500000.0,-26.887266155970128,-31.43418387382876,2,2,2
ch4-lower-edge-narrow-pluto-5d4d-20260811T012029Z,ch4-lower-edge-narrow-pluto-5d4d-20260811T012029Z.json,2026-08-11,pluto-5d4d,4,lower,slow_attack,,2500000.0,-12.91093076630281,-12.562260185695491,4,4,4
ch4-lower-edge-narrow-pluto-5d4d-20260811T012352Z,ch4-lower-edge-narrow-pluto-5d4d-20260811T012352Z.json,2026-08-11,pluto-5d4d,4,lower,slow_attack,,2500000.0,-12.636888548877751,-12.452913078196783,4,4,2
ch4-lower-edge-narrow-pluto-5d4d-20260811T012559Z,ch4-lower-edge-narrow-pluto-5d4d-20260811T012559Z.json,2026-08-11,pluto-5d4d,4,lower,slow_attack,,2500000.0,-12.701811533542491,-12.412796516569378,4,4,4
ch4-lower-edge-narrow-pluto-5d4d-20260811T012851Z,ch4-lower-edge-narrow-pluto-5d4d-20260811T012851Z.json,2026-08-11,pluto-5d4d,4,lower,manual,50.0,2500000.0,-26.66449317020743,-31.448663699692986,2,2,2
ch4-lower-edge-narrow-pluto-5d4d-20260811T013056Z,ch4-lower-edge-narrow-pluto-5d4d-20260811T013056Z.json,2026-08-11,pluto-5d4d,4,lower,slow_attack,,2500000.0,-12.813093691061091,-12.569861550811703,2,2,2
ch4-lower-edge-narrow-pluto-5d4d-20260811T013346Z,ch4-lower-edge-narrow-pluto-5d4d-20260811T013346Z.json,2026-08-11,pluto-5d4d,4,lower,manual,50.0,2500000.0,-26.75295487956766,-31.48918566657922,2,0,0
ch4-lower-edge-narrow-pluto-5d4d-20260811T013552Z,ch4-lower-edge-narrow-pluto-5d4d-20260811T013552Z.json,2026-08-11,pluto-5d4d,4,lower,manual,50.0,2500000.0,-26.730610998119477,-31.45188742904424,1,1,1
ch4-lower-edge-narrow-pluto-5d4d-20260811T013837Z,ch4-lower-edge-narrow-pluto-5d4d-20260811T013837Z.json,2026-08-11,pluto-5d4d,4,lower,slow_attack,,2500000.0,-13.154867997768845,-12.650484749468875,0,0,0
ch4-lower-edge-narrow-pluto-5d4d-20260811T014043Z,ch4-lower-edge-narrow-pluto-5d4d-20260811T014043Z.json,2026-08-11,pluto-5d4d,4,lower,manual,50.0,2500000.0,-26.86771002037441,-31.594537597441278,0,0,0
ch4-lower-edge-narrow-pluto-5d4d-20260811T014328Z,ch4-lower-edge-narrow-pluto-5d4d-20260811T014328Z.json,2026-08-11,pluto-5d4d,4,lower,manual,50.0,2500000.0,-26.341803204295545,-31.200813748353447,3,3,3
ch4-lower-edge-narrow-pluto-5d4d-20260811T014532Z,ch4-lower-edge-narrow-pluto-5d4d-20260811T014532Z.json,2026-08-11,pluto-5d4d,4,lower,manual,50.0,2500000.0,-26.749035837179697,-31.42593015087828,1,1,1
ch4-lower-edge-narrow-pluto-5d4d-20260811T014940Z,ch4-lower-edge-narrow-pluto-5d4d-20260811T014940Z.json,2026-08-11,pluto-5d4d,4,lower,manual,50.0,2500000.0,-26.66638413810559,-31.422037886199725,2,2,2
ch4-lower-edge-narrow-pluto-5d4d-20260811T015147Z,ch4-lower-edge-narrow-pluto-5d4d-20260811T015147Z.json,2026-08-11,pluto-5d4d,4,lower,manual,50.0,2500000.0,-25.936677363011228,-30.694038634409054,6,6,3
ch4-lower-edge-narrow-pluto-5d4d-20260811T015438Z,ch4-lower-edge-narrow-pluto-5d4d-20260811T015438Z.json,2026-08-11,pluto-5d4d,4,lower,slow_attack,,2500000.0,-12.972358912372163,-12.56877739261225,1,0,0
ch4-lower-edge-narrow-pluto-5d4d-20260811T015644Z,ch4-lower-edge-narrow-pluto-5d4d-20260811T015644Z.json,2026-08-11,pluto-5d4d,4,lower,manual,50.0,2500000.0,-26.478791703643225,-31.268370586206892,2,2,2
ch4-lower-edge-narrow-pluto-5d4d-20260811T015930Z,ch4-lower-edge-narrow-pluto-5d4d-20260811T015930Z.json,2026-08-11,pluto-5d4d,4,lower,manual,50.0,2500000.0,-26.62960763676701,-31.387099060832405,1,1,1
ch4-lower-edge-narrow-pluto-5d4d-20260811T020135Z,ch4-lower-edge-narrow-pluto-5d4d-20260811T020135Z.json,2026-08-11,pluto-5d4d,4,lower,slow_attack,,2500000.0,-12.894998892409271,-12.51532512734607,0,0,0
ch4-lower-edge-narrow-pluto-5d4d-20260811T020421Z,ch4-lower-edge-narrow-pluto-5d4d-20260811T020421Z.json,2026-08-11,pluto-5d4d,4,lower,manual,50.0,2500000.0,-26.65773801274807,-31.375864755241626,1,1,1
ch4-lower-edge-narrow-pluto-5d4d-20260811T020625Z,ch4-lower-edge-narrow-pluto-5d4d-20260811T020625Z.json,2026-08-11,pluto-5d4d,4,lower,slow_attack,,2500000.0,-12.798349316133809,-12.551908339668486,1,1,1
ch4-lower-edge-narrow-pluto-5d4d-20260811T020911Z,ch4-lower-edge-narrow-pluto-5d4d-20260811T020911Z.json,2026-08-11,pluto-5d4d,4,lower,slow_attack,,2500000.0,-12.698707208054117,-12.416397043993936,4,4,3
ch4-lower-edge-narrow-pluto-5d4d-20260811T021117Z,ch4-lower-edge-narrow-pluto-5d4d-20260811T021117Z.json,2026-08-11,pluto-5d4d,4,lower,slow_attack,,2500000.0,-12.88891601233091,-12.536062420534238,1,0,0
ch4-lower-edge-narrow-pluto-5d4d-20260811T021435Z,ch4-lower-edge-narrow-pluto-5d4d-20260811T021435Z.json,2026-08-11,pluto-5d4d,4,lower,slow_attack,,2500000.0,-12.709509087921933,-12.440000797723332,3,3,3
ch4-lower-edge-narrow-pluto-5d4d-20260811T021641Z,ch4-lower-edge-narrow-pluto-5d4d-20260811T021641Z.json,2026-08-11,pluto-5d4d,4,lower,slow_attack,,2500000.0,-12.716482997759703,-12.476976680674632,3,3,3
ch4-lower-edge-narrow-pluto-5d4d-20260811T021929Z,ch4-lower-edge-narrow-pluto-5d4d-20260811T021929Z.json,2026-08-11,pluto-5d4d,4,lower,manual,50.0,2500000.0,-26.760087933680957,-31.47589621678226,2,1,0
ch4-lower-edge-narrow-pluto-5d4d-20260811T022133Z,ch4-lower-edge-narrow-pluto-5d4d-20260811T022133Z.json,2026-08-11,pluto-5d4d,4,lower,slow_attack,,2500000.0,-12.631469242243814,-12.241172766106667,3,3,2
ch4-lower-edge-narrow-pluto-5d4d-20260811T022421Z,ch4-lower-edge-narrow-pluto-5d4d-20260811T022421Z.json,2026-08-11,pluto-5d4d,4,lower,slow_attack,,2500000.0,-12.800099462789866,-12.419108911151064,2,2,2
ch4-lower-edge-narrow-pluto-5d4d-20260811T022708Z,ch4-lower-edge-narrow-pluto-5d4d-20260811T022708Z.json,2026-08-11,pluto-5d4d,4,lower,slow_attack,,2500000.0,-12.96940766524201,-12.484139716322389,1,1,1
ch4-lower-edge-narrow-pluto-5d4d-20260811T022956Z,ch4-lower-edge-narrow-pluto-5d4d-20260811T022956Z.json,2026-08-11,pluto-5d4d,4,lower,manual,50.0,2500000.0,-26.65882372819434,-31.447564251189206,2,2,2
ch4-lower-edge-narrow-pluto-5d4d-20260811T023200Z,ch4-lower-edge-narrow-pluto-5d4d-20260811T023200Z.json,2026-08-11,pluto-5d4d,4,lower,slow_attack,,2500000.0,-12.819405331990177,-12.488853780816251,2,2,1
ch4-lower-edge-narrow-pluto-5d4d-20260811T023447Z,ch4-lower-edge-narrow-pluto-5d4d-20260811T023447Z.json,2026-08-11,pluto-5d4d,4,lower,manual,50.0,2500000.0,-26.61171597722401,-31.37510464931791,2,2,2
ch4-lower-edge-narrow-pluto-5d4d-20260811T023652Z,ch4-lower-edge-narrow-pluto-5d4d-20260811T023652Z.json,2026-08-11,pluto-5d4d,4,lower,slow_attack,,2500000.0,-12.999521790288517,-12.60974585055269,2,2,1
ch4-lower-edge-narrow-pluto-5d4d-20260811T024011Z,ch4-lower-edge-narrow-pluto-5d4d-20260811T024011Z.json,2026-08-11,pluto-5d4d,4,lower,slow_attack,,2500000.0,-12.825989907260496,-12.487863625420054,1,1,1
ch4-lower-edge-narrow-pluto-5d4d-20260811T024217Z,ch4-lower-edge-narrow-pluto-5d4d-20260811T024217Z.json,2026-08-11,pluto-5d4d,4,lower,manual,50.0,2500000.0,-26.36945510914549,-31.17644176652682,6,6,4
ch4-lower-edge-narrow-pluto-5d4d-20260811T024501Z,ch4-lower-edge-narrow-pluto-5d4d-20260811T024501Z.json,2026-08-11,pluto-5d4d,4,lower,manual,50.0,2500000.0,-26.148329199857585,-30.896595635465754,3,3,3
ch4-lower-edge-narrow-pluto-5d4d-20260811T024705Z,ch4-lower-edge-narrow-pluto-5d4d-20260811T024705Z.json,2026-08-11,pluto-5d4d,4,lower,manual,50.0,2500000.0,-26.39673220180512,-31.215121162869465,1,1,1
ch4-lower-edge-narrow-pluto-5d4d-20260811T024951Z,ch4-lower-edge-narrow-pluto-5d4d-20260811T024951Z.json,2026-08-11,pluto-5d4d,4,lower,manual,50.0,2500000.0,-26.29794490278695,-31.164961296272658,3,3,3
ch4-lower-edge-narrow-pluto-5d4d-20260811T025155Z,ch4-lower-edge-narrow-pluto-5d4d-20260811T025155Z.json,2026-08-11,pluto-5d4d,4,lower,slow_attack,,2500000.0,-12.76676572029465,-12.495853720746483,2,2,2
ch4-lower-edge-narrow-pluto-5d4d-20260811T025442Z,ch4-lower-edge-narrow-pluto-5d4d-20260811T025442Z.json,2026-08-11,pluto-5d4d,4,lower,slow_attack,,2500000.0,-12.745512623483332,-12.501810050647645,1,1,1
ch4-lower-edge-narrow-pluto-5d4d-20260811T025648Z,ch4-lower-edge-narrow-pluto-5d4d-20260811T025648Z.json,2026-08-11,pluto-5d4d,4,lower,slow_attack,,2500000.0,-12.71573174320557,-12.352031292905064,3,3,2
ch4-lower-edge-narrow-pluto-5d4d-20260811T025935Z,ch4-lower-edge-narrow-pluto-5d4d-20260811T025935Z.json,2026-08-11,pluto-5d4d,4,lower,manual,50.0,2500000.0,-26.32638440747158,-31.161393164638103,2,2,2
ch4-lower-edge-narrow-pluto-5d4d-20260811T030139Z,ch4-lower-edge-narrow-pluto-5d4d-20260811T030139Z.json,2026-08-11,pluto-5d4d,4,lower,manual,50.0,2500000.0,-26.288439572052596,-31.176688679186068,4,4,3
ch4-lower-edge-narrow-pluto-5d4d-20260811T030536Z,ch4-lower-edge-narrow-pluto-5d4d-20260811T030536Z.json,2026-08-11,pluto-5d4d,4,lower,manual,50.0,2500000.0,-26.381456358108423,-31.24114116314839,3,3,2
ch4-lower-edge-narrow-pluto-5d4d-20260811T030742Z,ch4-lower-edge-narrow-pluto-5d4d-20260811T030742Z.json,2026-08-11,pluto-5d4d,4,lower,manual,50.0,2500000.0,-26.14097287148754,-30.960153530253436,2,2,2
ch4-lower-edge-narrow-pluto-5d4d-20260811T031030Z,ch4-lower-edge-narrow-pluto-5d4d-20260811T031030Z.json,2026-08-11,pluto-5d4d,4,lower,manual,50.0,2500000.0,-26.397914085645724,-31.152182156143567,2,2,2
ch4-lower-edge-narrow-pluto-5d4d-20260811T031234Z,ch4-lower-edge-narrow-pluto-5d4d-20260811T031234Z.json,2026-08-11,pluto-5d4d,4,lower,slow_attack,,2500000.0,-12.715315987221869,-12.409785182501539,2,2,2
ch4-lower-edge-narrow-pluto-5d4d-20260811T031520Z,ch4-lower-edge-narrow-pluto-5d4d-20260811T031520Z.json,2026-08-11,pluto-5d4d,4,lower,manual,50.0,2500000.0,-25.918044916648206,-30.7944900391034,5,5,4
ch4-lower-edge-narrow-pluto-5d4d-20260811T031724Z,ch4-lower-edge-narrow-pluto-5d4d-20260811T031724Z.json,2026-08-11,pluto-5d4d,4,lower,slow_attack,,2500000.0,-12.668294216137173,-12.57958021209628,1,1,1
ch4-lower-edge-narrow-pluto-5d4d-20260811T032010Z,ch4-lower-edge-narrow-pluto-5d4d-20260811T032010Z.json,2026-08-11,pluto-5d4d,4,lower,manual,50.0,2500000.0,-26.16967274224105,-31.020503113317424,1,1,1
ch4-lower-edge-narrow-pluto-5d4d-20260811T032214Z,ch4-lower-edge-narrow-pluto-5d4d-20260811T032214Z.json,2026-08-11,pluto-5d4d,4,lower,manual,50.0,2500000.0,-26.073999644137686,-30.91897289700605,2,2,2
ch4-lower-edge-narrow-pluto-5d4d-20260811T032502Z,ch4-lower-edge-narrow-pluto-5d4d-20260811T032502Z.json,2026-08-11,pluto-5d4d,4,lower,slow_attack,,2500000.0,-12.55534526310884,-12.420695875926967,3,3,3
ch4-lower-edge-narrow-pluto-5d4d-20260811T032708Z,ch4-lower-edge-narrow-pluto-5d4d-20260811T032708Z.json,2026-08-11,pluto-5d4d,4,lower,slow_attack,,2500000.0,-12.655766281052614,-12.413265318829474,2,2,1
ch4-lower-edge-narrow-pluto-5d4d-20260811T032828Z,ch4-lower-edge-narrow-pluto-5d4d-20260811T032828Z.json,2026-08-11,pluto-5d4d,4,lower,manual,50.0,2500000.0,-25.91445520934463,-30.828401292260494,4,4,4
ch4-lower-edge-narrow-pluto-5d4d-20260811T033103Z,ch4-lower-edge-narrow-pluto-5d4d-20260811T033103Z.json,2026-08-11,pluto-5d4d,4,lower,manual,50.0,2500000.0,-26.18253377446043,-31.103763519631563,3,3,3
ch4-lower-edge-narrow-pluto-5d4d-20260811T033348Z,ch4-lower-edge-narrow-pluto-5d4d-20260811T033348Z.json,2026-08-11,pluto-5d4d,4,lower,manual,50.0,2500000.0,-26.04101510682757,-30.86598827192156,2,2,2
ch4-lower-edge-narrow-pluto-5d4d-20260811T033552Z,ch4-lower-edge-narrow-pluto-5d4d-20260811T033552Z.json,2026-08-11,pluto-5d4d,4,lower,manual,50.0,2500000.0,-26.419584263309655,-31.29564398001523,4,4,3
ch4-lower-edge-narrow-pluto-5d4d-20260811T033840Z,ch4-lower-edge-narrow-pluto-5d4d-20260811T033840Z.json,2026-08-11,pluto-5d4d,4,lower,manual,50.0,2500000.0,-26.572625589005145,-31.403433553596965,1,1,0
ch4-lower-edge-narrow-pluto-5d4d-20260811T034045Z,ch4-lower-edge-narrow-pluto-5d4d-20260811T034045Z.json,2026-08-11,pluto-5d4d,4,lower,manual,50.0,2500000.0,-26.261565367641282,-31.13793750377426,4,4,3
ch4-lower-edge-narrow-pluto-5d4d-20260811T034330Z,ch4-lower-edge-narrow-pluto-5d4d-20260811T034330Z.json,2026-08-11,pluto-5d4d,4,lower,manual,50.0,2500000.0,-26.22126304217989,-31.07468946535643,2,2,2
ch4-lower-edge-narrow-pluto-5d4d-20260811T034534Z,ch4-lower-edge-narrow-pluto-5d4d-20260811T034534Z.json,2026-08-11,pluto-5d4d,4,lower,slow_attack,,2500000.0,-12.484999941843746,-12.316461521063824,2,2,2
ch4-lower-edge-narrow-pluto-5d4d-20260811T034820Z,ch4-lower-edge-narrow-pluto-5d4d-20260811T034820Z.json,2026-08-11,pluto-5d4d,4,lower,manual,50.0,2500000.0,-26.29886702203318,-31.216275668409104,2,2,2
ch4-lower-edge-narrow-pluto-5d4d-20260811T035024Z,ch4-lower-edge-narrow-pluto-5d4d-20260811T035024Z.json,2026-08-11,pluto-5d4d,4,lower,manual,50.0,2500000.0,-26.195253348051658,-31.09901622887824,2,2,2
ch4-lower-edge-narrow-pluto-5d4d-20260811T035356Z,ch4-lower-edge-narrow-pluto-5d4d-20260811T035356Z.json,2026-08-11,pluto-5d4d,4,lower,manual,50.0,2500000.0,-26.64321556185888,-31.450073650941338,1,0,0
ch4-lower-edge-narrow-pluto-5d4d-20260811T035601Z,ch4-lower-edge-narrow-pluto-5d4d-20260811T035601Z.json,2026-08-11,pluto-5d4d,4,lower,slow_attack,,2500000.0,-12.734158421546606,-12.567373930329994,2,2,2
ch4-lower-edge-narrow-pluto-5d4d-20260811T035854Z,ch4-lower-edge-narrow-pluto-5d4d-20260811T035854Z.json,2026-08-11,pluto-5d4d,4,lower,slow_attack,,2500000.0,-12.51526536751933,-12.397247084092992,4,4,3
ch4-lower-edge-narrow-pluto-5d4d-20260811T040101Z,ch4-lower-edge-narrow-pluto-5d4d-20260811T040101Z.json,2026-08-11,pluto-5d4d,4,lower,slow_attack,,2500000.0,-12.83604242328671,-12.471848858588892,0,0,0
ch4-lower-edge-narrow-pluto-5d4d-20260811T040357Z,ch4-lower-edge-narrow-pluto-5d4d-20260811T040357Z.json,2026-08-11,pluto-5d4d,4,lower,slow_attack,,2500000.0,-12.668446242074957,-12.417674408341524,1,0,0
ch4-lower-edge-narrow-pluto-5d4d-20260811T040651Z,ch4-lower-edge-narrow-pluto-5d4d-20260811T040651Z.json,2026-08-11,pluto-5d4d,4,lower,slow_attack,,2500000.0,-12.511126105713778,-12.31856176772535,3,3,3
ch4-lower-edge-narrow-pluto-5d4d-20260811T040940Z,ch4-lower-edge-narrow-pluto-5d4d-20260811T040940Z.json,2026-08-11,pluto-5d4d,4,lower,manual,50.0,2500000.0,-26.518327578194828,-31.36221533574738,1,0,0
ch4-lower-edge-narrow-pluto-5d4d-20260811T041144Z,ch4-lower-edge-narrow-pluto-5d4d-20260811T041144Z.json,2026-08-11,pluto-5d4d,4,lower,manual,50.0,2500000.0,-26.22219437663911,-31.11181032622394,3,3,3
ch4-lower-edge-narrow-pluto-5d4d-20260811T041430Z,ch4-lower-edge-narrow-pluto-5d4d-20260811T041430Z.json,2026-08-11,pluto-5d4d,4,lower,slow_attack,,2500000.0,-12.83749886432547,-12.507428782919979,0,0,0
ch4-lower-edge-narrow-pluto-5d4d-20260811T041636Z,ch4-lower-edge-narrow-pluto-5d4d-20260811T041636Z.json,2026-08-11,pluto-5d4d,4,lower,manual,50.0,2500000.0,-26.205648006090914,-31.048095845659084,4,4,4
ch4-lower-edge-narrow-pluto-5d4d-20260811T041947Z,ch4-lower-edge-narrow-pluto-5d4d-20260811T041947Z.json,2026-08-11,pluto-5d4d,4,lower,slow_attack,,2500000.0,-12.79587950077029,-12.484028332518555,3,3,3
ch4-lower-edge-narrow-pluto-5d4d-20260811T042154Z,ch4-lower-edge-narrow-pluto-5d4d-20260811T042154Z.json,2026-08-11,pluto-5d4d,4,lower,slow_attack,,2500000.0,-12.734011474992213,-12.531430126422949,3,3,2
ch4-lower-edge-narrow-pluto-5d4d-20260811T042443Z,ch4-lower-edge-narrow-pluto-5d4d-20260811T042443Z.json,2026-08-11,pluto-5d4d,4,lower,slow_attack,,2500000.0,-12.803368829936373,-12.51497395483527,1,1,1
ch4-lower-edge-narrow-pluto-5d4d-20260811T042649Z,ch4-lower-edge-narrow-pluto-5d4d-20260811T042649Z.json,2026-08-11,pluto-5d4d,4,lower,manual,50.0,2500000.0,-26.59657768608948,-31.441962992401038,1,1,1
ch4-lower-edge-narrow-pluto-5d4d-20260811T042934Z,ch4-lower-edge-narrow-pluto-5d4d-20260811T042934Z.json,2026-08-11,pluto-5d4d,4,lower,slow_attack,,2500000.0,-12.523246046071733,-12.344204881884997,3,3,3
ch4-lower-edge-narrow-pluto-5d4d-20260811T043140Z,ch4-lower-edge-narrow-pluto-5d4d-20260811T043140Z.json,2026-08-11,pluto-5d4d,4,lower,manual,50.0,2500000.0,-26.41854839165433,-31.279952280563993,3,3,3
ch4-lower-edge-narrow-pluto-5d4d-20260811T043426Z,ch4-lower-edge-narrow-pluto-5d4d-20260811T043426Z.json,2026-08-11,pluto-5d4d,4,lower,manual,50.0,2500000.0,-26.29137779285639,-31.105101750279957,3,3,3
ch4-lower-edge-narrow-pluto-5d4d-20260811T043630Z,ch4-lower-edge-narrow-pluto-5d4d-20260811T043630Z.json,2026-08-11,pluto-5d4d,4,lower,slow_attack,,2500000.0,-12.789009580788584,-12.658300786298556,2,2,2
ch4-lower-edge-narrow-pluto-5d4d-20260811T053050Z,ch4-lower-edge-narrow-pluto-5d4d-20260811T053050Z.json,2026-08-11,pluto-5d4d,4,lower,manual,50.0,2500000.0,-27.036476341478874,-31.916579675682776,1,1,1
ch4-lower-edge-narrow-pluto-5d4d-20260811T055919Z,ch4-lower-edge-narrow-pluto-5d4d-20260811T055919Z.json,2026-08-11,pluto-5d4d,4,lower,manual,50.0,2500000.0,-27.189118834009246,-32.09113047957945,4,4,4
ch4-lower-edge-narrow-pluto-5d4d-20260811T063637Z,ch4-lower-edge-narrow-pluto-5d4d-20260811T063637Z.json,2026-08-11,pluto-5d4d,4,lower,slow_attack,,2500000.0,-12.907128185708117,-12.614711960131377,1,1,1
ch4-lower-edge-narrow-pluto-5d4d-20260811T070913Z,ch4-lower-edge-narrow-pluto-5d4d-20260811T070913Z.json,2026-08-11,pluto-5d4d,4,lower,slow_attack,,2500000.0,-12.881516533224415,-12.683174409344403,0,0,0
ch4-lower-edge-narrow-pluto-5d4d-20260811T072216Z,ch4-lower-edge-narrow-pluto-5d4d-20260811T072216Z.json,2026-08-11,pluto-5d4d,4,lower,manual,50.0,2500000.0,-27.562741593605544,-32.38745855608104,0,0,0
ch4-lower-edge-narrow-pluto-5d4d-20260811T074420Z,ch4-lower-edge-narrow-pluto-5d4d-20260811T074420Z.json,2026-08-11,pluto-5d4d,4,lower,manual,50.0,2500000.0,-27.27852563121423,-31.985089124005917,3,3,3
ch4-lower-edge-narrow-pluto-5d4d-20260811T075036Z,ch4-lower-edge-narrow-pluto-5d4d-20260811T075036Z.json,2026-08-11,pluto-5d4d,4,lower,slow_attack,,2500000.0,-12.568241040749948,-12.43089848737031,4,4,3
ch4-lower-edge-narrow-pluto-5d4d-20260811T081903Z,ch4-lower-edge-narrow-pluto-5d4d-20260811T081903Z.json,2026-08-11,pluto-5d4d,4,lower,manual,50.0,2500000.0,-27.414885732734128,-32.22346484901453,3,3,3
ch4-lower-edge-narrow-pluto-5d4d-20260811T082346Z,ch4-lower-edge-narrow-pluto-5d4d-20260811T082346Z.json,2026-08-11,pluto-5d4d,4,lower,manual,50.0,2500000.0,-27.681039810346284,-32.35556019366261,2,2,2
ch4-lower-edge-narrow-pluto-5d4d-20260811T084350Z,ch4-lower-edge-narrow-pluto-5d4d-20260811T084350Z.json,2026-08-11,pluto-5d4d,4,lower,slow_attack,,2500000.0,-12.83338709798497,-12.724407154774816,1,1,1
ch4-lower-edge-narrow-pluto-5d4d-20260811T090923Z,ch4-lower-edge-narrow-pluto-5d4d-20260811T090923Z.json,2026-08-11,pluto-5d4d,4,lower,manual,50.0,2500000.0,-27.431973622983104,-32.15943547896576,2,2,2
ch4-lower-edge-narrow-pluto-5d4d-20260811T092241Z,ch4-lower-edge-narrow-pluto-5d4d-20260811T092241Z.json,2026-08-11,pluto-5d4d,4,lower,manual,50.0,2500000.0,-27.178866539836577,-32.095197642175,5,5,5
ch4-lower-edge-narrow-pluto-5d4d-20260811T102422Z,ch4-lower-edge-narrow-pluto-5d4d-20260811T102422Z.json,2026-08-11,pluto-5d4d,4,lower,manual,50.0,2500000.0,-27.4538242200083,-32.197716499709685,2,2,2
ch4-lower-edge-narrow-pluto-5d4d-20260811T105200Z,ch4-lower-edge-narrow-pluto-5d4d-20260811T105200Z.json,2026-08-11,pluto-5d4d,4,lower,slow_attack,,2500000.0,-12.868331343018706,-12.619878741407087,1,1,1
ch4-lower-edge-narrow-pluto-5d4d-20260811T105515Z,ch4-lower-edge-narrow-pluto-5d4d-20260811T105515Z.json,2026-08-11,pluto-5d4d,4,lower,manual,50.0,2500000.0,-27.76210964414487,-32.476807917075114,1,1,1
ch4-lower-edge-narrow-pluto-5d4d-20260811T112500Z,ch4-lower-edge-narrow-pluto-5d4d-20260811T112500Z.json,2026-08-11,pluto-5d4d,4,lower,manual,50.0,2500000.0,-27.44227184772313,-32.16602288572707,4,4,4
ch4-lower-edge-narrow-pluto-5d4d-20260811T114250Z,ch4-lower-edge-narrow-pluto-5d4d-20260811T114250Z.json,2026-08-11,pluto-5d4d,4,lower,manual,50.0,2500000.0,-27.9102787345063,-32.622962776119174,0,0,0
ch4-lower-edge-narrow-pluto-5d4d-20260811T115729Z,ch4-lower-edge-narrow-pluto-5d4d-20260811T115729Z.json,2026-08-11,pluto-5d4d,4,lower,slow_attack,,2500000.0,-12.52698636593889,-12.544332797150561,2,2,2
ch4-lower-edge-narrow-pluto-5d4d-20260811T120700Z,ch4-lower-edge-narrow-pluto-5d4d-20260811T120700Z.json,2026-08-11,pluto-5d4d,4,lower,manual,50.0,2500000.0,-27.669561741163037,-32.438848197921864,2,2,2
ch4-lower-edge-narrow-pluto-5d4d-20260811T122830Z,ch4-lower-edge-narrow-pluto-5d4d-20260811T122830Z.json,2026-08-11,pluto-5d4d,4,lower,slow_attack,,2500000.0,-12.93783078905637,-12.69881323677912,2,2,1
ch4-lower-edge-narrow-pluto-5d4d-20260811T130829Z,ch4-lower-edge-narrow-pluto-5d4d-20260811T130829Z.json,2026-08-11,pluto-5d4d,4,lower,slow_attack,,2500000.0,-12.210080791203469,-12.304650560771247,4,4,3
ch4-lower-edge-narrow-pluto-5d4d-20260811T132104Z,ch4-lower-edge-narrow-pluto-5d4d-20260811T132104Z.json,2026-08-11,pluto-5d4d,4,lower,slow_attack,,2500000.0,-12.508946597710302,-12.39009416321506,3,3,3
ch4-lower-edge-narrow-pluto-5d4d-20260811T132310Z,ch4-lower-edge-narrow-pluto-5d4d-20260811T132310Z.json,2026-08-11,pluto-5d4d,4,lower,slow_attack,,2500000.0,-12.626964181909715,-12.542901968616668,4,4,2
ch4-lower-edge-narrow-pluto-5d4d-20260811T132516Z,ch4-lower-edge-narrow-pluto-5d4d-20260811T132516Z.json,2026-08-11,pluto-5d4d,4,lower,manual,50.0,2500000.0,-27.508523072447364,-32.1430504612536,2,2,1
ch4-lower-edge-narrow-pluto-5d4d-20260811T134714Z,ch4-lower-edge-narrow-pluto-5d4d-20260811T134714Z.json,2026-08-11,pluto-5d4d,4,lower,slow_attack,,2500000.0,-12.708053336166511,-12.537783589986569,1,1,1
ch4-lower-edge-narrow-pluto-5d4d-20260811T135157Z,ch4-lower-edge-narrow-pluto-5d4d-20260811T135157Z.json,2026-08-11,pluto-5d4d,4,lower,slow_attack,,2500000.0,-12.710106547841377,-12.468435980448088,4,4,4
ch4-lower-edge-narrow-pluto-5d4d-20260811T153153Z,ch4-lower-edge-narrow-pluto-5d4d-20260811T153153Z.json,2026-08-11,pluto-5d4d,4,lower,manual,50.0,2500000.0,-27.411340489579267,-32.0683396865761,3,3,3
ch4-lower-edge-narrow-pluto-5d4d-20260811T153358Z,ch4-lower-edge-narrow-pluto-5d4d-20260811T153358Z.json,2026-08-11,pluto-5d4d,4,lower,slow_attack,,2500000.0,-12.91053217481862,-12.585551332215745,2,2,2
ch4-lower-edge-narrow-pluto-5d4d-20260811T153605Z,ch4-lower-edge-narrow-pluto-5d4d-20260811T153605Z.json,2026-08-11,pluto-5d4d,4,lower,manual,50.0,2500000.0,-27.557613389178734,-32.164750974340876,3,3,2
ch4-lower-edge-narrow-pluto-5d4d-20260811T154051Z,ch4-lower-edge-narrow-pluto-5d4d-20260811T154051Z.json,2026-08-11,pluto-5d4d,4,lower,manual,50.0,2500000.0,-27.407526277024175,-32.07108026528779,3,3,3
ch4-lower-edge-narrow-pluto-5d4d-20260811T162252Z,ch4-lower-edge-narrow-pluto-5d4d-20260811T162252Z.json,2026-08-11,pluto-5d4d,4,lower,slow_attack,,2500000.0,-12.529529514273623,-12.635073987619439,3,3,3
ch4-lower-edge-narrow-pluto-5d4d-20260811T162744Z,ch4-lower-edge-narrow-pluto-5d4d-20260811T162744Z.json,2026-08-11,pluto-5d4d,4,lower,manual,50.0,2500000.0,-27.66692937915659,-32.225606365405454,3,3,3
ch4-lower-edge-narrow-pluto-5d4d-20260811T165438Z,ch4-lower-edge-narrow-pluto-5d4d-20260811T165438Z.json,2026-08-11,pluto-5d4d,4,lower,slow_attack,,2500000.0,-12.57394024637412,-12.748490926233483,3,3,3
ch4-lower-edge-narrow-pluto-5d4d-20260811T170054Z,ch4-lower-edge-narrow-pluto-5d4d-20260811T170054Z.json,2026-08-11,pluto-5d4d,4,lower,slow_attack,,2500000.0,-12.60936729144482,-12.787857409783927,4,4,4
ch4-lower-edge-narrow-pluto-5d4d-20260811T170830Z,ch4-lower-edge-narrow-pluto-5d4d-20260811T170830Z.json,2026-08-11,pluto-5d4d,4,lower,slow_attack,,2500000.0,-12.553690880180557,-12.810201135922231,1,1,1
ch4-lower-edge-narrow-pluto-5d4d-20260811T175735Z,ch4-lower-edge-narrow-pluto-5d4d-20260811T175735Z.json,2026-08-11,pluto-5d4d,4,lower,manual,50.0,2500000.0,-25.935029242283733,-30.137491544036386,2,2,2
ch4-lower-edge-narrow-pluto-5d4d-20260811T180020Z,ch4-lower-edge-narrow-pluto-5d4d-20260811T180020Z.json,2026-08-11,pluto-5d4d,4,lower,manual,50.0,2500000.0,-27.00495050055843,-31.42529225033226,6,6,5
ch4-lower-edge-narrow-pluto-5d4d-20260811T182552Z,ch4-lower-edge-narrow-pluto-5d4d-20260811T182552Z.json,2026-08-11,pluto-5d4d,4,lower,slow_attack,,2500000.0,-12.862969343846123,-12.646828842038753,4,4,4
ch4-lower-edge-narrow-pluto-5d4d-20260811T183918Z,ch4-lower-edge-narrow-pluto-5d4d-20260811T183918Z.json,2026-08-11,pluto-5d4d,4,lower,slow_attack,,2500000.0,-12.24969113655819,-12.457664057335991,0,0,0
ch4-lower-edge-narrow-pluto-5d4d-20260811T195330Z,ch4-lower-edge-narrow-pluto-5d4d-20260811T195330Z.json,2026-08-11,pluto-5d4d,4,lower,slow_attack,,2500000.0,-12.697686464439569,-12.688204767123704,4,4,4
ch4-lower-edge-narrow-pluto-5d4d-20260811T201736Z,ch4-lower-edge-narrow-pluto-5d4d-20260811T201736Z.json,2026-08-11,pluto-5d4d,4,lower,slow_attack,,2500000.0,-12.620688404595022,-12.918925839779906,1,1,1
ch4-lower-edge-narrow-pluto-5d4d-20260811T202423Z,ch4-lower-edge-narrow-pluto-5d4d-20260811T202423Z.json,2026-08-11,pluto-5d4d,4,lower,manual,50.0,2500000.0,-27.66031465047281,-31.811735522256264,2,2,2
ch4-lower-edge-narrow-pluto-5d4d-20260811T203241Z,ch4-lower-edge-narrow-pluto-5d4d-20260811T203241Z.json,2026-08-11,pluto-5d4d,4,lower,slow_attack,,2500000.0,-12.811759953819141,-12.857742085955337,2,2,2
ch4-lower-edge-narrow-pluto-5d4d-20260811T203650Z,ch4-lower-edge-narrow-pluto-5d4d-20260811T203650Z.json,2026-08-11,pluto-5d4d,4,lower,manual,50.0,2500000.0,-27.391041149579234,-31.74037745252935,3,3,3
ch4-lower-edge-narrow-pluto-5d4d-20260811T204205Z,ch4-lower-edge-narrow-pluto-5d4d-20260811T204205Z.json,2026-08-11,pluto-5d4d,4,lower,slow_attack,,2500000.0,-13.073369590328008,-12.18646795706979,0,0,0
ch4-lower-edge-narrow-pluto-5d4d-20260811T210326Z,ch4-lower-edge-narrow-pluto-5d4d-20260811T210326Z.json,2026-08-11,pluto-5d4d,4,lower,manual,50.0,2500000.0,-27.72926450034545,-31.917108576531824,0,0,0
ch4-lower-edge-narrow-pluto-5d4d-20260811T212445Z,ch4-lower-edge-narrow-pluto-5d4d-20260811T212445Z.json,2026-08-11,pluto-5d4d,4,lower,manual,50.0,2500000.0,-27.44512683347514,-31.56463543492423,3,3,3
ch4-lower-edge-narrow-pluto-5d4d-20260811T220142Z,ch4-lower-edge-narrow-pluto-5d4d-20260811T220142Z.json,2026-08-11,pluto-5d4d,4,lower,slow_attack,,2500000.0,-12.669851578642108,-12.87281952383786,1,1,1
ch4-lower-edge-narrow-pluto-5d4d-20260811T230654Z,ch4-lower-edge-narrow-pluto-5d4d-20260811T230654Z.json,2026-08-11,pluto-5d4d,4,lower,manual,50.0,2500000.0,-26.82894434022689,-31.796195181041288,0,0,0
ch4-lower-edge-narrow-pluto-5d4d-20260811T231244Z,ch4-lower-edge-narrow-pluto-5d4d-20260811T231244Z.json,2026-08-11,pluto-5d4d,4,lower,slow_attack,,2500000.0,-12.451391386338553,-12.777881502248228,0,0,0
ch4-lower-edge-narrow-pluto-5d4d-20260812T000928Z,ch4-lower-edge-narrow-pluto-5d4d-20260812T000928Z.json,2026-08-12,pluto-5d4d,4,lower,slow_attack,,2500000.0,-12.42715325737736,-12.813189947210011,1,1,1
ch4-lower-edge-narrow-pluto-5d4d-20260812T002928Z,ch4-lower-edge-narrow-pluto-5d4d-20260812T002928Z.json,2026-08-12,pluto-5d4d,4,lower,manual,50.0,2500000.0,-26.214493957637327,-30.835651804581445,5,5,5
ch4-lower-edge-narrow-pluto-5d4d-20260812T003951Z,ch4-lower-edge-narrow-pluto-5d4d-20260812T003951Z.json,2026-08-12,pluto-5d4d,4,lower,manual,50.0,2500000.0,-26.595093515821524,-31.390409160712988,2,2,2
ch4-lower-edge-narrow-pluto-5d4d-20260812T004837Z,ch4-lower-edge-narrow-pluto-5d4d-20260812T004837Z.json,2026-08-12,pluto-5d4d,4,lower,manual,50.0,2500000.0,-26.459462005065294,-31.239879730893794,2,2,2
ch4-lower-edge-narrow-pluto-5d4d-20260812T010149Z,ch4-lower-edge-narrow-pluto-5d4d-20260812T010149Z.json,2026-08-12,pluto-5d4d,4,lower,manual,50.0,2500000.0,-26.528410960442606,-31.290591354593428,3,3,3
ch4-lower-edge-narrow-pluto-5d4d-20260812T013652Z,ch4-lower-edge-narrow-pluto-5d4d-20260812T013652Z.json,2026-08-12,pluto-5d4d,4,lower,slow_attack,,2500000.0,-12.646540040198458,-12.424328749904651,3,3,3
ch4-lower-edge-narrow-pluto-5d4d-20260812T014920Z,ch4-lower-edge-narrow-pluto-5d4d-20260812T014920Z.json,2026-08-12,pluto-5d4d,4,lower,manual,50.0,2500000.0,-26.734884379206694,-31.481573299846065,2,0,0
ch4-lower-edge-narrow-pluto-5d4d-20260812T020711Z,ch4-lower-edge-narrow-pluto-5d4d-20260812T020711Z.json,2026-08-12,pluto-5d4d,4,lower,slow_attack,,2500000.0,-12.701434734816228,-12.385962534238146,1,1,1
ch4-lower-edge-narrow-pluto-5d4d-20260812T021354Z,ch4-lower-edge-narrow-pluto-5d4d-20260812T021354Z.json,2026-08-12,pluto-5d4d,4,lower,slow_attack,,2500000.0,-12.760889459322268,-12.47977417673807,2,2,2
ch4-lower-edge-narrow-pluto-5d4d-20260812T021600Z,ch4-lower-edge-narrow-pluto-5d4d-20260812T021600Z.json,2026-08-12,pluto-5d4d,4,lower,manual,50.0,2500000.0,-26.285900141603356,-31.076993414330367,5,5,4
ch4-lower-edge-narrow-pluto-5d4d-20260812T033538Z,ch4-lower-edge-narrow-pluto-5d4d-20260812T033538Z.json,2026-08-12,pluto-5d4d,4,lower,manual,50.0,2500000.0,-26.158005823134815,-31.044960764618207,5,5,5
ch4-lower-edge-narrow-pluto-5d4d-20260812T034055Z,ch4-lower-edge-narrow-pluto-5d4d-20260812T034055Z.json,2026-08-12,pluto-5d4d,4,lower,manual,50.0,2500000.0,-26.114534656459874,-30.932448278161814,2,2,2
ch4-lower-edge-narrow-pluto-5d4d-20260812T034504Z,ch4-lower-edge-narrow-pluto-5d4d-20260812T034504Z.json,2026-08-12,pluto-5d4d,4,lower,manual,50.0,2500000.0,-26.335107089994555,-31.183335837625155,1,1,1
ch4-lower-edge-narrow-pluto-5d4d-20260812T035114Z,ch4-lower-edge-narrow-pluto-5d4d-20260812T035114Z.json,2026-08-12,pluto-5d4d,4,lower,slow_attack,,2500000.0,-12.591011893378202,-12.543437766149982,1,1,1
ch4-lower-edge-narrow-pluto-5d4d-20260812T041715Z,ch4-lower-edge-narrow-pluto-5d4d-20260812T041715Z.json,2026-08-12,pluto-5d4d,4,lower,slow_attack,,2500000.0,-12.601320624111148,-12.513884703603944,3,3,3
ch4-lower-edge-narrow-pluto-5d4d-20260812T042126Z,ch4-lower-edge-narrow-pluto-5d4d-20260812T042126Z.json,2026-08-12,pluto-5d4d,4,lower,manual,50.0,2500000.0,-26.26457421924005,-31.187788266263283,4,4,3
ch4-lower-edge-narrow-pluto-5d4d-20260812T043834Z,ch4-lower-edge-narrow-pluto-5d4d-20260812T043834Z.json,2026-08-12,pluto-5d4d,4,lower,manual,50.0,2500000.0,-26.42501583649664,-31.240160382303767,1,1,1
ch4-lower-edge-narrow-pluto-5d4d-20260812T050031Z,ch4-lower-edge-narrow-pluto-5d4d-20260812T050031Z.json,2026-08-12,pluto-5d4d,4,lower,slow_attack,,2500000.0,-12.627531478335857,-12.343158912651923,2,2,2
ch4-lower-edge-narrow-pluto-5d4d-20260812T050237Z,ch4-lower-edge-narrow-pluto-5d4d-20260812T050237Z.json,2026-08-12,pluto-5d4d,4,lower,manual,50.0,2500000.0,-26.167922787577695,-31.053485026019338,3,3,2
ch4-lower-edge-narrow-pluto-5d4d-20260812T050718Z,ch4-lower-edge-narrow-pluto-5d4d-20260812T050718Z.json,2026-08-12,pluto-5d4d,4,lower,manual,50.0,2500000.0,-26.411314405451645,-31.278226190536063,3,3,2
ch4-lower-edge-narrow-pluto-5d4d-20260812T051717Z,ch4-lower-edge-narrow-pluto-5d4d-20260812T051717Z.json,2026-08-12,pluto-5d4d,4,lower,manual,50.0,2500000.0,-25.617879231902183,-30.680837353179275,6,6,4
ch4-lower-edge-narrow-pluto-5d4d-20260812T055407Z,ch4-lower-edge-narrow-pluto-5d4d-20260812T055407Z.json,2026-08-12,pluto-5d4d,4,lower,manual,50.0,2500000.0,-26.785977312931983,-31.743775161313135,2,2,1
ch4-lower-edge-narrow-pluto-5d4d-20260812T055753Z,ch4-lower-edge-narrow-pluto-5d4d-20260812T055753Z.json,2026-08-12,pluto-5d4d,4,lower,slow_attack,,2500000.0,-12.54004272232526,-12.728045201739175,2,2,2
ch4-lower-edge-narrow-pluto-5d4d-20260812T063721Z,ch4-lower-edge-narrow-pluto-5d4d-20260812T063721Z.json,2026-08-12,pluto-5d4d,4,lower,manual,50.0,2500000.0,-27.054318749496872,-31.72075608751679,4,4,4
ch4-lower-edge-narrow-pluto-5d4d-20260812T065226Z,ch4-lower-edge-narrow-pluto-5d4d-20260812T065226Z.json,2026-08-12,pluto-5d4d,4,lower,slow_attack,,2500000.0,-12.793425105190877,-12.49753859459435,1,1,1
ch4-lower-edge-narrow-pluto-5d4d-20260812T072323Z,ch4-lower-edge-narrow-pluto-5d4d-20260812T072323Z.json,2026-08-12,pluto-5d4d,4,lower,manual,50.0,2500000.0,-27.637880949106638,-32.30842698190907,1,1,1
ch4-lower-edge-narrow-pluto-5d4d-20260812T074741Z,ch4-lower-edge-narrow-pluto-5d4d-20260812T074741Z.json,2026-08-12,pluto-5d4d,4,lower,manual,50.0,2500000.0,-27.317388703669415,-31.950058623726306,4,4,4
ch4-lower-edge-narrow-pluto-5d4d-20260812T080649Z,ch4-lower-edge-narrow-pluto-5d4d-20260812T080649Z.json,2026-08-12,pluto-5d4d,4,lower,slow_attack,,2500000.0,-12.66718073785155,-12.585667108655832,3,3,2
ch4-lower-edge-narrow-pluto-5d4d-20260812T081509Z,ch4-lower-edge-narrow-pluto-5d4d-20260812T081509Z.json,2026-08-12,pluto-5d4d,4,lower,manual,50.0,2500000.0,-27.067750005966325,-31.812479492454734,5,5,5
ch4-lower-edge-narrow-pluto-5d4d-20260812T090606Z,ch4-lower-edge-narrow-pluto-5d4d-20260812T090606Z.json,2026-08-12,pluto-5d4d,4,lower,manual,50.0,2500000.0,-27.330705764047693,-32.145420073113684,2,2,2
ch4-lower-edge-narrow-pluto-5d4d-20260812T093417Z,ch4-lower-edge-narrow-pluto-5d4d-20260812T093417Z.json,2026-08-12,pluto-5d4d,4,lower,slow_attack,,2500000.0,-12.63392627748496,-12.424084586823117,3,3,3
ch4-lower-edge-narrow-pluto-5d4d-20260812T093806Z,ch4-lower-edge-narrow-pluto-5d4d-20260812T093806Z.json,2026-08-12,pluto-5d4d,4,lower,slow_attack,,2500000.0,-12.716718195499517,-12.504168089476753,3,3,2
ch4-lower-edge-narrow-pluto-5d4d-20260812T094930Z,ch4-lower-edge-narrow-pluto-5d4d-20260812T094930Z.json,2026-08-12,pluto-5d4d,4,lower,slow_attack,,2500000.0,-12.499891838237291,-12.443362278796933,6,6,5
ch4-lower-edge-narrow-pluto-5d4d-20260812T095318Z,ch4-lower-edge-narrow-pluto-5d4d-20260812T095318Z.json,2026-08-12,pluto-5d4d,4,lower,manual,50.0,2500000.0,-27.33680458470946,-32.12028344638957,3,3,3
ch4-lower-edge-narrow-pluto-5d4d-20260812T103631Z,ch4-lower-edge-narrow-pluto-5d4d-20260812T103631Z.json,2026-08-12,pluto-5d4d,4,lower,slow_attack,,2500000.0,-12.802463302722614,-12.528266976617557,1,1,0
ch4-lower-edge-narrow-pluto-5d4d-20260812T110348Z,ch4-lower-edge-narrow-pluto-5d4d-20260812T110348Z.json,2026-08-12,pluto-5d4d,4,lower,slow_attack,,2500000.0,-12.700184035030201,-12.45938234978492,4,4,3
ch4-lower-edge-narrow-pluto-5d4d-20260812T113922Z,ch4-lower-edge-narrow-pluto-5d4d-20260812T113922Z.json,2026-08-12,pluto-5d4d,4,lower,manual,50.0,2500000.0,-27.508484140270152,-32.22810342278435,3,3,3
ch4-lower-edge-narrow-pluto-5d4d-20260812T121757Z,ch4-lower-edge-narrow-pluto-5d4d-20260812T121757Z.json,2026-08-12,pluto-5d4d,4,lower,slow_attack,,2500000.0,-13.044197788923782,-12.680441093888913,1,1,1
ch4-lower-edge-narrow-pluto-5d4d-20260812T131623Z,ch4-lower-edge-narrow-pluto-5d4d-20260812T131623Z.json,2026-08-12,pluto-5d4d,4,lower,manual,50.0,2500000.0,-27.46737137280448,-32.18775304042896,0,0,0
ch4-lower-edge-narrow-pluto-5d4d-20260812T133653Z,ch4-lower-edge-narrow-pluto-5d4d-20260812T133653Z.json,2026-08-12,pluto-5d4d,4,lower,manual,50.0,2500000.0,-27.426295707136966,-32.102700173097375,4,4,3
ch4-lower-edge-narrow-pluto-5d4d-20260812T135933Z,ch4-lower-edge-narrow-pluto-5d4d-20260812T135933Z.json,2026-08-12,pluto-5d4d,4,lower,manual,50.0,2500000.0,-27.43624110097236,-32.148228758623134,2,2,2
ch4-lower-edge-narrow-pluto-5d4d-20260812T141525Z,ch4-lower-edge-narrow-pluto-5d4d-20260812T141525Z.json,2026-08-12,pluto-5d4d,4,lower,manual,50.0,2500000.0,-27.50241707334078,-32.13699806586804,4,4,3
ch4-lower-edge-narrow-pluto-5d4d-20260812T154550Z,ch4-lower-edge-narrow-pluto-5d4d-20260812T154550Z.json,2026-08-12,pluto-5d4d,4,lower,slow_attack,,2500000.0,-12.371039455644997,-12.628720961183726,2,2,2
ch4-lower-edge-narrow-pluto-5d4d-20260812T154937Z,ch4-lower-edge-narrow-pluto-5d4d-20260812T154937Z.json,2026-08-12,pluto-5d4d,4,lower,slow_attack,,2500000.0,-12.42751723008191,-12.608299826516356,5,5,5
ch4-lower-edge-narrow-pluto-5d4d-20260812T160928Z,ch4-lower-edge-narrow-pluto-5d4d-20260812T160928Z.json,2026-08-12,pluto-5d4d,4,lower,manual,50.0,2500000.0,-27.91401472616586,-32.41305000832122,4,4,4
ch4-lower-edge-narrow-pluto-5d4d-20260812T162051Z,ch4-lower-edge-narrow-pluto-5d4d-20260812T162051Z.json,2026-08-12,pluto-5d4d,4,lower,manual,50.0,2500000.0,-28.65471820541763,-32.77019383592978,2,2,2
ch4-lower-edge-narrow-pluto-5d4d-20260812T163402Z,ch4-lower-edge-narrow-pluto-5d4d-20260812T163402Z.json,2026-08-12,pluto-5d4d,4,lower,manual,50.0,2500000.0,-28.309568623209124,-32.553529163185424,4,4,3
ch4-lower-edge-narrow-pluto-5d4d-20260812T164537Z,ch4-lower-edge-narrow-pluto-5d4d-20260812T164537Z.json,2026-08-12,pluto-5d4d,4,lower,slow_attack,,2500000.0,-12.535351833307558,-12.779730576966212,5,5,4
ch4-lower-edge-narrow-pluto-5d4d-20260812T174137Z,ch4-lower-edge-narrow-pluto-5d4d-20260812T174137Z.json,2026-08-12,pluto-5d4d,4,lower,manual,50.0,2500000.0,-28.57709648257497,-32.721555509354715,3,3,3
ch4-lower-edge-narrow-pluto-5d4d-20260812T174529Z,ch4-lower-edge-narrow-pluto-5d4d-20260812T174529Z.json,2026-08-12,pluto-5d4d,4,lower,slow_attack,,2500000.0,-12.591684776863264,-12.525139669220142,5,5,5
ch4-lower-edge-narrow-pluto-5d4d-20260812T180908Z,ch4-lower-edge-narrow-pluto-5d4d-20260812T180908Z.json,2026-08-12,pluto-5d4d,4,lower,slow_attack,,2500000.0,-12.449135714647143,-12.45663058558199,2,2,2
ch4-lower-edge-narrow-pluto-5d4d-20260812T181651Z,ch4-lower-edge-narrow-pluto-5d4d-20260812T181651Z.json,2026-08-12,pluto-5d4d,4,lower,manual,50.0,2500000.0,-27.957484967965716,-32.0855762541811,0,0,0
ch4-lower-edge-narrow-pluto-5d4d-20260812T191645Z,ch4-lower-edge-narrow-pluto-5d4d-20260812T191645Z.json,2026-08-12,pluto-5d4d,4,lower,manual,50.0,2500000.0,-27.83669227150476,-32.07151705904313,3,3,3
ch4-lower-edge-narrow-pluto-5d4d-20260812T192036Z,ch4-lower-edge-narrow-pluto-5d4d-20260812T192036Z.json,2026-08-12,pluto-5d4d,4,lower,slow_attack,,2500000.0,-12.570458836528118,-12.535613645994424,3,3,2
ch4-lower-edge-narrow-pluto-5d4d-20260812T201327Z,ch4-lower-edge-narrow-pluto-5d4d-20260812T201327Z.json,2026-08-12,pluto-5d4d,4,lower,manual,50.0,2500000.0,-27.486259813892183,-31.81342713944438,5,5,3
ch4-lower-edge-narrow-pluto-5d4d-20260812T202104Z,ch4-lower-edge-narrow-pluto-5d4d-20260812T202104Z.json,2026-08-12,pluto-5d4d,4,lower,slow_attack,,2500000.0,-13.111642924246818,-12.440953512564892,1,1,1
ch4-lower-edge-narrow-pluto-5d4d-20260812T203623Z,ch4-lower-edge-narrow-pluto-5d4d-20260812T203623Z.json,2026-08-12,pluto-5d4d,4,lower,manual,50.0,2500000.0,-27.955283944576273,-32.13751693641054,2,2,2
ch4-lower-edge-narrow-pluto-5d4d-20260812T221323Z,ch4-lower-edge-narrow-pluto-5d4d-20260812T221323Z.json,2026-08-12,pluto-5d4d,4,lower,slow_attack,,2500000.0,-12.826042771408675,-12.989668832773296,2,2,2
ch4-lower-edge-narrow-pluto-5d4d-20260812T222110Z,ch4-lower-edge-narrow-pluto-5d4d-20260812T222110Z.json,2026-08-12,pluto-5d4d,4,lower,manual,50.0,2500000.0,-27.53623131191116,-31.768316537759333,3,3,3
ch4-lower-edge-narrow-pluto-5d4d-20260813T002445Z,ch4-lower-edge-narrow-pluto-5d4d-20260813T002445Z.json,2026-08-13,pluto-5d4d,4,lower,manual,50.0,2500000.0,-27.09605808389994,-31.537979478365756,2,2,2
ch4-lower-edge-narrow-pluto-5d4d-20260813T030545Z,ch4-lower-edge-narrow-pluto-5d4d-20260813T030545Z.json,2026-08-13,pluto-5d4d,4,lower,manual,50.0,2500000.0,-26.78540113477295,-31.460054806224157,1,1,1
ch4-lower-edge-narrow-pluto-5d4d-20260813T033724Z,ch4-lower-edge-narrow-pluto-5d4d-20260813T033724Z.json,2026-08-13,pluto-5d4d,4,lower,manual,50.0,2500000.0,-26.701549395279734,-31.4038309714782,3,3,3
ch4-lower-edge-narrow-pluto-5d4d-20260813T042645Z,ch4-lower-edge-narrow-pluto-5d4d-20260813T042645Z.json,2026-08-13,pluto-5d4d,4,lower,slow_attack,,2500000.0,-12.71945107545016,-12.408570328858563,3,3,3
ch4-lower-edge-narrow-pluto-5d4d-20260813T050439Z,ch4-lower-edge-narrow-pluto-5d4d-20260813T050439Z.json,2026-08-13,pluto-5d4d,4,lower,manual,50.0,2500000.0,-55.43875668830183,-31.44501520548754,3,0,0
ch4-lower-edge-narrow-pluto-5d4d-20260813T060845Z,ch4-lower-edge-narrow-pluto-5d4d-20260813T060845Z.json,2026-08-13,pluto-5d4d,4,lower,slow_attack,,2500000.0,-35.621650641166504,-12.423295331916904,8,0,0
ch4-lower-edge-narrow-pluto-5d4d-20260813T065340Z,ch4-lower-edge-narrow-pluto-5d4d-20260813T065340Z.json,2026-08-13,pluto-5d4d,4,lower,slow_attack,,2500000.0,-35.60163445533471,-12.465062729400056,2,0,0
ch4-lower-edge-narrow-pluto-5d4d-20260813T070212Z,ch4-lower-edge-narrow-pluto-5d4d-20260813T070212Z.json,2026-08-13,pluto-5d4d,4,lower,manual,50.0,2500000.0,-55.41019035788315,-30.620042671131028,2,0,0
ch4-lower-edge-narrow-pluto-5d4d-20260813T073858Z,ch4-lower-edge-narrow-pluto-5d4d-20260813T073858Z.json,2026-08-13,pluto-5d4d,4,lower,slow_attack,,2500000.0,-35.61755970450226,-12.551455525923112,2,0,0
ch4-lower-edge-narrow-pluto-5d4d-20260813T083141Z,ch4-lower-edge-narrow-pluto-5d4d-20260813T083141Z.json,2026-08-13,pluto-5d4d,4,lower,manual,50.0,2500000.0,-55.4186157579873,-31.41552694306139,3,0,0
ch4-lower-edge-narrow-pluto-5d4d-20260813T083539Z,ch4-lower-edge-narrow-pluto-5d4d-20260813T083539Z.json,2026-08-13,pluto-5d4d,4,lower,manual,50.0,2500000.0,-55.42398419029658,-31.54103231566943,3,0,0
ch4-lower-edge-narrow-pluto-5d4d-20260813T091624Z,ch4-lower-edge-narrow-pluto-5d4d-20260813T091624Z.json,2026-08-13,pluto-5d4d,4,lower,slow_attack,,2500000.0,-35.58093266005868,-12.509631473190549,5,0,0
ch4-lower-edge-narrow-pluto-5d4d-20260813T092019Z,ch4-lower-edge-narrow-pluto-5d4d-20260813T092019Z.json,2026-08-13,pluto-5d4d,4,lower,manual,50.0,2500000.0,-55.40787168893793,-31.512396271682736,0,0,0
ch4-lower-edge-narrow-pluto-5d4d-20260813T092811Z,ch4-lower-edge-narrow-pluto-5d4d-20260813T092811Z.json,2026-08-13,pluto-5d4d,4,lower,slow_attack,,2500000.0,-35.56877104994798,-12.488080063618181,3,0,0
ch4-lower-edge-narrow-pluto-5d4d-20260813T094533Z,ch4-lower-edge-narrow-pluto-5d4d-20260813T094533Z.json,2026-08-13,pluto-5d4d,4,lower,manual,50.0,2500000.0,-55.43234339898124,-31.459018719353256,3,0,0
ch4-lower-edge-narrow-pluto-5d4d-20260813T100858Z,ch4-lower-edge-narrow-pluto-5d4d-20260813T100858Z.json,2026-08-13,pluto-5d4d,4,lower,manual,50.0,2500000.0,-55.22445672622546,-31.601054882298897,4,0,0
ch4-lower-edge-narrow-pluto-5d4d-20260813T101257Z,ch4-lower-edge-narrow-pluto-5d4d-20260813T101257Z.json,2026-08-13,pluto-5d4d,4,lower,slow_attack,,2500000.0,-35.41889360004962,-12.469555742906216,3,0,0
ch4-lower-edge-narrow-pluto-5d4d-20260813T103338Z,ch4-lower-edge-narrow-pluto-5d4d-20260813T103338Z.json,2026-08-13,pluto-5d4d,4,lower,slow_attack,,2500000.0,-35.69536222903761,-12.656920073680254,2,0,0
ch4-lower-edge-narrow-pluto-5d4d-20260813T104633Z,ch4-lower-edge-narrow-pluto-5d4d-20260813T104633Z.json,2026-08-13,pluto-5d4d,4,lower,manual,50.0,2500000.0,-55.26075286139317,-31.56506993387129,3,0,0
ch4-lower-edge-narrow-pluto-5d4d-20260813T112246Z,ch4-lower-edge-narrow-pluto-5d4d-20260813T112246Z.json,2026-08-13,pluto-5d4d,4,lower,slow_attack,,2500000.0,-35.532587334404184,-12.638051752010904,1,0,0
ch4-lower-edge-narrow-pluto-5d4d-20260813T115145Z,ch4-lower-edge-narrow-pluto-5d4d-20260813T115145Z.json,2026-08-13,pluto-5d4d,4,lower,slow_attack,,2500000.0,-35.647314464952906,-12.647210919502704,3,0,0
ch4-lower-edge-narrow-pluto-5d4d-20260813T120731Z,ch4-lower-edge-narrow-pluto-5d4d-20260813T120731Z.json,2026-08-13,pluto-5d4d,4,lower,slow_attack,,2500000.0,-35.64229515406675,-12.407240336035885,3,0,0
ch4-lower-edge-narrow-pluto-5d4d-20260813T124131Z,ch4-lower-edge-narrow-pluto-5d4d-20260813T124131Z.json,2026-08-13,pluto-5d4d,4,lower,manual,50.0,2500000.0,-55.425983839421235,-30.82129264154719,8,0,0
ch4-lower-edge-narrow-pluto-5d4d-20260813T125757Z,ch4-lower-edge-narrow-pluto-5d4d-20260813T125757Z.json,2026-08-13,pluto-5d4d,4,lower,manual,50.0,2500000.0,-55.42294264351406,-31.43946799118983,3,0,0
ch4-lower-edge-narrow-pluto-5d4d-20260813T132949Z,ch4-lower-edge-narrow-pluto-5d4d-20260813T132949Z.json,2026-08-13,pluto-5d4d,4,lower,manual,50.0,2500000.0,-55.420034554060265,-31.047475080641938,4,0,0
ch4-lower-edge-narrow-pluto-5d4d-20260813T135841Z,ch4-lower-edge-narrow-pluto-5d4d-20260813T135841Z.json,2026-08-13,pluto-5d4d,4,lower,slow_attack,,2500000.0,-35.59352419337009,-12.554691200610907,4,0,0
ch4-lower-edge-narrow-pluto-5d4d-20260813T141016Z,ch4-lower-edge-narrow-pluto-5d4d-20260813T141016Z.json,2026-08-13,pluto-5d4d,4,lower,manual,50.0,2500000.0,-55.427198909225396,-31.482092895091967,1,0,0
ch4-lower-edge-narrow-pluto-5d4d-20260813T150722Z,ch4-lower-edge-narrow-pluto-5d4d-20260813T150722Z.json,2026-08-13,pluto-5d4d,4,lower,slow_attack,,2500000.0,-35.594601784270075,-12.333127812454364,5,0,0
ch4-lower-edge-narrow-pluto-5d4d-20260813T152310Z,ch4-lower-edge-narrow-pluto-5d4d-20260813T152310Z.json,2026-08-13,pluto-5d4d,4,lower,manual,50.0,2500000.0,-55.4174271636873,-31.00644638521402,4,0,0
ch4-lower-edge-narrow-pluto-5d4d-20260813T160421Z,ch4-lower-edge-narrow-pluto-5d4d-20260813T160421Z.json,2026-08-13,pluto-5d4d,4,lower,slow_attack,,2500000.0,-35.414335860996275,-12.508622943728653,5,0,0
ch4-lower-edge-narrow-pluto-5d4d-20260813T161211Z,ch4-lower-edge-narrow-pluto-5d4d-20260813T161211Z.json,2026-08-13,pluto-5d4d,4,lower,manual,50.0,2500000.0,-55.43216095823819,-31.302871797868733,7,0,0
ch4-lower-edge-narrow-pluto-5d4d-20260813T162009Z,ch4-lower-edge-narrow-pluto-5d4d-20260813T162009Z.json,2026-08-13,pluto-5d4d,4,lower,slow_attack,,2500000.0,-35.527302874974566,-12.68350214543167,4,0,0
ch4-lower-edge-narrow-pluto-5d4d-20260813T163255Z,ch4-lower-edge-narrow-pluto-5d4d-20260813T163255Z.json,2026-08-13,pluto-5d4d,4,lower,manual,50.0,2500000.0,-55.23078948513529,-31.580129937727662,2,0,0
ch4-lower-edge-narrow-pluto-5d4d-20260813T170201Z,ch4-lower-edge-narrow-pluto-5d4d-20260813T170201Z.json,2026-08-13,pluto-5d4d,4,lower,manual,50.0,2500000.0,-55.46112018237656,-31.680428659632295,2,0,0
ch4-lower-edge-narrow-pluto-5d4d-20260813T171036Z,ch4-lower-edge-narrow-pluto-5d4d-20260813T171036Z.json,2026-08-13,pluto-5d4d,4,lower,slow_attack,,2500000.0,-35.70725643119626,-12.571912738669882,4,0,0
ch4-lower-edge-narrow-pluto-5d4d-20260813T175843Z,ch4-lower-edge-narrow-pluto-5d4d-20260813T175843Z.json,2026-08-13,pluto-5d4d,4,lower,slow_attack,,2500000.0,-35.71955164876671,-12.84553127719384,2,0,0
ch4-lower-edge-narrow-pluto-5d4d-20260813T180629Z,ch4-lower-edge-narrow-pluto-5d4d-20260813T180629Z.json,2026-08-13,pluto-5d4d,4,lower,manual,50.0,2500000.0,-55.44748286699996,-31.594943105992577,2,0,0
ch4-lower-edge-narrow-pluto-5d4d-20260813T181413Z,ch4-lower-edge-narrow-pluto-5d4d-20260813T181413Z.json,2026-08-13,pluto-5d4d,4,lower,manual,50.0,2500000.0,-55.44333134081319,-31.386086432510012,7,0,0
ch4-lower-edge-narrow-pluto-5d4d-20260813T182158Z,ch4-lower-edge-narrow-pluto-5d4d-20260813T182158Z.json,2026-08-13,pluto-5d4d,4,lower,slow_attack,,2500000.0,-35.72477147298202,-12.679006873233018,3,0,0
ch4-lower-edge-narrow-pluto-5d4d-20260813T193651Z,ch4-lower-edge-narrow-pluto-5d4d-20260813T193651Z.json,2026-08-13,pluto-5d4d,4,lower,slow_attack,,2500000.0,-12.719910268132042,-12.692002267749988,1,1,0
ch4-lower-edge-narrow-pluto-5d4d-20260813T195735Z,ch4-lower-edge-narrow-pluto-5d4d-20260813T195735Z.json,2026-08-13,pluto-5d4d,4,lower,slow_attack,,2500000.0,-12.755274034606664,-12.929185346851554,4,0,0
ch4-lower-edge-narrow-pluto-5d4d-20260813T205830Z,ch4-lower-edge-narrow-pluto-5d4d-20260813T205830Z.json,2026-08-13,pluto-5d4d,4,lower,slow_attack,,2500000.0,-12.447199534669341,-12.571748506592876,1,1,1
ch4-lower-edge-narrow-pluto-5d4d-20260813T211014Z,ch4-lower-edge-narrow-pluto-5d4d-20260813T211014Z.json,2026-08-13,pluto-5d4d,4,lower,manual,50.0,2500000.0,-28.73017531776741,-31.681685604186498,3,3,2
ch4-lower-edge-narrow-pluto-5d4d-20260813T211403Z,ch4-lower-edge-narrow-pluto-5d4d-20260813T211403Z.json,2026-08-13,pluto-5d4d,4,lower,manual,50.0,2500000.0,-28.951511305656467,-32.040490703769905,5,0,0
ch4-lower-edge-narrow-pluto-5d4d-20260813T212152Z,ch4-lower-edge-narrow-pluto-5d4d-20260813T212152Z.json,2026-08-13,pluto-5d4d,4,lower,manual,50.0,2500000.0,-28.740528074358572,-31.813597620924888,4,0,0
ch4-lower-edge-narrow-pluto-5d4d-20260813T212542Z,ch4-lower-edge-narrow-pluto-5d4d-20260813T212542Z.json,2026-08-13,pluto-5d4d,4,lower,manual,50.0,2500000.0,-28.36908766509876,-31.31309721841333,0,0,0
ch4-lower-edge-narrow-pluto-5d4d-20260813T220216Z,ch4-lower-edge-narrow-pluto-5d4d-20260813T220216Z.json,2026-08-13,pluto-5d4d,4,lower,manual,50.0,2500000.0,-28.687891461785185,-31.97490838592045,1,1,0
ch4-lower-edge-narrow-pluto-5d4d-20260813T225015Z,ch4-lower-edge-narrow-pluto-5d4d-20260813T225015Z.json,2026-08-13,pluto-5d4d,4,lower,manual,50.0,2500000.0,-28.388685779319903,-31.71980655046719,0,0,0
ch4-lower-edge-narrow-pluto-5d4d-20260813T231529Z,ch4-lower-edge-narrow-pluto-5d4d-20260813T231529Z.json,2026-08-13,pluto-5d4d,4,lower,manual,50.0,2500000.0,-28.443098655606516,-31.56881063191422,1,1,1
ch4-upper-edge-narrow-pluto-19f2-20260811T051936Z,ch4-upper-edge-narrow-pluto-19f2-20260811T051936Z.json,2026-08-11,pluto-19f2,4,upper,manual,50.0,2500000.0,-8.976068993832605,-8.374192168068662,2,0,0
ch4-upper-edge-narrow-pluto-19f2-20260811T053550Z,ch4-upper-edge-narrow-pluto-19f2-20260811T053550Z.json,2026-08-11,pluto-19f2,4,upper,slow_attack,,2500000.0,-12.692339013419943,-12.382184251466256,3,0,0
ch4-upper-edge-narrow-pluto-19f2-20260811T054828Z,ch4-upper-edge-narrow-pluto-19f2-20260811T054828Z.json,2026-08-11,pluto-19f2,4,upper,manual,50.0,2500000.0,-9.048337037196157,-8.457776769192304,2,0,0
ch4-upper-edge-narrow-pluto-19f2-20260811T055646Z,ch4-upper-edge-narrow-pluto-19f2-20260811T055646Z.json,2026-08-11,pluto-19f2,4,upper,slow_attack,,2500000.0,-12.63288203384105,-12.430661448661183,5,1,0
ch4-upper-edge-narrow-pluto-19f2-20260811T073309Z,ch4-upper-edge-narrow-pluto-19f2-20260811T073309Z.json,2026-08-11,pluto-19f2,4,upper,slow_attack,,2500000.0,-12.19460929407135,-12.67063733668477,2,0,0
ch4-upper-edge-narrow-pluto-19f2-20260811T074131Z,ch4-upper-edge-narrow-pluto-19f2-20260811T074131Z.json,2026-08-11,pluto-19f2,4,upper,slow_attack,,2500000.0,-12.320755375809167,-12.722508621935216,1,0,0
ch4-upper-edge-narrow-pluto-19f2-20260811T080638Z,ch4-upper-edge-narrow-pluto-19f2-20260811T080638Z.json,2026-08-11,pluto-19f2,4,upper,slow_attack,,2500000.0,-12.56998698753767,-12.846186651619128,0,0,0
ch4-upper-edge-narrow-pluto-19f2-20260811T081916Z,ch4-upper-edge-narrow-pluto-19f2-20260811T081916Z.json,2026-08-11,pluto-19f2,4,upper,manual,50.0,2500000.0,-9.129320846072444,-8.587592261602481,0,0,0
ch4-upper-edge-narrow-pluto-19f2-20260811T083146Z,ch4-upper-edge-narrow-pluto-19f2-20260811T083146Z.json,2026-08-11,pluto-19f2,4,upper,manual,50.0,2500000.0,-9.369588047823767,-8.780243367333734,0,0,0
ch4-upper-edge-narrow-pluto-19f2-20260811T085454Z,ch4-upper-edge-narrow-pluto-19f2-20260811T085454Z.json,2026-08-11,pluto-19f2,4,upper,manual,50.0,2500000.0,-9.26571375664754,-8.673852161723133,1,0,0
ch4-upper-edge-narrow-pluto-19f2-20260811T090727Z,ch4-upper-edge-narrow-pluto-19f2-20260811T090727Z.json,2026-08-11,pluto-19f2,4,upper,slow_attack,,2500000.0,-12.330687820793369,-11.91837969801195,2,0,0
ch4-upper-edge-narrow-pluto-19f2-20260811T091344Z,ch4-upper-edge-narrow-pluto-19f2-20260811T091344Z.json,2026-08-11,pluto-19f2,4,upper,manual,50.0,2500000.0,-9.332768855730754,-8.724120609468875,1,0,0
ch4-upper-edge-narrow-pluto-19f2-20260811T092618Z,ch4-upper-edge-narrow-pluto-19f2-20260811T092618Z.json,2026-08-11,pluto-19f2,4,upper,slow_attack,,2500000.0,-12.082266713857594,-12.44138282605771,4,0,0
ch4-upper-edge-narrow-pluto-19f2-20260811T093237Z,ch4-upper-edge-narrow-pluto-19f2-20260811T093237Z.json,2026-08-11,pluto-19f2,4,upper,manual,50.0,2500000.0,-9.195619535796935,-8.529399298821863,4,0,0
ch4-upper-edge-narrow-pluto-19f2-20260811T094713Z,ch4-upper-edge-narrow-pluto-19f2-20260811T094713Z.json,2026-08-11,pluto-19f2,4,upper,slow_attack,,2500000.0,-12.281189075612932,-12.374401496115333,5,0,0
ch4-upper-edge-narrow-pluto-19f2-20260811T094920Z,ch4-upper-edge-narrow-pluto-19f2-20260811T094920Z.json,2026-08-11,pluto-19f2,4,upper,manual,50.0,2500000.0,-9.214279565064828,-8.630992892557316,2,0,0
ch4-upper-edge-narrow-pluto-19f2-20260811T100605Z,ch4-upper-edge-narrow-pluto-19f2-20260811T100605Z.json,2026-08-11,pluto-19f2,4,upper,slow_attack,,2500000.0,-12.507948824260495,-12.893519795660405,1,0,0
ch4-upper-edge-narrow-pluto-19f2-20260811T102042Z,ch4-upper-edge-narrow-pluto-19f2-20260811T102042Z.json,2026-08-11,pluto-19f2,4,upper,slow_attack,,2500000.0,-12.436331008628255,-12.547104758300804,0,0,0
ch4-upper-edge-narrow-pluto-19f2-20260811T102455Z,ch4-upper-edge-narrow-pluto-19f2-20260811T102455Z.json,2026-08-11,pluto-19f2,4,upper,manual,50.0,2500000.0,-9.221798305470694,-8.578786965368487,1,0,0
ch4-upper-edge-narrow-pluto-19f2-20260811T103316Z,ch4-upper-edge-narrow-pluto-19f2-20260811T103316Z.json,2026-08-11,pluto-19f2,4,upper,manual,50.0,2500000.0,-9.36717816344822,-8.771054598697878,0,0,0
ch4-upper-edge-narrow-pluto-19f2-20260811T104136Z,ch4-upper-edge-narrow-pluto-19f2-20260811T104136Z.json,2026-08-11,pluto-19f2,4,upper,manual,50.0,2500000.0,-9.14522821417661,-8.485706495896013,4,0,0
ch4-upper-edge-narrow-pluto-19f2-20260811T104341Z,ch4-upper-edge-narrow-pluto-19f2-20260811T104341Z.json,2026-08-11,pluto-19f2,4,upper,manual,50.0,2500000.0,-9.327728215076855,-8.7701347547738,0,0,0
ch4-upper-edge-narrow-pluto-19f2-20260811T110638Z,ch4-upper-edge-narrow-pluto-19f2-20260811T110638Z.json,2026-08-11,pluto-19f2,4,upper,manual,50.0,2500000.0,-9.266294523750503,-8.666770932740526,1,0,0
ch4-upper-edge-narrow-pluto-19f2-20260811T114215Z,ch4-upper-edge-narrow-pluto-19f2-20260811T114215Z.json,2026-08-11,pluto-19f2,4,upper,slow_attack,,2500000.0,-12.464249996930096,-11.928507662352139,0,0,0
ch4-upper-edge-narrow-pluto-19f2-20260811T122816Z,ch4-upper-edge-narrow-pluto-19f2-20260811T122816Z.json,2026-08-11,pluto-19f2,4,upper,slow_attack,,2500000.0,-12.400952675393835,-12.696783906961977,1,0,0
ch4-upper-edge-narrow-pluto-19f2-20260811T123846Z,ch4-upper-edge-narrow-pluto-19f2-20260811T123846Z.json,2026-08-11,pluto-19f2,4,upper,slow_attack,,2500000.0,-12.3101953368062,-11.99139606655418,0,0,0
ch4-upper-edge-narrow-pluto-19f2-20260811T124501Z,ch4-upper-edge-narrow-pluto-19f2-20260811T124501Z.json,2026-08-11,pluto-19f2,4,upper,manual,50.0,2500000.0,-8.62828119402234,-7.848250062143021,2,1,0
ch4-upper-edge-narrow-pluto-19f2-20260811T130804Z,ch4-upper-edge-narrow-pluto-19f2-20260811T130804Z.json,2026-08-11,pluto-19f2,4,upper,manual,50.0,2500000.0,-9.024364638200709,-8.454428951976231,2,0,0
ch4-upper-edge-narrow-pluto-19f2-20260811T135904Z,ch4-upper-edge-narrow-pluto-19f2-20260811T135904Z.json,2026-08-11,pluto-19f2,4,upper,manual,50.0,2500000.0,-9.250734760961702,-8.637828111413068,1,0,0
ch4-upper-edge-narrow-pluto-19f2-20260811T140313Z,ch4-upper-edge-narrow-pluto-19f2-20260811T140313Z.json,2026-08-11,pluto-19f2,4,upper,manual,50.0,2500000.0,-9.063814681179776,-8.54780418798274,2,0,0
ch4-upper-edge-narrow-pluto-19f2-20260811T141956Z,ch4-upper-edge-narrow-pluto-19f2-20260811T141956Z.json,2026-08-11,pluto-19f2,4,upper,manual,50.0,2500000.0,-9.216238749946006,-8.60100351325347,0,0,0
ch4-upper-edge-narrow-pluto-19f2-20260811T143225Z,ch4-upper-edge-narrow-pluto-19f2-20260811T143225Z.json,2026-08-11,pluto-19f2,4,upper,slow_attack,,2500000.0,-12.2063347389918,-12.534230999669271,0,0,0
ch4-upper-edge-narrow-pluto-19f2-20260811T144720Z,ch4-upper-edge-narrow-pluto-19f2-20260811T144720Z.json,2026-08-11,pluto-19f2,4,upper,manual,50.0,2500000.0,-9.097404778573717,-8.510753514643167,2,0,0
ch4-upper-edge-narrow-pluto-19f2-20260811T150424Z,ch4-upper-edge-narrow-pluto-19f2-20260811T150424Z.json,2026-08-11,pluto-19f2,4,upper,manual,50.0,2500000.0,-9.22649157275237,-8.659231765948622,0,0,0
ch4-upper-edge-narrow-pluto-19f2-20260811T151700Z,ch4-upper-edge-narrow-pluto-19f2-20260811T151700Z.json,2026-08-11,pluto-19f2,4,upper,manual,50.0,2500000.0,-9.011601676390129,-8.363645920531344,3,0,0
ch4-upper-edge-narrow-pluto-19f2-20260811T153346Z,ch4-upper-edge-narrow-pluto-19f2-20260811T153346Z.json,2026-08-11,pluto-19f2,4,upper,slow_attack,,2500000.0,-12.270933037186463,-12.77138671574698,0,0,0
ch4-upper-edge-narrow-pluto-19f2-20260811T154008Z,ch4-upper-edge-narrow-pluto-19f2-20260811T154008Z.json,2026-08-11,pluto-19f2,4,upper,slow_attack,,2500000.0,-12.36114808381108,-12.521836830576065,5,0,0
ch4-upper-edge-narrow-pluto-19f2-20260811T154631Z,ch4-upper-edge-narrow-pluto-19f2-20260811T154631Z.json,2026-08-11,pluto-19f2,4,upper,manual,50.0,2500000.0,-9.36759412781207,-8.76173290822175,1,0,0
ch4-upper-edge-narrow-pluto-19f2-20260811T154838Z,ch4-upper-edge-narrow-pluto-19f2-20260811T154838Z.json,2026-08-11,pluto-19f2,4,upper,manual,50.0,2500000.0,-9.254724040980589,-8.576766539483035,4,0,0
ch4-upper-edge-narrow-pluto-19f2-20260811T161320Z,ch4-upper-edge-narrow-pluto-19f2-20260811T161320Z.json,2026-08-11,pluto-19f2,4,upper,manual,50.0,2500000.0,-9.225792947075576,-8.636201021536795,3,0,0
ch4-upper-edge-narrow-pluto-19f2-20260811T162750Z,ch4-upper-edge-narrow-pluto-19f2-20260811T162750Z.json,2026-08-11,pluto-19f2,4,upper,slow_attack,,2500000.0,-12.383612931338888,-12.462658517957973,1,0,0
ch4-upper-edge-narrow-pluto-19f2-20260811T163808Z,ch4-upper-edge-narrow-pluto-19f2-20260811T163808Z.json,2026-08-11,pluto-19f2,4,upper,slow_attack,,2500000.0,-12.370465898830645,-12.533838408963279,3,0,0
ch4-upper-edge-narrow-pluto-19f2-20260811T165659Z,ch4-upper-edge-narrow-pluto-19f2-20260811T165659Z.json,2026-08-11,pluto-19f2,4,upper,manual,50.0,2500000.0,-9.227560523127785,-8.511404362317663,2,0,0
ch4-upper-edge-narrow-pluto-19f2-20260811T165903Z,ch4-upper-edge-narrow-pluto-19f2-20260811T165903Z.json,2026-08-11,pluto-19f2,4,upper,manual,50.0,2500000.0,-9.347232645470786,-8.718898591827529,2,0,0
ch4-upper-edge-narrow-pluto-19f2-20260811T172421Z,ch4-upper-edge-narrow-pluto-19f2-20260811T172421Z.json,2026-08-11,pluto-19f2,4,upper,manual,50.0,2500000.0,-8.914226859932837,-8.489352262870053,1,0,0
ch4-upper-edge-narrow-pluto-19f2-20260811T174202Z,ch4-upper-edge-narrow-pluto-19f2-20260811T174202Z.json,2026-08-11,pluto-19f2,4,upper,manual,50.0,2500000.0,-8.421482472977605,-7.907562798018719,3,1,0
ch4-upper-edge-narrow-pluto-19f2-20260811T175232Z,ch4-upper-edge-narrow-pluto-19f2-20260811T175232Z.json,2026-08-11,pluto-19f2,4,upper,manual,50.0,2500000.0,-8.653635485021043,-8.239795317502153,3,0,0
ch4-upper-edge-narrow-pluto-19f2-20260811T181610Z,ch4-upper-edge-narrow-pluto-19f2-20260811T181610Z.json,2026-08-11,pluto-19f2,4,upper,slow_attack,,2500000.0,-12.814615646378638,-12.499072326771847,2,0,0
ch4-upper-edge-narrow-pluto-19f2-20260811T183406Z,ch4-upper-edge-narrow-pluto-19f2-20260811T183406Z.json,2026-08-11,pluto-19f2,4,upper,manual,50.0,2500000.0,-8.938535629672135,-8.47621579193391,0,0,0
ch4-upper-edge-narrow-pluto-19f2-20260811T185555Z,ch4-upper-edge-narrow-pluto-19f2-20260811T185555Z.json,2026-08-11,pluto-19f2,4,upper,manual,50.0,2500000.0,-8.960327203167662,-8.326308136138445,4,1,0
ch4-upper-edge-narrow-pluto-19f2-20260811T185758Z,ch4-upper-edge-narrow-pluto-19f2-20260811T185758Z.json,2026-08-11,pluto-19f2,4,upper,slow_attack,,2500000.0,-12.717753400420781,-12.548653026875531,3,0,0
ch4-upper-edge-narrow-pluto-19f2-20260811T191444Z,ch4-upper-edge-narrow-pluto-19f2-20260811T191444Z.json,2026-08-11,pluto-19f2,4,upper,slow_attack,,2500000.0,-12.452469345145092,-12.47819433445989,3,0,0
ch4-upper-edge-narrow-pluto-19f2-20260811T192306Z,ch4-upper-edge-narrow-pluto-19f2-20260811T192306Z.json,2026-08-11,pluto-19f2,4,upper,manual,50.0,2500000.0,-9.003094888988574,-8.509766398675984,1,0,0
ch4-upper-edge-narrow-pluto-19f2-20260811T192544Z,ch4-upper-edge-narrow-pluto-19f2-20260811T192544Z.json,2026-08-11,pluto-19f2,4,upper,manual,50.0,2500000.0,-8.79441275472811,-8.257138001868654,2,0,0
ch4-upper-edge-narrow-pluto-19f2-20260811T192748Z,ch4-upper-edge-narrow-pluto-19f2-20260811T192748Z.json,2026-08-11,pluto-19f2,4,upper,slow_attack,,2500000.0,-12.343153862321401,-12.665820278045128,2,0,0
ch4-upper-edge-narrow-pluto-19f2-20260811T200737Z,ch4-upper-edge-narrow-pluto-19f2-20260811T200737Z.json,2026-08-11,pluto-19f2,4,upper,slow_attack,,2500000.0,-12.970663479346598,-12.603829873490223,2,0,0
ch4-upper-edge-narrow-pluto-19f2-20260811T210147Z,ch4-upper-edge-narrow-pluto-19f2-20260811T210147Z.json,2026-08-11,pluto-19f2,4,upper,manual,50.0,2500000.0,-8.895324146818272,-8.517262189674371,0,0,0
ch4-upper-edge-narrow-pluto-19f2-20260811T212035Z,ch4-upper-edge-narrow-pluto-19f2-20260811T212035Z.json,2026-08-11,pluto-19f2,4,upper,manual,50.0,2500000.0,-8.927003289059154,-8.546910988517544,0,0,0
ch4-upper-edge-narrow-pluto-19f2-20260811T213534Z,ch4-upper-edge-narrow-pluto-19f2-20260811T213534Z.json,2026-08-11,pluto-19f2,4,upper,slow_attack,,2500000.0,-12.416148704101843,-12.263803557851647,1,0,0
ch4-upper-edge-narrow-pluto-19f2-20260811T223126Z,ch4-upper-edge-narrow-pluto-19f2-20260811T223126Z.json,2026-08-11,pluto-19f2,4,upper,slow_attack,,2500000.0,-12.657450038647495,-12.707083676811333,3,0,0
ch4-upper-edge-narrow-pluto-19f2-20260811T224242Z,ch4-upper-edge-narrow-pluto-19f2-20260811T224242Z.json,2026-08-11,pluto-19f2,4,upper,slow_attack,,2500000.0,-12.58413591541446,-12.610455443399795,1,0,0
ch4-upper-edge-narrow-pluto-19f2-20260811T224629Z,ch4-upper-edge-narrow-pluto-19f2-20260811T224629Z.json,2026-08-11,pluto-19f2,4,upper,slow_attack,,2500000.0,-12.389114629487501,-12.329920103089751,3,0,0
ch4-upper-edge-narrow-pluto-19f2-20260811T225015Z,ch4-upper-edge-narrow-pluto-19f2-20260811T225015Z.json,2026-08-11,pluto-19f2,4,upper,slow_attack,,2500000.0,-12.558089392875738,-12.667902066955978,4,0,0
ch4-upper-edge-narrow-pluto-19f2-20260811T230901Z,ch4-upper-edge-narrow-pluto-19f2-20260811T230901Z.json,2026-08-11,pluto-19f2,4,upper,manual,50.0,2500000.0,-8.539887496176506,-8.099879667319872,1,0,0
ch4-upper-edge-narrow-pluto-19f2-20260811T231244Z,ch4-upper-edge-narrow-pluto-19f2-20260811T231244Z.json,2026-08-11,pluto-19f2,4,upper,slow_attack,,2500000.0,-12.455974317329584,-12.544612116195177,1,0,0
ch4-upper-edge-narrow-pluto-19f2-20260811T234305Z,ch4-upper-edge-narrow-pluto-19f2-20260811T234305Z.json,2026-08-11,pluto-19f2,4,upper,manual,50.0,2500000.0,-8.609069361603026,-8.009351641859935,1,1,0
ch4-upper-edge-narrow-pluto-19f2-20260812T014339Z,ch4-upper-edge-narrow-pluto-19f2-20260812T014339Z.json,2026-08-12,pluto-19f2,4,upper,manual,50.0,2500000.0,-8.441456923909536,-7.901006195469973,2,0,0
ch4-upper-edge-narrow-pluto-19f2-20260812T024003Z,ch4-upper-edge-narrow-pluto-19f2-20260812T024003Z.json,2026-08-12,pluto-19f2,4,upper,slow_attack,,2500000.0,-12.74367416991284,-12.762636026753187,2,0,0
ch4-upper-edge-narrow-pluto-19f2-20260812T025121Z,ch4-upper-edge-narrow-pluto-19f2-20260812T025121Z.json,2026-08-12,pluto-19f2,4,upper,manual,50.0,2500000.0,-8.25220016322306,-7.759531254437649,2,0,0
ch4-upper-edge-narrow-pluto-19f2-20260812T040239Z,ch4-upper-edge-narrow-pluto-19f2-20260812T040239Z.json,2026-08-12,pluto-19f2,4,upper,slow_attack,,2500000.0,-12.339750337365519,-12.601817768816165,5,0,0
ch4-upper-edge-narrow-pluto-19f2-20260812T041355Z,ch4-upper-edge-narrow-pluto-19f2-20260812T041355Z.json,2026-08-12,pluto-19f2,4,upper,slow_attack,,2500000.0,-12.547608645223757,-12.37797257464136,6,1,0
ch4-upper-edge-narrow-pluto-19f2-20260812T042513Z,ch4-upper-edge-narrow-pluto-19f2-20260812T042513Z.json,2026-08-12,pluto-19f2,4,upper,manual,50.0,2500000.0,-8.042344483770291,-7.474288142304244,4,0,0
ch4-upper-edge-narrow-pluto-19f2-20260812T044741Z,ch4-upper-edge-narrow-pluto-19f2-20260812T044741Z.json,2026-08-12,pluto-19f2,4,upper,slow_attack,,2500000.0,-12.660901591503062,-12.684466926665028,3,0,0
ch4-upper-edge-narrow-pluto-19f2-20260812T051030Z,ch4-upper-edge-narrow-pluto-19f2-20260812T051030Z.json,2026-08-12,pluto-19f2,4,upper,slow_attack,,2500000.0,-12.540928833083424,-12.189200115175037,0,0,0
ch4-upper-edge-narrow-pluto-19f2-20260812T051418Z,ch4-upper-edge-narrow-pluto-19f2-20260812T051418Z.json,2026-08-12,pluto-19f2,4,upper,manual,50.0,2500000.0,-8.24826350986067,-7.749385409187295,4,0,0
ch4-upper-edge-narrow-pluto-19f2-20260812T052925Z,ch4-upper-edge-narrow-pluto-19f2-20260812T052925Z.json,2026-08-12,pluto-19f2,4,upper,slow_attack,,2500000.0,-12.766065356248827,-12.723082501029632,3,0,0
ch4-upper-edge-narrow-pluto-19f2-20260812T053313Z,ch4-upper-edge-narrow-pluto-19f2-20260812T053313Z.json,2026-08-12,pluto-19f2,4,upper,manual,50.0,2500000.0,-8.173082212068671,-7.692754835943315,4,0,0
ch4-upper-edge-narrow-pluto-19f2-20260812T073420Z,ch4-upper-edge-narrow-pluto-19f2-20260812T073420Z.json,2026-08-12,pluto-19f2,4,upper,slow_attack,,2500000.0,-12.872463990178098,-12.439277146394275,4,0,0
ch4-upper-edge-narrow-pluto-19f2-20260812T074541Z,ch4-upper-edge-narrow-pluto-19f2-20260812T074541Z.json,2026-08-12,pluto-19f2,4,upper,slow_attack,,2500000.0,-12.577271108678858,-12.620105920518602,3,0,0
ch4-upper-edge-narrow-pluto-19f2-20260812T080826Z,ch4-upper-edge-narrow-pluto-19f2-20260812T080826Z.json,2026-08-12,pluto-19f2,4,upper,manual,50.0,2500000.0,-9.162601969409733,-8.585783145138317,1,0,0
ch4-upper-edge-narrow-pluto-19f2-20260812T081600Z,ch4-upper-edge-narrow-pluto-19f2-20260812T081600Z.json,2026-08-12,pluto-19f2,4,upper,slow_attack,,2500000.0,-12.644080127295174,-12.626240449467387,2,0,0
ch4-upper-edge-narrow-pluto-19f2-20260812T081948Z,ch4-upper-edge-narrow-pluto-19f2-20260812T081948Z.json,2026-08-12,pluto-19f2,4,upper,manual,50.0,2500000.0,-9.124884769139781,-8.58999945220887,1,0,0
ch4-upper-edge-narrow-pluto-19f2-20260812T082334Z,ch4-upper-edge-narrow-pluto-19f2-20260812T082334Z.json,2026-08-12,pluto-19f2,4,upper,manual,50.0,2500000.0,-9.030553620646355,-8.488028418029476,4,0,0
ch4-upper-edge-narrow-pluto-19f2-20260812T082720Z,ch4-upper-edge-narrow-pluto-19f2-20260812T082720Z.json,2026-08-12,pluto-19f2,4,upper,slow_attack,,2500000.0,-12.32319674987194,-12.65470874617156,0,0,0
ch4-upper-edge-narrow-pluto-19f2-20260812T085008Z,ch4-upper-edge-narrow-pluto-19f2-20260812T085008Z.json,2026-08-12,pluto-19f2,4,upper,manual,50.0,2500000.0,-8.788707432575348,-8.223767657313221,4,0,0
ch4-upper-edge-narrow-pluto-19f2-20260812T092800Z,ch4-upper-edge-narrow-pluto-19f2-20260812T092800Z.json,2026-08-12,pluto-19f2,4,upper,manual,50.0,2500000.0,-8.744088418593396,-8.108225375091859,5,0,0
ch4-upper-edge-narrow-pluto-19f2-20260812T114418Z,ch4-upper-edge-narrow-pluto-19f2-20260812T114418Z.json,2026-08-12,pluto-19f2,4,upper,slow_attack,,2500000.0,-12.311985169557932,-12.494322998742742,4,0,0
ch4-upper-edge-narrow-pluto-19f2-20260812T121436Z,ch4-upper-edge-narrow-pluto-19f2-20260812T121436Z.json,2026-08-12,pluto-19f2,4,upper,slow_attack,,2500000.0,-12.50313252488743,-12.634212112303544,2,0,0
ch4-upper-edge-narrow-pluto-19f2-20260812T122949Z,ch4-upper-edge-narrow-pluto-19f2-20260812T122949Z.json,2026-08-12,pluto-19f2,4,upper,manual,50.0,2500000.0,-8.983192813978084,-8.42888459158951,2,0,0
ch4-upper-edge-narrow-pluto-19f2-20260812T133029Z,ch4-upper-edge-narrow-pluto-19f2-20260812T133029Z.json,2026-08-12,pluto-19f2,4,upper,slow_attack,,2500000.0,-12.9407649209849,-12.526303644780533,2,0,0
ch4-upper-edge-narrow-pluto-19f2-20260812T140820Z,ch4-upper-edge-narrow-pluto-19f2-20260812T140820Z.json,2026-08-12,pluto-19f2,4,upper,manual,50.0,2500000.0,-9.143038802354445,-8.593878151559668,1,0,0
ch4-upper-edge-narrow-pluto-19f2-20260812T141555Z,ch4-upper-edge-narrow-pluto-19f2-20260812T141555Z.json,2026-08-12,pluto-19f2,4,upper,manual,50.0,2500000.0,-8.978035349775865,-8.36794131116374,4,1,0
ch4-upper-edge-narrow-pluto-19f2-20260812T143110Z,ch4-upper-edge-narrow-pluto-19f2-20260812T143110Z.json,2026-08-12,pluto-19f2,4,upper,slow_attack,,2500000.0,-12.721366746705387,-12.334304645231368,6,0,0
ch4-upper-edge-narrow-pluto-19f2-20260812T153536Z,ch4-upper-edge-narrow-pluto-19f2-20260812T153536Z.json,2026-08-12,pluto-19f2,4,upper,manual,50.0,2500000.0,-9.234187574457572,-8.63455484807788,1,0,0
ch4-upper-edge-narrow-pluto-19f2-20260812T154309Z,ch4-upper-edge-narrow-pluto-19f2-20260812T154309Z.json,2026-08-12,pluto-19f2,4,upper,slow_attack,,2500000.0,-12.34599026306848,-12.687046693561992,4,0,0
ch4-upper-edge-narrow-pluto-19f2-20260812T160949Z,ch4-upper-edge-narrow-pluto-19f2-20260812T160949Z.json,2026-08-12,pluto-19f2,4,upper,slow_attack,,2500000.0,-12.246892655631974,-12.747655416754895,6,0,0
ch4-upper-edge-narrow-pluto-19f2-20260812T164415Z,ch4-upper-edge-narrow-pluto-19f2-20260812T164415Z.json,2026-08-12,pluto-19f2,4,upper,slow_attack,,2500000.0,-12.373807395841922,-12.803681418523759,4,0,0
ch4-upper-edge-narrow-pluto-19f2-20260812T171859Z,ch4-upper-edge-narrow-pluto-19f2-20260812T171859Z.json,2026-08-12,pluto-19f2,4,upper,slow_attack,,2500000.0,-12.741437412079337,-12.357230750767844,5,0,0
ch4-upper-edge-narrow-pluto-19f2-20260812T174215Z,ch4-upper-edge-narrow-pluto-19f2-20260812T174215Z.json,2026-08-12,pluto-19f2,4,upper,slow_attack,,2500000.0,-12.538239607392644,-12.368306299995355,6,0,0
ch4-upper-edge-narrow-pluto-19f2-20260812T180536Z,ch4-upper-edge-narrow-pluto-19f2-20260812T180536Z.json,2026-08-12,pluto-19f2,4,upper,manual,50.0,2500000.0,-9.014892136046074,-8.422920916068318,0,0,0
ch4-upper-edge-narrow-pluto-19f2-20260812T181319Z,ch4-upper-edge-narrow-pluto-19f2-20260812T181319Z.json,2026-08-12,pluto-19f2,4,upper,slow_attack,,2500000.0,-12.404396147622998,-12.676892904926017,1,0,0
ch4-upper-edge-narrow-pluto-19f2-20260812T184805Z,ch4-upper-edge-narrow-pluto-19f2-20260812T184805Z.json,2026-08-12,pluto-19f2,4,upper,manual,50.0,2500000.0,-8.968187505854965,-8.240955706425517,4,0,0
ch4-upper-edge-narrow-pluto-19f2-20260812T185156Z,ch4-upper-edge-narrow-pluto-19f2-20260812T185156Z.json,2026-08-12,pluto-19f2,4,upper,slow_attack,,2500000.0,-12.323303209146545,-12.295646179710547,5,0,0
ch4-upper-edge-narrow-pluto-19f2-20260812T185940Z,ch4-upper-edge-narrow-pluto-19f2-20260812T185940Z.json,2026-08-12,pluto-19f2,4,upper,slow_attack,,2500000.0,-12.67692193962402,-12.685619118451994,4,0,0
ch4-upper-edge-narrow-pluto-19f2-20260812T190725Z,ch4-upper-edge-narrow-pluto-19f2-20260812T190725Z.json,2026-08-12,pluto-19f2,4,upper,slow_attack,,2500000.0,-12.443017385011974,-12.456836621344817,4,0,0
ch4-upper-edge-narrow-pluto-19f2-20260812T201356Z,ch4-upper-edge-narrow-pluto-19f2-20260812T201356Z.json,2026-08-12,pluto-19f2,4,upper,slow_attack,,2500000.0,-13.006824108176382,-12.493722528704483,2,0,0
ch4-upper-edge-narrow-pluto-19f2-20260812T202915Z,ch4-upper-edge-narrow-pluto-19f2-20260812T202915Z.json,2026-08-12,pluto-19f2,4,upper,manual,50.0,2500000.0,-8.974524059456101,-8.277980681819514,3,0,0
ch4-upper-edge-narrow-pluto-19f2-20260812T204437Z,ch4-upper-edge-narrow-pluto-19f2-20260812T204437Z.json,2026-08-12,pluto-19f2,4,upper,slow_attack,,2500000.0,-12.85322032374079,-12.468986666037429,3,0,0
ch4-upper-edge-narrow-pluto-19f2-20260812T211546Z,ch4-upper-edge-narrow-pluto-19f2-20260812T211546Z.json,2026-08-12,pluto-19f2,4,upper,manual,50.0,2500000.0,-8.714632436295965,-8.073162745150048,4,0,0
ch4-upper-edge-narrow-pluto-19f2-20260812T223300Z,ch4-upper-edge-narrow-pluto-19f2-20260812T223300Z.json,2026-08-12,pluto-19f2,4,upper,manual,50.0,2500000.0,-8.849844370736022,-8.174311740550602,2,0,0
ch4-upper-edge-narrow-pluto-19f2-20260812T230359Z,ch4-upper-edge-narrow-pluto-19f2-20260812T230359Z.json,2026-08-12,pluto-19f2,4,upper,slow_attack,,2500000.0,-12.794908550027959,-12.26198233564218,0,0,0
ch4-upper-edge-narrow-pluto-19f2-20260813T002416Z,ch4-upper-edge-narrow-pluto-19f2-20260813T002416Z.json,2026-08-13,pluto-19f2,4,upper,slow_attack,,2500000.0,-12.62345951411595,-12.73286452256512,2,0,0
ch4-upper-edge-narrow-pluto-19f2-20260813T004714Z,ch4-upper-edge-narrow-pluto-19f2-20260813T004714Z.json,2026-08-13,pluto-19f2,4,upper,manual,50.0,2500000.0,-8.600324217330018,-7.992231739556571,2,0,0
ch4-upper-edge-narrow-pluto-19f2-20260813T005453Z,ch4-upper-edge-narrow-pluto-19f2-20260813T005453Z.json,2026-08-13,pluto-19f2,4,upper,manual,50.0,2500000.0,-8.490765345710775,-7.928330357255269,2,0,0
ch4-upper-edge-narrow-pluto-19f2-20260813T010620Z,ch4-upper-edge-narrow-pluto-19f2-20260813T010620Z.json,2026-08-13,pluto-19f2,4,upper,slow_attack,,2500000.0,-12.546359277403642,-12.456871155693001,4,0,0
ch4-upper-edge-narrow-pluto-19f2-20260813T014823Z,ch4-upper-edge-narrow-pluto-19f2-20260813T014823Z.json,2026-08-13,pluto-19f2,4,upper,slow_attack,,2500000.0,-12.374497950928118,-12.466651111985229,3,0,0
ch4-upper-edge-narrow-pluto-19f2-20260813T020405Z,ch4-upper-edge-narrow-pluto-19f2-20260813T020405Z.json,2026-08-13,pluto-19f2,4,upper,manual,50.0,2500000.0,-8.273588586653748,-7.766608252886156,3,1,0
ch4-upper-edge-narrow-pluto-19f2-20260813T022010Z,ch4-upper-edge-narrow-pluto-19f2-20260813T022010Z.json,2026-08-13,pluto-19f2,4,upper,manual,50.0,2500000.0,-8.301888031137572,-7.727419129597579,6,0,0
ch4-upper-edge-narrow-pluto-19f2-20260813T023153Z,ch4-upper-edge-narrow-pluto-19f2-20260813T023153Z.json,2026-08-13,pluto-19f2,4,upper,slow_attack,,2500000.0,-12.528915033375016,-12.657302834292317,3,0,0
ch4-upper-edge-narrow-pluto-19f2-20260813T024736Z,ch4-upper-edge-narrow-pluto-19f2-20260813T024736Z.json,2026-08-13,pluto-19f2,4,upper,manual,50.0,2500000.0,-8.28572727477354,-7.732351182850726,3,0,0
ch4-upper-edge-narrow-pluto-19f2-20260813T033515Z,ch4-upper-edge-narrow-pluto-19f2-20260813T033515Z.json,2026-08-13,pluto-19f2,4,upper,manual,50.0,2500000.0,-8.235270009749504,-7.6072079345481125,5,0,0
ch4-upper-edge-narrow-pluto-19f2-20260813T040246Z,ch4-upper-edge-narrow-pluto-19f2-20260813T040246Z.json,2026-08-13,pluto-19f2,4,upper,manual,50.0,2500000.0,-8.47952152687354,-7.859815312338111,4,0,0
ch4-upper-edge-narrow-pluto-19f2-20260813T043823Z,ch4-upper-edge-narrow-pluto-19f2-20260813T043823Z.json,2026-08-13,pluto-19f2,4,upper,manual,50.0,2500000.0,-8.456837660843572,-7.921264948686442,6,0,0
ch4-upper-edge-narrow-pluto-19f2-20260813T045843Z,ch4-upper-edge-narrow-pluto-19f2-20260813T045843Z.json,2026-08-13,pluto-19f2,4,upper,slow_attack,,2500000.0,-12.503705968468443,-12.565246143098008,5,0,0
ch4-upper-edge-narrow-pluto-19f2-20260813T051102Z,ch4-upper-edge-narrow-pluto-19f2-20260813T051102Z.json,2026-08-13,pluto-19f2,4,upper,manual,50.0,2500000.0,-8.426777970753902,-9.363654276107205,5,0,0
ch4-upper-edge-narrow-pluto-19f2-20260813T051847Z,ch4-upper-edge-narrow-pluto-19f2-20260813T051847Z.json,2026-08-13,pluto-19f2,4,upper,manual,50.0,2500000.0,-8.119410900006372,-8.922875982674164,7,0,0
ch4-upper-edge-narrow-pluto-19f2-20260813T052637Z,ch4-upper-edge-narrow-pluto-19f2-20260813T052637Z.json,2026-08-13,pluto-19f2,4,upper,slow_attack,,2500000.0,-12.564896385790101,-12.759868938675531,2,0,0
ch4-upper-edge-narrow-pluto-19f2-20260813T062502Z,ch4-upper-edge-narrow-pluto-19f2-20260813T062502Z.json,2026-08-13,pluto-19f2,4,upper,slow_attack,,2500000.0,-12.514862112088315,-12.64098727833029,3,0,0
ch4-upper-edge-narrow-pluto-19f2-20260813T064450Z,ch4-upper-edge-narrow-pluto-19f2-20260813T064450Z.json,2026-08-13,pluto-19f2,4,upper,manual,50.0,2500000.0,-8.635656061608724,-9.533963347786605,1,0,0
ch4-upper-edge-narrow-pluto-19f2-20260813T075140Z,ch4-upper-edge-narrow-pluto-19f2-20260813T075140Z.json,2026-08-13,pluto-19f2,4,upper,slow_attack,,2500000.0,-12.452382733811023,-12.526024101444683,4,0,0
ch4-upper-edge-narrow-pluto-19f2-20260813T080342Z,ch4-upper-edge-narrow-pluto-19f2-20260813T080342Z.json,2026-08-13,pluto-19f2,4,upper,manual,50.0,2500000.0,-8.333121835042164,-9.198912099500813,6,0,0
ch4-upper-edge-narrow-pluto-19f2-20260813T081140Z,ch4-upper-edge-narrow-pluto-19f2-20260813T081140Z.json,2026-08-13,pluto-19f2,4,upper,slow_attack,,2500000.0,-12.449841906571105,-12.546226431049574,3,0,0
ch4-upper-edge-narrow-pluto-19f2-20260813T085137Z,ch4-upper-edge-narrow-pluto-19f2-20260813T085137Z.json,2026-08-13,pluto-19f2,4,upper,slow_attack,,2500000.0,-12.501234709733067,-12.560416927359412,6,0,0
ch4-upper-edge-narrow-pluto-19f2-20260813T102949Z,ch4-upper-edge-narrow-pluto-19f2-20260813T102949Z.json,2026-08-13,pluto-19f2,4,upper,manual,50.0,2500000.0,-8.75012935083275,-9.694376035661545,2,0,0
ch4-upper-edge-narrow-pluto-19f2-20260813T105357Z,ch4-upper-edge-narrow-pluto-19f2-20260813T105357Z.json,2026-08-13,pluto-19f2,4,upper,manual,50.0,2500000.0,-8.782719166665647,-9.746665393471392,0,0,0
ch4-upper-edge-narrow-pluto-19f2-20260813T114844Z,ch4-upper-edge-narrow-pluto-19f2-20260813T114844Z.json,2026-08-13,pluto-19f2,4,upper,slow_attack,,2500000.0,-12.157872128605343,-12.337927438288308,3,0,0
ch4-upper-edge-narrow-pluto-19f2-20260813T132013Z,ch4-upper-edge-narrow-pluto-19f2-20260813T132013Z.json,2026-08-13,pluto-19f2,4,upper,slow_attack,,2500000.0,-12.763952378209503,-12.585564920380612,5,0,0
ch4-upper-edge-narrow-pluto-19f2-20260813T132407Z,ch4-upper-edge-narrow-pluto-19f2-20260813T132407Z.json,2026-08-13,pluto-19f2,4,upper,slow_attack,,2500000.0,-12.67614527738909,-12.519700547479644,0,0,0
ch4-upper-edge-narrow-pluto-19f2-20260813T142228Z,ch4-upper-edge-narrow-pluto-19f2-20260813T142228Z.json,2026-08-13,pluto-19f2,4,upper,slow_attack,,2500000.0,-12.303169348800216,-12.373746966199395,4,0,0
ch4-upper-edge-narrow-pluto-19f2-20260813T142626Z,ch4-upper-edge-narrow-pluto-19f2-20260813T142626Z.json,2026-08-13,pluto-19f2,4,upper,slow_attack,,2500000.0,-12.650365319439253,-12.560890152585902,5,0,0
ch4-upper-edge-narrow-pluto-19f2-20260813T150525Z,ch4-upper-edge-narrow-pluto-19f2-20260813T150525Z.json,2026-08-13,pluto-19f2,4,upper,manual,50.0,2500000.0,-8.426113599421472,-9.330467638566965,4,0,0
ch4-upper-edge-narrow-pluto-19f2-20260813T151313Z,ch4-upper-edge-narrow-pluto-19f2-20260813T151313Z.json,2026-08-13,pluto-19f2,4,upper,slow_attack,,2500000.0,-12.477916342946472,-12.536304954384887,6,0,0
ch4-upper-edge-narrow-pluto-19f2-20260813T152902Z,ch4-upper-edge-narrow-pluto-19f2-20260813T152902Z.json,2026-08-13,pluto-19f2,4,upper,slow_attack,,2500000.0,-12.47251554709355,-12.489910679287902,6,0,0
ch4-upper-edge-narrow-pluto-19f2-20260813T170820Z,ch4-upper-edge-narrow-pluto-19f2-20260813T170820Z.json,2026-08-13,pluto-19f2,4,upper,manual,50.0,2500000.0,-9.063053172189704,-9.390243613193096,4,0,0
ch4-upper-edge-narrow-pluto-19f2-20260813T171610Z,ch4-upper-edge-narrow-pluto-19f2-20260813T171610Z.json,2026-08-13,pluto-19f2,4,upper,manual,50.0,2500000.0,-8.909325733651253,-9.00685825953911,6,0,0
ch4-upper-edge-narrow-pluto-19f2-20260813T173146Z,ch4-upper-edge-narrow-pluto-19f2-20260813T173146Z.json,2026-08-13,pluto-19f2,4,upper,manual,50.0,2500000.0,-9.001463118109347,-9.27279982814531,0,0,0
ch4-upper-edge-narrow-pluto-19f2-20260813T182617Z,ch4-upper-edge-narrow-pluto-19f2-20260813T182617Z.json,2026-08-13,pluto-19f2,4,upper,manual,50.0,2500000.0,-8.778741416818814,-9.645536479788937,7,0,0
ch4-upper-edge-narrow-pluto-19f2-20260813T203317Z,ch4-upper-edge-narrow-pluto-19f2-20260813T203317Z.json,2026-08-13,pluto-19f2,4,upper,slow_attack,,2500000.0,-12.650693414768735,-12.340869937189927,1,0,0
ch4-upper-edge-narrow-pluto-19f2-20260813T211228Z,ch4-upper-edge-narrow-pluto-19f2-20260813T211228Z.json,2026-08-13,pluto-19f2,4,upper,manual,50.0,2500000.0,-9.148736043591999,-10.203218041824746,5,0,0
ch4-upper-edge-narrow-pluto-19f2-20260813T212017Z,ch4-upper-edge-narrow-pluto-19f2-20260813T212017Z.json,2026-08-13,pluto-19f2,4,upper,slow_attack,,2500000.0,-12.933100367791974,-12.263570278996685,3,0,0
ch4-upper-edge-narrow-pluto-19f2-20260813T212413Z,ch4-upper-edge-narrow-pluto-19f2-20260813T212413Z.json,2026-08-13,pluto-19f2,4,upper,manual,50.0,2500000.0,-8.924173524649479,-10.07695243732141,4,0,0
ch4-upper-edge-narrow-pluto-19f2-20260813T221910Z,ch4-upper-edge-narrow-pluto-19f2-20260813T221910Z.json,2026-08-13,pluto-19f2,4,upper,slow_attack,,2500000.0,-12.697630353886751,-12.297774630590581,3,0,0
ch4-upper-edge-narrow-pluto-5d4d-20260811T053505Z,ch4-upper-edge-narrow-pluto-5d4d-20260811T053505Z.json,2026-08-11,pluto-5d4d,4,upper,manual,50.0,2500000.0,-28.419237819970032,-31.75733631818624,1,1,1
ch4-upper-edge-narrow-pluto-5d4d-20260811T054123Z,ch4-upper-edge-narrow-pluto-5d4d-20260811T054123Z.json,2026-08-11,pluto-5d4d,4,upper,manual,50.0,2500000.0,-28.62365283730628,-31.899038691709332,1,1,1
ch4-upper-edge-narrow-pluto-5d4d-20260811T062706Z,ch4-upper-edge-narrow-pluto-5d4d-20260811T062706Z.json,2026-08-11,pluto-5d4d,4,upper,manual,50.0,2500000.0,-28.874936559363725,-32.0691285467163,1,1,1
ch4-upper-edge-narrow-pluto-5d4d-20260811T065601Z,ch4-upper-edge-narrow-pluto-5d4d-20260811T065601Z.json,2026-08-11,pluto-5d4d,4,upper,manual,50.0,2500000.0,-28.68247244184618,-31.967706186255057,2,2,1
ch4-upper-edge-narrow-pluto-5d4d-20260811T070500Z,ch4-upper-edge-narrow-pluto-5d4d-20260811T070500Z.json,2026-08-11,pluto-5d4d,4,upper,slow_attack,,2500000.0,-12.343414583829684,-12.540962693096738,3,3,2
ch4-upper-edge-narrow-pluto-5d4d-20260811T071600Z,ch4-upper-edge-narrow-pluto-5d4d-20260811T071600Z.json,2026-08-11,pluto-5d4d,4,upper,manual,50.0,2500000.0,-28.730113114654692,-31.971864350928826,1,1,1
ch4-upper-edge-narrow-pluto-5d4d-20260811T075449Z,ch4-upper-edge-narrow-pluto-5d4d-20260811T075449Z.json,2026-08-11,pluto-5d4d,4,upper,manual,50.0,2500000.0,-28.89175391912682,-32.01178020898449,1,1,1
ch4-upper-edge-narrow-pluto-5d4d-20260811T080341Z,ch4-upper-edge-narrow-pluto-5d4d-20260811T080341Z.json,2026-08-11,pluto-5d4d,4,upper,manual,50.0,2500000.0,-28.578494376427965,-31.752289997016938,3,3,3
ch4-upper-edge-narrow-pluto-5d4d-20260811T082758Z,ch4-upper-edge-narrow-pluto-5d4d-20260811T082758Z.json,2026-08-11,pluto-5d4d,4,upper,manual,50.0,2500000.0,-28.877703795934146,-31.903485620729857,1,1,1
ch4-upper-edge-narrow-pluto-5d4d-20260811T085212Z,ch4-upper-edge-narrow-pluto-5d4d-20260811T085212Z.json,2026-08-11,pluto-5d4d,4,upper,manual,50.0,2500000.0,-29.096068655573486,-32.23796591751232,1,1,1
ch4-upper-edge-narrow-pluto-5d4d-20260811T101109Z,ch4-upper-edge-narrow-pluto-5d4d-20260811T101109Z.json,2026-08-11,pluto-5d4d,4,upper,manual,50.0,2500000.0,-28.9568679117307,-32.09418306076163,2,2,2
ch4-upper-edge-narrow-pluto-5d4d-20260811T104138Z,ch4-upper-edge-narrow-pluto-5d4d-20260811T104138Z.json,2026-08-11,pluto-5d4d,4,upper,manual,50.0,2500000.0,-28.894800723473757,-32.07394410492047,3,3,3
ch4-upper-edge-narrow-pluto-5d4d-20260811T110541Z,ch4-upper-edge-narrow-pluto-5d4d-20260811T110541Z.json,2026-08-11,pluto-5d4d,4,upper,manual,50.0,2500000.0,-28.943395289184124,-32.12479474133531,1,1,1
ch4-upper-edge-narrow-pluto-5d4d-20260811T111156Z,ch4-upper-edge-narrow-pluto-5d4d-20260811T111156Z.json,2026-08-11,pluto-5d4d,4,upper,slow_attack,,2500000.0,-12.277108554294387,-12.46711957432478,0,0,0
ch4-upper-edge-narrow-pluto-5d4d-20260811T111640Z,ch4-upper-edge-narrow-pluto-5d4d-20260811T111640Z.json,2026-08-11,pluto-5d4d,4,upper,slow_attack,,2500000.0,-12.382109949316806,-12.49334593255,1,1,1
ch4-upper-edge-narrow-pluto-5d4d-20260811T113155Z,ch4-upper-edge-narrow-pluto-5d4d-20260811T113155Z.json,2026-08-11,pluto-5d4d,4,upper,manual,50.0,2500000.0,-29.14711379630741,-32.27312490213968,0,0,0
ch4-upper-edge-narrow-pluto-5d4d-20260811T114907Z,ch4-upper-edge-narrow-pluto-5d4d-20260811T114907Z.json,2026-08-11,pluto-5d4d,4,upper,slow_attack,,2500000.0,-12.475672761872064,-12.597652766319474,0,0,0
ch4-upper-edge-narrow-pluto-5d4d-20260811T121109Z,ch4-upper-edge-narrow-pluto-5d4d-20260811T121109Z.json,2026-08-11,pluto-5d4d,4,upper,slow_attack,,2500000.0,-12.207548504764937,-12.336313972923653,4,4,4
ch4-upper-edge-narrow-pluto-5d4d-20260811T122623Z,ch4-upper-edge-narrow-pluto-5d4d-20260811T122623Z.json,2026-08-11,pluto-5d4d,4,upper,slow_attack,,2500000.0,-12.308363993287552,-12.463545948526091,2,2,2
ch4-upper-edge-narrow-pluto-5d4d-20260811T123946Z,ch4-upper-edge-narrow-pluto-5d4d-20260811T123946Z.json,2026-08-11,pluto-5d4d,4,upper,manual,50.0,2500000.0,-28.951649214045688,-32.139512894152844,2,2,2
ch4-upper-edge-narrow-pluto-5d4d-20260811T124631Z,ch4-upper-edge-narrow-pluto-5d4d-20260811T124631Z.json,2026-08-11,pluto-5d4d,4,upper,manual,50.0,2500000.0,-28.817881455389944,-31.97791880569698,2,2,2
ch4-upper-edge-narrow-pluto-5d4d-20260811T131655Z,ch4-upper-edge-narrow-pluto-5d4d-20260811T131655Z.json,2026-08-11,pluto-5d4d,4,upper,manual,50.0,2500000.0,-28.880892319149844,-32.055245188597155,2,2,2
ch4-upper-edge-narrow-pluto-5d4d-20260811T133201Z,ch4-upper-edge-narrow-pluto-5d4d-20260811T133201Z.json,2026-08-11,pluto-5d4d,4,upper,manual,50.0,2500000.0,-28.516954375417498,-31.781725125262756,4,4,4
ch4-upper-edge-narrow-pluto-5d4d-20260811T141810Z,ch4-upper-edge-narrow-pluto-5d4d-20260811T141810Z.json,2026-08-11,pluto-5d4d,4,upper,manual,50.0,2500000.0,-29.054838998017324,-32.18319047132039,1,1,1
ch4-upper-edge-narrow-pluto-5d4d-20260811T144137Z,ch4-upper-edge-narrow-pluto-5d4d-20260811T144137Z.json,2026-08-11,pluto-5d4d,4,upper,slow_attack,,2500000.0,-12.14710526986593,-12.282300062734347,2,2,2
ch4-upper-edge-narrow-pluto-5d4d-20260811T144845Z,ch4-upper-edge-narrow-pluto-5d4d-20260811T144845Z.json,2026-08-11,pluto-5d4d,4,upper,slow_attack,,2500000.0,-12.86918787751194,-12.581446566230039,0,0,0
ch4-upper-edge-narrow-pluto-5d4d-20260811T150526Z,ch4-upper-edge-narrow-pluto-5d4d-20260811T150526Z.json,2026-08-11,pluto-5d4d,4,upper,slow_attack,,2500000.0,-13.205575573324914,-12.426062112399002,0,0,0
ch4-upper-edge-narrow-pluto-5d4d-20260811T150733Z,ch4-upper-edge-narrow-pluto-5d4d-20260811T150733Z.json,2026-08-11,pluto-5d4d,4,upper,manual,50.0,2500000.0,-29.135597368538086,-32.20253746923211,0,0,0
ch4-upper-edge-narrow-pluto-5d4d-20260811T150938Z,ch4-upper-edge-narrow-pluto-5d4d-20260811T150938Z.json,2026-08-11,pluto-5d4d,4,upper,slow_attack,,2500000.0,-12.53211344671983,-12.549416469927442,1,1,1
ch4-upper-edge-narrow-pluto-5d4d-20260811T151353Z,ch4-upper-edge-narrow-pluto-5d4d-20260811T151353Z.json,2026-08-11,pluto-5d4d,4,upper,manual,50.0,2500000.0,-28.97383522695747,-31.94296909814827,1,1,1
ch4-upper-edge-narrow-pluto-5d4d-20260811T160657Z,ch4-upper-edge-narrow-pluto-5d4d-20260811T160657Z.json,2026-08-11,pluto-5d4d,4,upper,slow_attack,,2500000.0,-12.495916214107375,-12.484066338301137,3,3,3
ch4-upper-edge-narrow-pluto-5d4d-20260811T161109Z,ch4-upper-edge-narrow-pluto-5d4d-20260811T161109Z.json,2026-08-11,pluto-5d4d,4,upper,slow_attack,,2500000.0,-12.534361982778151,-12.533204219682153,1,1,1
ch4-upper-edge-narrow-pluto-5d4d-20260811T165645Z,ch4-upper-edge-narrow-pluto-5d4d-20260811T165645Z.json,2026-08-11,pluto-5d4d,4,upper,manual,50.0,2500000.0,-29.483668366467786,-32.22168163787606,1,1,1
ch4-upper-edge-narrow-pluto-5d4d-20260811T170300Z,ch4-upper-edge-narrow-pluto-5d4d-20260811T170300Z.json,2026-08-11,pluto-5d4d,4,upper,slow_attack,,2500000.0,-12.906525138894647,-12.60352825160426,1,1,1
ch4-upper-edge-narrow-pluto-5d4d-20260811T171447Z,ch4-upper-edge-narrow-pluto-5d4d-20260811T171447Z.json,2026-08-11,pluto-5d4d,4,upper,slow_attack,,2500000.0,-12.636811779141047,-12.313476209738877,0,0,0
ch4-upper-edge-narrow-pluto-5d4d-20260811T172314Z,ch4-upper-edge-narrow-pluto-5d4d-20260811T172314Z.json,2026-08-11,pluto-5d4d,4,upper,slow_attack,,2500000.0,-12.428956094164654,-12.13344959272072,0,0,0
ch4-upper-edge-narrow-pluto-5d4d-20260811T175410Z,ch4-upper-edge-narrow-pluto-5d4d-20260811T175410Z.json,2026-08-11,pluto-5d4d,4,upper,slow_attack,,2500000.0,-12.498811456401864,-12.148134521552068,0,0,0
ch4-upper-edge-narrow-pluto-5d4d-20260811T175911Z,ch4-upper-edge-narrow-pluto-5d4d-20260811T175911Z.json,2026-08-11,pluto-5d4d,4,upper,manual,50.0,2500000.0,-29.240455730335096,-31.866009471981442,1,1,1
ch4-upper-edge-narrow-pluto-5d4d-20260811T180256Z,ch4-upper-edge-narrow-pluto-5d4d-20260811T180256Z.json,2026-08-11,pluto-5d4d,4,upper,manual,50.0,2500000.0,-29.075865794367957,-31.73512859791832,2,2,2
ch4-upper-edge-narrow-pluto-5d4d-20260811T181543Z,ch4-upper-edge-narrow-pluto-5d4d-20260811T181543Z.json,2026-08-11,pluto-5d4d,4,upper,slow_attack,,2500000.0,-12.423380071709767,-12.996509942170935,1,1,1
ch4-upper-edge-narrow-pluto-5d4d-20260811T181752Z,ch4-upper-edge-narrow-pluto-5d4d-20260811T181752Z.json,2026-08-11,pluto-5d4d,4,upper,manual,50.0,2500000.0,-29.03299043095747,-31.57764327784396,2,2,1
ch4-upper-edge-narrow-pluto-5d4d-20260811T193857Z,ch4-upper-edge-narrow-pluto-5d4d-20260811T193857Z.json,2026-08-11,pluto-5d4d,4,upper,slow_attack,,2500000.0,-12.44545630666436,-12.49027284922753,3,3,3
ch4-upper-edge-narrow-pluto-5d4d-20260811T200628Z,ch4-upper-edge-narrow-pluto-5d4d-20260811T200628Z.json,2026-08-11,pluto-5d4d,4,upper,slow_attack,,2500000.0,-12.450633352413632,-12.615539933208561,2,2,2
ch4-upper-edge-narrow-pluto-5d4d-20260811T205641Z,ch4-upper-edge-narrow-pluto-5d4d-20260811T205641Z.json,2026-08-11,pluto-5d4d,4,upper,manual,50.0,2500000.0,-29.16960881483633,-31.785870349259007,1,1,1
ch4-upper-edge-narrow-pluto-5d4d-20260811T212921Z,ch4-upper-edge-narrow-pluto-5d4d-20260811T212921Z.json,2026-08-11,pluto-5d4d,4,upper,manual,50.0,2500000.0,-29.048202195701922,-31.64987176676259,2,2,2
ch4-upper-edge-narrow-pluto-5d4d-20260811T213329Z,ch4-upper-edge-narrow-pluto-5d4d-20260811T213329Z.json,2026-08-11,pluto-5d4d,4,upper,manual,50.0,2500000.0,-28.846847811384094,-31.486168418531847,4,4,4
ch4-upper-edge-narrow-pluto-5d4d-20260811T214432Z,ch4-upper-edge-narrow-pluto-5d4d-20260811T214432Z.json,2026-08-11,pluto-5d4d,4,upper,slow_attack,,2500000.0,-12.968187671182584,-12.669409614630219,0,0,0
ch4-upper-edge-narrow-pluto-5d4d-20260811T214842Z,ch4-upper-edge-narrow-pluto-5d4d-20260811T214842Z.json,2026-08-11,pluto-5d4d,4,upper,manual,50.0,2500000.0,-28.85472603509658,-31.64830579034937,1,1,1
ch4-upper-edge-narrow-pluto-5d4d-20260811T222340Z,ch4-upper-edge-narrow-pluto-5d4d-20260811T222340Z.json,2026-08-11,pluto-5d4d,4,upper,slow_attack,,2500000.0,-12.675558741310155,-12.613828259787097,4,4,4
ch4-upper-edge-narrow-pluto-5d4d-20260811T224254Z,ch4-upper-edge-narrow-pluto-5d4d-20260811T224254Z.json,2026-08-11,pluto-5d4d,4,upper,manual,50.0,2500000.0,-28.21800589681487,-31.163678411276486,3,3,2
ch4-upper-edge-narrow-pluto-5d4d-20260811T225835Z,ch4-upper-edge-narrow-pluto-5d4d-20260811T225835Z.json,2026-08-11,pluto-5d4d,4,upper,manual,50.0,2500000.0,-28.480232725742987,-31.421428653379714,1,1,1
ch4-upper-edge-narrow-pluto-5d4d-20260811T232957Z,ch4-upper-edge-narrow-pluto-5d4d-20260811T232957Z.json,2026-08-11,pluto-5d4d,4,upper,manual,50.0,2500000.0,-28.675221557353503,-31.584809077335287,0,0,0
ch4-upper-edge-narrow-pluto-5d4d-20260811T233829Z,ch4-upper-edge-narrow-pluto-5d4d-20260811T233829Z.json,2026-08-11,pluto-5d4d,4,upper,manual,50.0,2500000.0,-28.321691935031374,-31.31344365475281,1,1,1
ch4-upper-edge-narrow-pluto-5d4d-20260812T002725Z,ch4-upper-edge-narrow-pluto-5d4d-20260812T002725Z.json,2026-08-12,pluto-5d4d,4,upper,manual,50.0,2500000.0,-28.433921448170114,-31.47027630313883,1,0,0
ch4-upper-edge-narrow-pluto-5d4d-20260812T003132Z,ch4-upper-edge-narrow-pluto-5d4d-20260812T003132Z.json,2026-08-12,pluto-5d4d,4,upper,slow_attack,,2500000.0,-12.4953724602124,-12.589436670531173,1,0,0
ch4-upper-edge-narrow-pluto-5d4d-20260812T003542Z,ch4-upper-edge-narrow-pluto-5d4d-20260812T003542Z.json,2026-08-12,pluto-5d4d,4,upper,manual,50.0,2500000.0,-27.770519718184218,-30.98150914373058,2,2,2
ch4-upper-edge-narrow-pluto-5d4d-20260812T004633Z,ch4-upper-edge-narrow-pluto-5d4d-20260812T004633Z.json,2026-08-12,pluto-5d4d,4,upper,manual,50.0,2500000.0,-28.32551403773454,-31.438062112189034,1,1,1
ch4-upper-edge-narrow-pluto-5d4d-20260812T005451Z,ch4-upper-edge-narrow-pluto-5d4d-20260812T005451Z.json,2026-08-12,pluto-5d4d,4,upper,slow_attack,,2500000.0,-12.474681389871842,-12.441770641692319,4,4,4
ch4-upper-edge-narrow-pluto-5d4d-20260812T011648Z,ch4-upper-edge-narrow-pluto-5d4d-20260812T011648Z.json,2026-08-12,pluto-5d4d,4,upper,slow_attack,,2500000.0,-12.341818934076462,-12.46651615448146,1,0,0
ch4-upper-edge-narrow-pluto-5d4d-20260812T012301Z,ch4-upper-edge-narrow-pluto-5d4d-20260812T012301Z.json,2026-08-12,pluto-5d4d,4,upper,manual,50.0,2500000.0,-28.143449181273482,-31.2083534875033,2,2,2
ch4-upper-edge-narrow-pluto-5d4d-20260812T024205Z,ch4-upper-edge-narrow-pluto-5d4d-20260812T024205Z.json,2026-08-12,pluto-5d4d,4,upper,slow_attack,,2500000.0,-12.238929875191895,-12.464833182956562,0,0,0
ch4-upper-edge-narrow-pluto-5d4d-20260812T025703Z,ch4-upper-edge-narrow-pluto-5d4d-20260812T025703Z.json,2026-08-12,pluto-5d4d,4,upper,slow_attack,,2500000.0,-12.177624164488394,-12.218350253255224,3,3,3
ch4-upper-edge-narrow-pluto-5d4d-20260812T031421Z,ch4-upper-edge-narrow-pluto-5d4d-20260812T031421Z.json,2026-08-12,pluto-5d4d,4,upper,manual,50.0,2500000.0,-27.696651990304076,-30.97009723686769,2,2,2
ch4-upper-edge-narrow-pluto-5d4d-20260812T031625Z,ch4-upper-edge-narrow-pluto-5d4d-20260812T031625Z.json,2026-08-12,pluto-5d4d,4,upper,slow_attack,,2500000.0,-12.722152626515577,-12.557682159516492,1,1,1
ch4-upper-edge-narrow-pluto-5d4d-20260812T032720Z,ch4-upper-edge-narrow-pluto-5d4d-20260812T032720Z.json,2026-08-12,pluto-5d4d,4,upper,slow_attack,,2500000.0,-12.173349305275833,-12.387942774742111,0,0,0
ch4-upper-edge-narrow-pluto-5d4d-20260812T033131Z,ch4-upper-edge-narrow-pluto-5d4d-20260812T033131Z.json,2026-08-12,pluto-5d4d,4,upper,manual,50.0,2500000.0,-28.003139133014194,-31.254966776289645,0,0,0
ch4-upper-edge-narrow-pluto-5d4d-20260812T033334Z,ch4-upper-edge-narrow-pluto-5d4d-20260812T033334Z.json,2026-08-12,pluto-5d4d,4,upper,manual,50.0,2500000.0,-27.97259345392328,-31.203559620944542,1,1,1
ch4-upper-edge-narrow-pluto-5d4d-20260812T033741Z,ch4-upper-edge-narrow-pluto-5d4d-20260812T033741Z.json,2026-08-12,pluto-5d4d,4,upper,manual,50.0,2500000.0,-28.198898074027014,-31.40335708737051,0,0,0
ch4-upper-edge-narrow-pluto-5d4d-20260812T034707Z,ch4-upper-edge-narrow-pluto-5d4d-20260812T034707Z.json,2026-08-12,pluto-5d4d,4,upper,manual,50.0,2500000.0,-27.784358134707663,-31.041961215288513,2,2,2
ch4-upper-edge-narrow-pluto-5d4d-20260812T035319Z,ch4-upper-edge-narrow-pluto-5d4d-20260812T035319Z.json,2026-08-12,pluto-5d4d,4,upper,manual,50.0,2500000.0,-28.043071771745723,-31.27236585046085,0,0,0
ch4-upper-edge-narrow-pluto-5d4d-20260812T035934Z,ch4-upper-edge-narrow-pluto-5d4d-20260812T035934Z.json,2026-08-12,pluto-5d4d,4,upper,manual,50.0,2500000.0,-27.803365113671013,-31.022707634115342,1,1,1
ch4-upper-edge-narrow-pluto-5d4d-20260812T040616Z,ch4-upper-edge-narrow-pluto-5d4d-20260812T040616Z.json,2026-08-12,pluto-5d4d,4,upper,manual,50.0,2500000.0,-27.73856618393956,-31.05682193072772,1,1,1
ch4-upper-edge-narrow-pluto-5d4d-20260812T041306Z,ch4-upper-edge-narrow-pluto-5d4d-20260812T041306Z.json,2026-08-12,pluto-5d4d,4,upper,manual,50.0,2500000.0,-27.692555756837343,-30.997264535452583,2,2,1
ch4-upper-edge-narrow-pluto-5d4d-20260812T043015Z,ch4-upper-edge-narrow-pluto-5d4d-20260812T043015Z.json,2026-08-12,pluto-5d4d,4,upper,manual,50.0,2500000.0,-27.805525881979655,-31.030555026396595,2,0,0
ch4-upper-edge-narrow-pluto-5d4d-20260812T045418Z,ch4-upper-edge-narrow-pluto-5d4d-20260812T045418Z.json,2026-08-12,pluto-5d4d,4,upper,manual,50.0,2500000.0,-28.018052151663888,-31.25075014631323,1,1,1
ch4-upper-edge-narrow-pluto-5d4d-20260812T052103Z,ch4-upper-edge-narrow-pluto-5d4d-20260812T052103Z.json,2026-08-12,pluto-5d4d,4,upper,slow_attack,,2500000.0,-12.417300836148247,-12.381208286138122,3,3,3
ch4-upper-edge-narrow-pluto-5d4d-20260812T052450Z,ch4-upper-edge-narrow-pluto-5d4d-20260812T052450Z.json,2026-08-12,pluto-5d4d,4,upper,manual,50.0,2500000.0,-27.89192306753907,-31.170211840999656,1,1,1
ch4-upper-edge-narrow-pluto-5d4d-20260812T052835Z,ch4-upper-edge-narrow-pluto-5d4d-20260812T052835Z.json,2026-08-12,pluto-5d4d,4,upper,manual,50.0,2500000.0,-27.738591970261165,-31.033760974732083,1,1,1
ch4-upper-edge-narrow-pluto-5d4d-20260812T055020Z,ch4-upper-edge-narrow-pluto-5d4d-20260812T055020Z.json,2026-08-12,pluto-5d4d,4,upper,slow_attack,,2500000.0,-12.353953315151502,-12.71184184493591,1,1,1
ch4-upper-edge-narrow-pluto-5d4d-20260812T061735Z,ch4-upper-edge-narrow-pluto-5d4d-20260812T061735Z.json,2026-08-12,pluto-5d4d,4,upper,slow_attack,,2500000.0,-12.601034639726475,-12.386325613417068,3,3,2
ch4-upper-edge-narrow-pluto-5d4d-20260812T062123Z,ch4-upper-edge-narrow-pluto-5d4d-20260812T062123Z.json,2026-08-12,pluto-5d4d,4,upper,slow_attack,,2500000.0,-12.786785556162615,-13.053136432722102,1,1,1
ch4-upper-edge-narrow-pluto-5d4d-20260812T071937Z,ch4-upper-edge-narrow-pluto-5d4d-20260812T071937Z.json,2026-08-12,pluto-5d4d,4,upper,manual,50.0,2500000.0,-28.618238127297335,-31.859537068905833,4,4,3
ch4-upper-edge-narrow-pluto-5d4d-20260812T075127Z,ch4-upper-edge-narrow-pluto-5d4d-20260812T075127Z.json,2026-08-12,pluto-5d4d,4,upper,slow_attack,,2500000.0,-12.299155504134314,-12.397954726141894,2,2,2
ch4-upper-edge-narrow-pluto-5d4d-20260812T104751Z,ch4-upper-edge-narrow-pluto-5d4d-20260812T104751Z.json,2026-08-12,pluto-5d4d,4,upper,slow_attack,,2500000.0,-12.54823719751101,-12.503024538114428,3,3,2
ch4-upper-edge-narrow-pluto-5d4d-20260812T111510Z,ch4-upper-edge-narrow-pluto-5d4d-20260812T111510Z.json,2026-08-12,pluto-5d4d,4,upper,manual,50.0,2500000.0,-28.777634082750197,-31.95268847820209,1,1,1
ch4-upper-edge-narrow-pluto-5d4d-20260812T112631Z,ch4-upper-edge-narrow-pluto-5d4d-20260812T112631Z.json,2026-08-12,pluto-5d4d,4,upper,manual,50.0,2500000.0,-28.843953394106695,-32.02762028058073,2,2,2
ch4-upper-edge-narrow-pluto-5d4d-20260812T125337Z,ch4-upper-edge-narrow-pluto-5d4d-20260812T125337Z.json,2026-08-12,pluto-5d4d,4,upper,slow_attack,,2500000.0,-12.72505184709274,-12.488908819087827,3,3,3
ch4-upper-edge-narrow-pluto-5d4d-20260812T131237Z,ch4-upper-edge-narrow-pluto-5d4d-20260812T131237Z.json,2026-08-12,pluto-5d4d,4,upper,manual,50.0,2500000.0,-28.594798809838423,-31.72966133251064,3,3,2
ch4-upper-edge-narrow-pluto-5d4d-20260812T132920Z,ch4-upper-edge-narrow-pluto-5d4d-20260812T132920Z.json,2026-08-12,pluto-5d4d,4,upper,manual,50.0,2500000.0,-28.6012097241869,-31.76769528838777,2,2,2
ch4-upper-edge-narrow-pluto-5d4d-20260812T134039Z,ch4-upper-edge-narrow-pluto-5d4d-20260812T134039Z.json,2026-08-12,pluto-5d4d,4,upper,slow_attack,,2500000.0,-12.985314904057411,-12.415560734735863,1,1,1
ch4-upper-edge-narrow-pluto-5d4d-20260812T144254Z,ch4-upper-edge-narrow-pluto-5d4d-20260812T144254Z.json,2026-08-12,pluto-5d4d,4,upper,slow_attack,,2500000.0,-12.26553761956756,-12.34673281261103,4,4,4
ch4-upper-edge-narrow-pluto-5d4d-20260812T144726Z,ch4-upper-edge-narrow-pluto-5d4d-20260812T144726Z.json,2026-08-12,pluto-5d4d,4,upper,slow_attack,,2500000.0,-12.387835414856848,-12.340370387086455,5,5,4
ch4-upper-edge-narrow-pluto-5d4d-20260812T163753Z,ch4-upper-edge-narrow-pluto-5d4d-20260812T163753Z.json,2026-08-12,pluto-5d4d,4,upper,slow_attack,,2500000.0,-12.384479220419937,-12.872840909660015,4,4,3
ch4-upper-edge-narrow-pluto-5d4d-20260812T172518Z,ch4-upper-edge-narrow-pluto-5d4d-20260812T172518Z.json,2026-08-12,pluto-5d4d,4,upper,slow_attack,,2500000.0,-12.330963185179689,-12.532427782268996,6,0,0
ch4-upper-edge-narrow-pluto-5d4d-20260812T180125Z,ch4-upper-edge-narrow-pluto-5d4d-20260812T180125Z.json,2026-08-12,pluto-5d4d,4,upper,manual,50.0,2500000.0,-30.06551628457405,-32.23007668459789,1,1,1
ch4-upper-edge-narrow-pluto-5d4d-20260812T190511Z,ch4-upper-edge-narrow-pluto-5d4d-20260812T190511Z.json,2026-08-12,pluto-5d4d,4,upper,manual,50.0,2500000.0,-29.618850206669105,-31.9950915290346,1,1,1
ch4-upper-edge-narrow-pluto-5d4d-20260812T193652Z,ch4-upper-edge-narrow-pluto-5d4d-20260812T193652Z.json,2026-08-12,pluto-5d4d,4,upper,manual,50.0,2500000.0,-29.568343094635622,-31.937882044291257,2,2,2
ch4-upper-edge-narrow-pluto-5d4d-20260812T194927Z,ch4-upper-edge-narrow-pluto-5d4d-20260812T194927Z.json,2026-08-12,pluto-5d4d,4,upper,manual,50.0,2500000.0,-29.1987206156181,-31.74635424766608,2,2,2
ch4-upper-edge-narrow-pluto-5d4d-20260812T195713Z,ch4-upper-edge-narrow-pluto-5d4d-20260812T195713Z.json,2026-08-12,pluto-5d4d,4,upper,slow_attack,,2500000.0,-12.42923724851844,-12.785000847264318,2,2,2
ch4-upper-edge-narrow-pluto-5d4d-20260812T200108Z,ch4-upper-edge-narrow-pluto-5d4d-20260812T200108Z.json,2026-08-12,pluto-5d4d,4,upper,manual,50.0,2500000.0,-29.19058621728479,-31.688933391641775,2,2,1
ch4-upper-edge-narrow-pluto-5d4d-20260812T200544Z,ch4-upper-edge-narrow-pluto-5d4d-20260812T200544Z.json,2026-08-12,pluto-5d4d,4,upper,manual,50.0,2500000.0,-29.087891034597067,-31.67852550886332,4,4,3
ch4-upper-edge-narrow-pluto-5d4d-20260812T202844Z,ch4-upper-edge-narrow-pluto-5d4d-20260812T202844Z.json,2026-08-12,pluto-5d4d,4,upper,slow_attack,,2500000.0,-12.531225117664125,-12.310191130643101,1,1,1
ch4-upper-edge-narrow-pluto-5d4d-20260812T203234Z,ch4-upper-edge-narrow-pluto-5d4d-20260812T203234Z.json,2026-08-12,pluto-5d4d,4,upper,manual,50.0,2500000.0,-29.031989595646827,-31.577020591212435,2,2,1
ch4-upper-edge-narrow-pluto-5d4d-20260812T211652Z,ch4-upper-edge-narrow-pluto-5d4d-20260812T211652Z.json,2026-08-12,pluto-5d4d,4,upper,manual,50.0,2500000.0,-29.06734524808673,-31.604037118450734,2,2,2
ch4-upper-edge-narrow-pluto-5d4d-20260812T213306Z,ch4-upper-edge-narrow-pluto-5d4d-20260812T213306Z.json,2026-08-12,pluto-5d4d,4,upper,manual,50.0,2500000.0,-28.98242067026775,-31.52055199064351,2,2,2
ch4-upper-edge-narrow-pluto-5d4d-20260812T222851Z,ch4-upper-edge-narrow-pluto-5d4d-20260812T222851Z.json,2026-08-12,pluto-5d4d,4,upper,manual,50.0,2500000.0,-29.166340026771937,-31.73594083809295,2,2,2
ch4-upper-edge-narrow-pluto-5d4d-20260812T223630Z,ch4-upper-edge-narrow-pluto-5d4d-20260812T223630Z.json,2026-08-12,pluto-5d4d,4,upper,manual,50.0,2500000.0,-28.91779233825097,-31.539539052265333,5,5,4
ch4-upper-edge-narrow-pluto-5d4d-20260812T224538Z,ch4-upper-edge-narrow-pluto-5d4d-20260812T224538Z.json,2026-08-12,pluto-5d4d,4,upper,slow_attack,,2500000.0,-12.348777320227338,-12.6702815165097,2,2,1
ch4-upper-edge-narrow-pluto-5d4d-20260813T010435Z,ch4-upper-edge-narrow-pluto-5d4d-20260813T010435Z.json,2026-08-13,pluto-5d4d,4,upper,slow_attack,,2500000.0,-12.551106499588263,-12.453109150167654,2,2,2
ch4-upper-edge-narrow-pluto-5d4d-20260813T012731Z,ch4-upper-edge-narrow-pluto-5d4d-20260813T012731Z.json,2026-08-13,pluto-5d4d,4,upper,manual,50.0,2500000.0,-28.434029006410846,-31.40337692012652,1,1,1
ch4-upper-edge-narrow-pluto-5d4d-20260813T013859Z,ch4-upper-edge-narrow-pluto-5d4d-20260813T013859Z.json,2026-08-13,pluto-5d4d,4,upper,manual,50.0,2500000.0,-28.424757897606057,-31.43597010973636,1,1,1
ch4-upper-edge-narrow-pluto-5d4d-20260813T015555Z,ch4-upper-edge-narrow-pluto-5d4d-20260813T015555Z.json,2026-08-13,pluto-5d4d,4,upper,manual,50.0,2500000.0,-28.3506804050754,-31.358767466979216,3,3,2
ch4-upper-edge-narrow-pluto-5d4d-20260813T021602Z,ch4-upper-edge-narrow-pluto-5d4d-20260813T021602Z.json,2026-08-13,pluto-5d4d,4,upper,manual,50.0,2500000.0,-28.243452834304563,-31.321597615385038,1,1,1
ch4-upper-edge-narrow-pluto-5d4d-20260813T023618Z,ch4-upper-edge-narrow-pluto-5d4d-20260813T023618Z.json,2026-08-13,pluto-5d4d,4,upper,manual,50.0,2500000.0,-28.091528269270277,-31.166230034851115,3,3,2
ch4-upper-edge-narrow-pluto-5d4d-20260813T032540Z,ch4-upper-edge-narrow-pluto-5d4d-20260813T032540Z.json,2026-08-13,pluto-5d4d,4,upper,slow_attack,,2500000.0,-12.470168416853474,-12.437046687277856,1,1,1
ch4-upper-edge-narrow-pluto-5d4d-20260813T032938Z,ch4-upper-edge-narrow-pluto-5d4d-20260813T032938Z.json,2026-08-13,pluto-5d4d,4,upper,manual,50.0,2500000.0,-28.102799187315604,-31.18732371256346,3,3,1
ch4-upper-edge-narrow-pluto-5d4d-20260813T040229Z,ch4-upper-edge-narrow-pluto-5d4d-20260813T040229Z.json,2026-08-13,pluto-5d4d,4,upper,slow_attack,,2500000.0,-12.281062740169054,-12.385179776253935,2,2,2
ch4-upper-edge-narrow-pluto-5d4d-20260813T040624Z,ch4-upper-edge-narrow-pluto-5d4d-20260813T040624Z.json,2026-08-13,pluto-5d4d,4,upper,slow_attack,,2500000.0,-12.322422552076087,-12.380511268560525,4,4,2
ch4-upper-edge-narrow-pluto-5d4d-20260813T044747Z,ch4-upper-edge-narrow-pluto-5d4d-20260813T044747Z.json,2026-08-13,pluto-5d4d,4,upper,manual,50.0,2500000.0,-32.761528000346175,-30.95449091876827,1,1,0
ch4-upper-edge-narrow-pluto-5d4d-20260813T050030Z,ch4-upper-edge-narrow-pluto-5d4d-20260813T050030Z.json,2026-08-13,pluto-5d4d,4,upper,slow_attack,,2500000.0,-36.33935438009583,-12.457016631977233,0,0,0
ch4-upper-edge-narrow-pluto-5d4d-20260813T053643Z,ch4-upper-edge-narrow-pluto-5d4d-20260813T053643Z.json,2026-08-13,pluto-5d4d,4,upper,slow_attack,,2500000.0,-36.3349176566738,-12.356206374601593,3,0,0
ch4-upper-edge-narrow-pluto-5d4d-20260813T055308Z,ch4-upper-edge-narrow-pluto-5d4d-20260813T055308Z.json,2026-08-13,pluto-5d4d,4,upper,slow_attack,,2500000.0,-36.36363652271338,-12.542246789117348,1,0,0
ch4-upper-edge-narrow-pluto-5d4d-20260813T070605Z,ch4-upper-edge-narrow-pluto-5d4d-20260813T070605Z.json,2026-08-13,pluto-5d4d,4,upper,manual,50.0,2500000.0,-55.85480866564832,-31.24625352404832,2,0,0
ch4-upper-edge-narrow-pluto-5d4d-20260813T072540Z,ch4-upper-edge-narrow-pluto-5d4d-20260813T072540Z.json,2026-08-13,pluto-5d4d,4,upper,manual,50.0,2500000.0,-55.849725510702925,-31.432149073885398,0,0,0
ch4-upper-edge-narrow-pluto-5d4d-20260813T074649Z,ch4-upper-edge-narrow-pluto-5d4d-20260813T074649Z.json,2026-08-13,pluto-5d4d,4,upper,slow_attack,,2500000.0,-36.34664487705204,-12.558269734070297,5,0,0
ch4-upper-edge-narrow-pluto-5d4d-20260813T084424Z,ch4-upper-edge-narrow-pluto-5d4d-20260813T084424Z.json,2026-08-13,pluto-5d4d,4,upper,slow_attack,,2500000.0,-36.35672654227649,-12.34553562856801,4,0,0
ch4-upper-edge-narrow-pluto-5d4d-20260813T090836Z,ch4-upper-edge-narrow-pluto-5d4d-20260813T090836Z.json,2026-08-13,pluto-5d4d,4,upper,slow_attack,,2500000.0,-36.300781204335905,-12.464526293529683,0,0,0
ch4-upper-edge-narrow-pluto-5d4d-20260813T093606Z,ch4-upper-edge-narrow-pluto-5d4d-20260813T093606Z.json,2026-08-13,pluto-5d4d,4,upper,slow_attack,,2500000.0,-36.292777032559215,-12.435024902031085,1,0,0
ch4-upper-edge-narrow-pluto-5d4d-20260813T094135Z,ch4-upper-edge-narrow-pluto-5d4d-20260813T094135Z.json,2026-08-13,pluto-5d4d,4,upper,manual,50.0,2500000.0,-55.872485556812926,-31.445040600946644,0,0,0
ch4-upper-edge-narrow-pluto-5d4d-20260813T113824Z,ch4-upper-edge-narrow-pluto-5d4d-20260813T113824Z.json,2026-08-13,pluto-5d4d,4,upper,slow_attack,,2500000.0,-36.427977943042194,-12.35826760608184,6,0,0
ch4-upper-edge-narrow-pluto-5d4d-20260813T121131Z,ch4-upper-edge-narrow-pluto-5d4d-20260813T121131Z.json,2026-08-13,pluto-5d4d,4,upper,slow_attack,,2500000.0,-36.34216187716345,-12.418396908070171,1,0,0
ch4-upper-edge-narrow-pluto-5d4d-20260813T122803Z,ch4-upper-edge-narrow-pluto-5d4d-20260813T122803Z.json,2026-08-13,pluto-5d4d,4,upper,manual,50.0,2500000.0,-55.837463907352046,-31.27177348654467,1,0,0
ch4-upper-edge-narrow-pluto-5d4d-20260813T130152Z,ch4-upper-edge-narrow-pluto-5d4d-20260813T130152Z.json,2026-08-13,pluto-5d4d,4,upper,slow_attack,,2500000.0,-36.23885943996401,-12.409450044650153,2,0,0
ch4-upper-edge-narrow-pluto-5d4d-20260813T131810Z,ch4-upper-edge-narrow-pluto-5d4d-20260813T131810Z.json,2026-08-13,pluto-5d4d,4,upper,slow_attack,,2500000.0,-36.209667674108445,-12.39123580410922,2,0,0
ch4-upper-edge-narrow-pluto-5d4d-20260813T140625Z,ch4-upper-edge-narrow-pluto-5d4d-20260813T140625Z.json,2026-08-13,pluto-5d4d,4,upper,manual,50.0,2500000.0,-55.81321789610427,-31.132890249240965,2,0,0
ch4-upper-edge-narrow-pluto-5d4d-20260813T142153Z,ch4-upper-edge-narrow-pluto-5d4d-20260813T142153Z.json,2026-08-13,pluto-5d4d,4,upper,manual,50.0,2500000.0,-55.82400614992844,-30.987960462488978,3,0,0
ch4-upper-edge-narrow-pluto-5d4d-20260813T145457Z,ch4-upper-edge-narrow-pluto-5d4d-20260813T145457Z.json,2026-08-13,pluto-5d4d,4,upper,manual,50.0,2500000.0,-55.83670364186683,-30.96240991483683,2,0,0
ch4-upper-edge-narrow-pluto-5d4d-20260813T153505Z,ch4-upper-edge-narrow-pluto-5d4d-20260813T153505Z.json,2026-08-13,pluto-5d4d,4,upper,manual,50.0,2500000.0,-55.843025258036164,-31.16072737287996,2,0,0
ch4-upper-edge-narrow-pluto-5d4d-20260813T161608Z,ch4-upper-edge-narrow-pluto-5d4d-20260813T161608Z.json,2026-08-13,pluto-5d4d,4,upper,slow_attack,,2500000.0,-36.36034750332669,-12.602124211012178,3,0,0
ch4-upper-edge-narrow-pluto-5d4d-20260813T162415Z,ch4-upper-edge-narrow-pluto-5d4d-20260813T162415Z.json,2026-08-13,pluto-5d4d,4,upper,slow_attack,,2500000.0,-36.35976282841136,-12.435724813176607,2,0,0
ch4-upper-edge-narrow-pluto-5d4d-20260813T173358Z,ch4-upper-edge-narrow-pluto-5d4d-20260813T173358Z.json,2026-08-13,pluto-5d4d,4,upper,slow_attack,,2500000.0,-36.47686057805206,-12.382406966021001,3,0,0
ch4-upper-edge-narrow-pluto-5d4d-20260813T175100Z,ch4-upper-edge-narrow-pluto-5d4d-20260813T175100Z.json,2026-08-13,pluto-5d4d,4,upper,slow_attack,,2500000.0,-36.48677887946921,-12.63342632159044,0,0,0
ch4-upper-edge-narrow-pluto-5d4d-20260813T175453Z,ch4-upper-edge-narrow-pluto-5d4d-20260813T175453Z.json,2026-08-13,pluto-5d4d,4,upper,manual,50.0,2500000.0,-55.90941307567597,-31.283192205182466,4,0,0
ch4-upper-edge-narrow-pluto-5d4d-20260813T181019Z,ch4-upper-edge-narrow-pluto-5d4d-20260813T181019Z.json,2026-08-13,pluto-5d4d,4,upper,slow_attack,,2500000.0,-36.49345052573044,-12.748557577409706,1,0,0
ch4-upper-edge-narrow-pluto-5d4d-20260813T185902Z,ch4-upper-edge-narrow-pluto-5d4d-20260813T185902Z.json,2026-08-13,pluto-5d4d,4,upper,manual,50.0,2500000.0,-30.88269185709983,-32.006277568378316,3,0,0
ch4-upper-edge-narrow-pluto-5d4d-20260813T221353Z,ch4-upper-edge-narrow-pluto-5d4d-20260813T221353Z.json,2026-08-13,pluto-5d4d,4,upper,manual,50.0,2500000.0,-30.593338488982976,-31.87210821827759,2,0,0
ch4-upper-edge-narrow-pluto-5d4d-20260813T222235Z,ch4-upper-edge-narrow-pluto-5d4d-20260813T222235Z.json,2026-08-13,pluto-5d4d,4,upper,manual,50.0,2500000.0,-30.476825782463138,-31.746132500324556,4,0,0
